architecture,family,design,coupling,N,p,g,se_A,se_B,sp_A,sp_B,R,valid_R,undefined_R,mean_A,mean_B,delta,bias,true_change,delta_sd,delta_mcse,mean_RC,ratio_of_means_RC,RC_q025,RC_q975,delta_q025,delta_q975,improve_5,improve_5_mcse,improve_5_lo,improve_5_hi,deteriorate_5,deteriorate_5_mcse,deteriorate_5_lo,deteriorate_5_hi,improve_10,improve_10_mcse,improve_10_lo,improve_10_hi,deteriorate_10,deteriorate_10_mcse,deteriorate_10_lo,deteriorate_10_hi,direction_reversal,direction_reversal_mcse,direction_reversal_lo,direction_reversal_hi,masked,masked_mcse,masked_lo,masked_hi,mean_naive_CI_width,naive_CI_excludes_zero,naive_CI_excludes_zero_mcse,naive_CI_excludes_zero_lo,naive_CI_excludes_zero_hi,expected_A,expected_B,expected_delta,expected_RC,analytic_z_delta,e,q,n_A,n_B,d_A,d_B,f_A,f_B
A,sample_size,paired,shared,500,0.05,0,0.8,0.6,1,1,10000,10000,0,0.0399452,0.0299716,-0.0099736,-0.0099736,-0,0.00437305561382,4.37305561382e-05,-0.249854041448,-0.249682064428,-0.45,-0.0666666666667,-0.02,-0.002,0.9888,0.00105235735375,0.986541590683,0.99068301251,0,0,0,0.000383998370677,0.9501,0.00217738352157,0.945656889301,0.954197435366,0,0,0,0.000383998370677,0,0,0,0.000383998370677,0.0061,0.000778639197575,0.00475210315987,0.00782721043068,0.016943415836,0.7417,0.0043769979438,0.733029574392,0.750184800795,0.04,0.03,-0.01,-0.25,0.603696873111,,,,,,,,
A,sample_size,paired,shared,500,0.05,0,0.8,0.625,1,1,10000,10000,0,0.039984,0.0312186,-0.0087654,-0.0087654,-0,0.00418572751998,4.18572751998e-05,-0.218924581438,-0.219222689076,-0.421052631579,-0.0526315789474,-0.018,-0.002,0.9782,0.00146029996918,0.975148900559,0.980883843399,0,0,0,0.000383998370677,0.9072,0.00290151960186,0.901355704252,0.912731567475,0,0,0,0.000383998370677,0,0,0,0.000383998370677,0.0116,0.00107076794872,0.00968091637647,0.013894173232,0.0157871329135,0.6385,0.00480434959178,0.629032121943,0.647861510508,0.04,0.03125,-0.00875,-0.21875,-0.367916925469,,,,,,,,
A,sample_size,paired,shared,500,0.05,0,0.8,0.65,1,1,10000,10000,0,0.039968,0.0324546,-0.0075134,-0.0075134,-0,0.00387302471875,3.87302471875e-05,-0.187782276966,-0.187985388311,-0.380952380952,-0.0384615384615,-0.016,-0.002,0.9584,0.00199673333222,0.954307243761,0.962140706533,0,0,0,0.000383998370677,0.8419,0.00364834743411,0.834618249035,0.848919172879,0,0,0,0.000383998370677,0,0,0,0.000383998370677,0.0233,0.00150854598869,0.0205212618206,0.026444842226,0.0145003044324,0.5211,0.00499554591611,0.511302684264,0.530881111004,0.04,0.0325,-0.0075,-0.1875,-0.345982816353,,,,,,,,
A,sample_size,paired,shared,500,0.05,0,0.8,0.675,1,1,10000,10000,0,0.0399786,0.0337084,-0.0062702,-0.0062702,-0,0.00352031692084,3.52031692084e-05,-0.156680205631,-0.156838908816,-0.333333333333,0,-0.014,0,0.922,0.00268171586862,0.916580397537,0.927095507838,0,0,0,0.000383998370677,0.7522,0.00431735057645,0.743642374525,0.760563936696,0,0,0,0.000383998370677,0,0,0,0.000383998370677,0.0446,0.00206423932721,0.0407260367722,0.0488237089438,0.0130862246774,0.3813,0.00485705991316,0.371827636908,0.390863524306,0.04,0.03375,-0.00625,-0.15625,-0.573811973588,,,,,,,,
A,sample_size,paired,shared,500,0.05,0,0.8,0.7,1,1,10000,10000,0,0.0399518,0.0349522,-0.0049996,-0.0049996,-0,0.00312617612071,3.12617612071e-05,-0.125153051513,-0.125140794658,-0.285714285714,0,-0.012,0,0.8582,0.003488448939,0.85122514668,0.864899756887,0,0,0,0.000383998370677,0.6119,0.00487317545344,0.602307519537,0.621406541627,0,0,0,0.000383998370677,0,0,0,0.000383998370677,0.079,0.00269738762509,0.0738734242424,0.0844499023857,0.0114568631772,0.2417,0.00428113431231,0.233409342583,0.250189030975,0.04,0.035,-0.005,-0.125,0.0127951844223,,,,,,,,
A,sample_size,paired,shared,500,0.05,0,0.8,0.725,1,1,10000,10000,0,0.0399738,0.036199,-0.0037748,-0.0037748,-0,0.00274700556315,2.74700556315e-05,-0.0943834502668,-0.0944318528636,-0.241379310345,0,-0.01,0,0.7427,0.0043714609686,0.734040035777,0.751173571414,0,0,0,0.000383998370677,0.4435,0.00496797493955,0.43378648946,0.453256902356,0,0,0,0.000383998370677,0,0,0,0.000383998370677,0.1558,0.00362665631126,0.148824192397,0.163040152082,0.00954245215735,0.1219,0.00327170276767,0.115632357693,0.128458021875,0.04,0.03625,-0.00375,-0.09375,-0.902801229554,,,,,,,,
A,sample_size,paired,shared,500,0.05,0,0.8,0.75,1,1,10000,10000,0,0.0399846,0.0374656,-0.002519,-0.002519,-0,0.00223148761003,2.23148761003e-05,-0.0630884868404,-0.0629992547131,-0.190476190476,0,-0.008,0,0.5696,0.00495132143978,0.559870688624,0.579275858803,0,0,0,0.000383998370677,0.2455,0.00430383259433,0.237163424242,0.254032030928,0,0,0,0.000383998370677,0,0,0,0.000383998370677,0.2798,0.00448900835375,0.271087544784,0.288681568099,0.0072301439154,0.039,0.0019359493795,0.0353792328169,0.0429748136809,0.04,0.0375,-0.0025,-0.0625,-0.851449943734,,,,,,,,
A,sample_size,paired,shared,500,0.05,0,0.8,0.775,1,1,10000,10000,0,0.039974,0.0387236,-0.0012504,-0.0012504,-0,0.00158162890559,1.58162890559e-05,-0.031241528488,-0.0312803322159,-0.125,0,-0.004,0,0.3124,0.00463471940898,0.303389613547,0.321554462642,0,0,0,0.000383998370677,0.0729,0.00259972286985,0.0679669816398,0.0781610297684,0,0,0,0.000383998370677,0,0,0,0.000383998370677,0.5356,0.00498731029714,0.525813248497,0.545359410819,0.00413686439449,0.0039,0.000623280835579,0.00285436086877,0.00532664231461,0.04,0.03875,-0.00125,-0.03125,-0.0252903825028,,,,,,,,
A,sample_size,paired,shared,500,0.05,0,0.8,0.8,1,1,10000,10000,0,0.0399674,0.0399674,0,0,-0,0,0,0,0,0,0,0,0,0,0,0,0.000383998370677,0,0,0,0.000383998370677,0,0,0,0.000383998370677,0,0,0,0.000383998370677,0,0,0,0.000383998370677,1,0,0.999616001629,1,0,0,0,0,0.000383998370677,0.04,0.04,0,0,0,,,,,,,,
A,sample_size,paired,shared,500,0.05,0,0.8,0.825,1,1,10000,10000,0,0.0399728,0.0412208,0.001248,0.001248,-0,0.00155933933251,1.55933933251e-05,0.0329501496936,0.0312212304367,0,0.142857142857,0,0.004,0,0,0,0.000383998370677,0.3233,0.00467736154258,0.314201901512,0.332533803513,0,0,0,0.000383998370677,0.0749,0.00263229918512,0.0699024344934,0.0802240409213,0.4683,0.00498994098161,0.458533938515,0.478090406982,0.5317,0.00498994098161,0.521909593018,0.541466061485,0.0041531975933,0.0029,0.000537735064879,0.00201999663356,0.00416177454657,0.04,0.04125,0.00125,0.03125,-0.128259446696,,,,,,,,
A,sample_size,paired,shared,500,0.05,0,0.8,0.85,1,1,10000,10000,0,0.0399728,0.042487,0.0025142,0.0025142,-0,0.00221767675034,2.21767675034e-05,0.0665800882645,0.0628977704839,0,0.222222222222,0,0.008,0,0,0,0.000383998370677,0.5586,0.0049655416623,0.548847057624,0.568307937767,0,0,0,0.000383998370677,0.2432,0.00429014871537,0.23489111008,0.251706111483,0.7182,0.00449876383021,0.709300091401,0.72693233171,0.2818,0.00449876383021,0.27306766829,0.290699908599,0.00721766296376,0.0372,0.00189251578593,0.0336649082959,0.041090520596,0.04,0.0425,0.0025,0.0625,0.640309729441,,,,,,,,
A,sample_size,paired,shared,500,0.05,0,0.8,0.875,1,1,10000,10000,0,0.0399728,0.043724,0.0037512,0.0037512,-0,0.00271654864187,2.71654864187e-05,0.0990764582469,0.0938438137934,0,0.285714285714,0,0.01,0,0,0,0.000383998370677,0.7192,0.00449389986537,0.710309234675,0.72792242044,0,0,0,0.000383998370677,0.4171,0.0049307969944,0.407469452195,0.426794214734,0.8489,0.00358146324845,0.841746553173,0.855785492764,0.1511,0.00358146324845,0.144214507236,0.158253446827,0.009534317815,0.1222,0.00327516656065,0.11592545923,0.128764689939,0.04,0.04375,0.00375,0.09375,0.0441736982548,,,,,,,,
A,sample_size,paired,shared,500,0.05,0,0.8,0.9,1,1,10000,10000,0,0.0399728,0.044985,0.0050122,0.0050122,-0,0.00314617879405,3.14617879405e-05,0.1324442381,0.12539026538,0,0.352941176471,0,0.012,0,0,0,0.000383998370677,0.8254,0.0037962460405,0.817834920787,0.832715173073,0,0,0,0.000383998370677,0.5815,0.00493313034492,0.571801752239,0.591135656027,0.9158,0.00277687522226,0.910196461142,0.921084205813,0.0842,0.00277687522226,0.0789157941874,0.0898035388576,0.0114434254268,0.2469,0.0043120805883,0.238546731261,0.255447648715,0.04,0.045,0.005,0.125,0.38777198623,,,,,,,,
A,sample_size,paired,shared,500,0.05,0,0.8,0.925,1,1,10000,10000,0,0.0399728,0.0462092,0.0062364,0.0062364,-0,0.00348512978997,3.48512978997e-05,0.164726174495,0.156016090942,0,0.4,0,0.014,0,0,0,0.000383998370677,0.8972,0.00303697481056,0.89109430335,0.903000648344,0,0,0,0.000383998370677,0.7069,0.00455183907888,0.697900469327,0.715740632147,0.959,0.00198290191386,0.954934079229,0.962713410267,0.041,0.00198290191386,0.037286589733,0.0450659207712,0.0130750240799,0.3758,0.00484328772633,0.366356726017,0.385338659178,0.04,0.04625,0.00625,0.15625,-0.390229369337,,,,,,,,
A,sample_size,paired,shared,500,0.05,0,0.8,0.95,1,1,10000,10000,0,0.0399728,0.0474462,0.0074734,0.0074734,-0,0.00383152195557,3.83152195557e-05,0.197222544478,0.186962134251,0.0344827586207,0.466666666667,0.002,0.016,0,0,0,0.000383998370677,0.9383,0.00240609870953,0.93341372923,0.942849657798,0,0,0,0.000383998370677,0.8005,0.0039962451126,0.792552765859,0.808216451121,0.9779,0.0014700880926,0.974829881507,0.98060309285,0.0221,0.0014700880926,0.0193969071497,0.0251701184929,0.0144784166578,0.513,0.00499830971429,0.503200380827,0.522789635215,0.04,0.0475,0.0075,0.1875,-0.694241095534,,,,,,,,
A,sample_size,paired,shared,500,0.05,0,0.8,0.975,1,1,10000,10000,0,0.0399728,0.0487124,0.0087396,0.0087396,-0,0.00414095479215,4.14095479215e-05,0.230852483048,0.218638674299,0.0416666666667,0.533333333333,0.002,0.018,0,0,0,0.000383998370677,0.9626,0.00189739927269,0.95870000119,0.966144723518,0,0,0,0.000383998370677,0.8696,0.00336742988049,0.862857774153,0.876058374251,0.9866,0.00114980172204,0.984152274506,0.98867401828,0.0134,0.00114980172204,0.01132598172,0.0158477254943,0.015769247279,0.6361,0.00481120348769,0.626619618097,0.645475857547,0.04,0.04875,0.00875,0.21875,-0.251149807762,,,,,,,,
A,sample_size,paired,shared,500,0.05,0,0.8,1,1,1,10000,10000,0,0.0399728,0.0499604,0.0099876,0.0099876,-0,0.00443840243574,4.43840243574e-05,0.263802632742,0.249859904735,0.05,0.588235294118,0.002,0.02,0,0,0,0.000383998370677,0.9768,0.00150538234346,0.973661304559,0.979572514594,0,0,0,0.000383998370677,0.9132,0.0028154175534,0.907521993302,0.918560670445,0.9934,0.000809718469593,0.991612549226,0.994808521182,0.0066,0.000809718469593,0.00519147881793,0.00838745077425,0.0169419762728,0.7363,0.00440638525324,0.727574086362,0.744844436008,0.04,0.05,0.01,0.25,-0.279379803421,,,,,,,,
A,sample_size,repeated,shared,500,0.05,0,0.8,0.6,1,1,10000,10000,0,0.039956,0.030003,-0.009953,-0.009953,-0,0.0115496982884,0.000115496982884,-0.210152983081,-0.24909900891,-0.636363636364,0.461538461538,-0.032,0.012,0.7698,0.00420960758266,0.761446651702,0.777946142778,0.1672,0.00373154338043,0.160014391753,0.174641197562,0.7116,0.00453018145332,0.702641086523,0.720396405366,0.1263,0.003321871611,0.119932420131,0.132954580251,0.1715,0.00376945287807,0.164238493184,0.179013793745,0.0491,0.00216076815045,0.0450353916832,0.0535108980475,0.0453450656634,0.1331,0.00339682778486,0.126583016409,0.139898761596,0.04,0.03,-0.01,-0.25,0.406937037024,,,,,,,,
A,sample_size,repeated,shared,500,0.05,0,0.8,0.625,1,1,10000,10000,0,0.039956,0.0312556,-0.0087004,-0.0087004,-0,0.0116633032673,0.000116633032673,-0.177081808183,-0.217749524477,-0.617682072829,0.5,-0.032,0.014,0.733,0.00442392359789,0.724241000694,0.741580056065,0.1972,0.00397884606387,0.1895185102,0.205114039214,0.6709,0.00469886358602,0.661626305831,0.680042443526,0.1505,0.00357560833985,0.143626204339,0.157642210522,0.2033,0.0040245386071,0.195526673293,0.211301191341,0.0507,0.00219384388688,0.0465700404698,0.0551750204661,0.0457417199101,0.112,0.00315366453511,0.105967313571,0.118330669164,0.04,0.03125,-0.00875,-0.21875,0.425265457507,,,,,,,,
A,sample_size,repeated,shared,500,0.05,0,0.8,0.65,1,1,10000,10000,0,0.039956,0.032509,-0.007447,-0.007447,-0,0.0117586911551,0.000117586911551,-0.144209264072,-0.18638001802,-0.592592592593,0.571428571429,-0.03,0.016,0.6919,0.00461708122086,0.682778435352,0.700874186073,0.2292,0.00420318165203,0.221066827562,0.237541145956,0.6297,0.00482884986306,0.620187509851,0.639112880972,0.179,0.0038335231837,0.171610127618,0.186636399336,0.2369,0.00425180420528,0.228668634501,0.245333425441,0.0576,0.00232985493111,0.0532011664835,0.0623385952749,0.0461331944838,0.0944,0.00292384404509,0.0888241045606,0.100287394918,0.04,0.0325,-0.0075,-0.1875,0.450730436753,,,,,,,,
A,sample_size,repeated,shared,500,0.05,0,0.8,0.675,1,1,10000,10000,0,0.039956,0.0337664,-0.0061896,-0.0061896,-0,0.0118621635013,0.000118621635013,-0.111063917489,-0.154910401442,-0.571428571429,0.625,-0.03,0.01605,0.6527,0.00476112077142,0.643311345788,0.661971381109,0.263,0.00440262421744,0.254463199632,0.271718815596,0.5859,0.00492565924522,0.576214697218,0.595519331862,0.2099,0.00407237019437,0.202030454158,0.217992341697,0.2738,0.00445907568897,0.265148479128,0.282625241735,0.0589,0.00235437443921,0.0544526703844,0.0636860929782,0.0465222934323,0.0792,0.00270050661914,0.0740672406984,0.0846559323304,0.04,0.03375,-0.00625,-0.15625,0.509181988541,,,,,,,,
A,sample_size,repeated,shared,500,0.05,0,0.8,0.7,1,1,10000,10000,0,0.039956,0.0349974,-0.0049586,-0.0049586,-0,0.0119537347811,0.000119537347811,-0.0786486881266,-0.124101511663,-0.555555555556,0.666666666667,-0.028,0.018,0.6123,0.0048722552273,0.602709168491,0.621804585475,0.2971,0.00456980951463,0.288222632102,0.306133194437,0.5424,0.00498198996386,0.532621058952,0.552146377986,0.2399,0.00427022235955,0.231631406989,0.248368348964,0.3108,0.00462821088543,0.301802976664,0.319942328319,0.0601,0.00237672021913,0.0556084670011,0.0649293747654,0.0468993997735,0.0682,0.0025208879388,0.0634231276805,0.0733084933124,0.04,0.035,-0.005,-0.125,0.346335273101,,,,,,,,
A,sample_size,repeated,shared,500,0.05,0,0.8,0.725,1,1,10000,10000,0,0.039956,0.0362582,-0.0036978,-0.0036978,-0,0.0120501118534,0.000120501118534,-0.0455084686737,-0.0925468014816,-0.529457720588,0.733333333333,-0.028,0.02,0.5679,0.00495368135834,0.558166718747,0.577581134274,0.3363,0.00472442917187,0.32710471413,0.345621006936,0.4987,0.00499998309997,0.488902594118,0.508498404278,0.2738,0.00445907568897,0.265148479128,0.282625241735,0.3491,0.00476685630159,0.339816692954,0.358499197754,0.0618,0.00240791943387,0.0572467395709,0.0666897966012,0.0472806661823,0.0584,0.00234498272915,0.0539712467459,0.0631679006151,0.04,0.03625,-0.00375,-0.09375,0.433190999677,,,,,,,,
A,sample_size,repeated,shared,500,0.05,0,0.8,0.75,1,1,10000,10000,0,0.039956,0.03752,-0.002436,-0.002436,-0,0.012150550094,0.00012150550094,-0.0123427918232,-0.0609670637701,-0.518518518519,0.777976190476,-0.026,0.022,0.5228,0.00499479889485,0.513003494758,0.532578994916,0.3736,0.00483759278981,0.364168726112,0.383128348676,0.4527,0.0049775768201,0.442964148213,0.462472178032,0.309,0.00462081161702,0.300018161338,0.31812852604,0.3878,0.00487248560798,0.378294924852,0.397391244383,0.0633,0.00243501765907,0.0586931158488,0.0682422683282,0.0476584058547,0.0526,0.00223233599622,0.0483939705289,0.0571496312132,0.04,0.0375,-0.0025,-0.0625,0.526725123594,,,,,,,,
A,sample_size,repeated,shared,500,0.05,0,0.8,0.775,1,1,10000,10000,0,0.039956,0.038752,-0.001204,-0.001204,-0,0.0122445978708,0.000122445978708,0.0201099837681,-0.0301331464611,-0.48389540567,0.833333333333,-0.026,0.022,0.4824,0.00499690143989,0.472614889754,0.492198626988,0.4116,0.00492123399159,0.401990296424,0.421277594488,0.4115,0.00492105425697,0.401890686892,0.42117728082,0.3461,0.00475725540622,0.336836651151,0.355481543547,0.4284,0.0049484688541,0.418730496917,0.438124491649,0.0618,0.00240791943387,0.0572467395709,0.0666897966012,0.0480236701237,0.0502,0.0021835741343,0.0460903329467,0.0546551119875,0.04,0.03875,-0.00125,-0.03125,0.375675873437,,,,,,,,
A,sample_size,repeated,shared,500,0.05,0,0.8,0.8,1,1,10000,10000,0,0.039956,0.040009,5.3e-05,5.3e-05,-0,0.0123310987588,0.000123310987588,0.053199537968,0.00132645910502,-0.473684210526,0.875,-0.024,0.024,0.4373,0.00496053132235,0.427603451029,0.447044702367,0.4465,0.00497129510289,0.436778833828,0.456262253998,0.3706,0.00482965464604,0.361185427413,0.380113951365,0.3823,0.00485949287478,0.372822487193,0.391867906024,0.4673,0.00498929564167,0.457535586627,0.477089526867,0.0672,0.0025036804908,0.0624571990867,0.072275189903,0.048392717093,0.0487,0.00215240121725,0.0446519209746,0.0530946759548,0.04,0.04,0,0,0.42980760301,,,,,,,,
A,sample_size,repeated,shared,500,0.05,0,0.8,0.825,1,1,10000,10000,0,0.039956,0.0412714,0.0013154,0.0013154,-0,0.012434628456,0.00012434628456,0.0863922808754,0.0329212133347,-0.448275862069,0.928571428571,-0.024,0.026,0.3976,0.00489401920715,0.388048981289,0.407229661578,0.4836,0.00499730967622,0.473813629289,0.493398965858,0.3288,0.00469777138652,0.319659811058,0.338071669984,0.4167,0.00493012281794,0.407070926388,0.42639304774,0.5093,0.00499913502518,0.499500184974,0.519092672657,0.0624,0.00241880631717,0.0578251970299,0.0673108783441,0.0487587757948,0.0496,0.00217117111256,0.0455148389118,0.0540310668205,0.04,0.04125,0.00125,0.03125,0.525950576099,,,,,,,,
A,sample_size,repeated,shared,500,0.05,0,0.8,0.85,1,1,10000,10000,0,0.039956,0.0425084,0.0025524,0.0025524,-0,0.0125314068586,0.000125314068586,0.119031618615,0.0638802682951,-0.428571428571,1,-0.022,0.028,0.3569,0.00479084950713,0.347566699887,0.366343200447,0.5209,0.0049956299903,0.511102596377,0.530681352491,0.2941,0.00455637125353,0.285250106422,0.303108024108,0.4533,0.00497814332859,0.44356280812,0.463073057328,0.5483,0.00497661642082,0.53852931923,0.558033586528,0.0626,0.00242242110295,0.0580180438976,0.067517877877,0.0491145613194,0.0532,0.00224432083268,0.0489702817746,0.0577728591695,0.04,0.0425,0.0025,0.0625,0.418149379326,,,,,,,,
A,sample_size,repeated,shared,500,0.05,0,0.8,0.875,1,1,10000,10000,0,0.039956,0.0437638,0.0038078,0.0038078,-0,0.0126055602484,0.000126055602484,0.151986311928,0.0952998298128,-0.407407407407,1.0625,-0.02,0.028,0.3162,0.00464991999931,0.307158379817,0.325382777984,0.558,0.0049662460672,0.548245908214,0.567709547975,0.2594,0.0043830541863,0.250902914316,0.2680818657,0.4917,0.00499931105254,0.481906598536,0.501499775837,0.5857,0.00492600761266,0.576014091627,0.595320091052,0.0645,0.00245641507079,0.0598507666127,0.0694836959681,0.0494718794235,0.0581,0.00233932447514,0.0536824379699,0.0628569397901,0.04,0.04375,0.00375,0.09375,0.458527815196,,,,,,,,
A,sample_size,repeated,shared,500,0.05,0,0.8,0.9,1,1,10000,10000,0,0.039956,0.0450108,0.0050548,0.0050548,-0,0.0127079009295,0.000127079009295,0.184824610017,0.126509160076,-0.384615384615,1.08333333333,-0.02,0.03,0.284,0.00450936802668,0.275246052547,0.292919834749,0.5954,0.00490814465964,0.585745357194,0.604981375916,0.2298,0.00420704124059,0.221659037466,0.238148475254,0.5286,0.00499181369845,0.518807115072,0.538370920221,0.6253,0.00484045359445,0.61576646995,0.634737300058,0.0585,0.00234686493007,0.05406752393,0.0632715466313,0.0498230086999,0.0663,0.00248805767618,0.061588129514,0.0713449506727,0.04,0.045,0.005,0.125,0.431227787373,,,,,,,,
A,sample_size,repeated,shared,500,0.05,0,0.8,0.925,1,1,10000,10000,0,0.039956,0.0462652,0.0063092,0.0063092,-0,0.0127972798827,0.000127972798827,0.217831799011,0.157903694063,-0.363636363636,1.14285714286,-0.018,0.032,0.2504,0.00433243395795,0.242005520959,0.258986171028,0.6298,0.00482858115806,0.620287997793,0.63921231623,0.2015,0.0040112061777,0.19375347777,0.209475769257,0.5617,0.00496178506185,0.55195322577,0.571399388831,0.6623,0.00472925691838,0.652970074118,0.671505280011,0.0554,0.00228759349536,0.0510847358682,0.060056715483,0.0501730280836,0.0762,0.00265317847119,0.0711610564576,0.0815644205613,0.04,0.04625,0.00625,0.15625,0.462598306378,,,,,,,,
A,sample_size,repeated,shared,500,0.05,0,0.8,0.95,1,1,10000,10000,0,0.039956,0.0475054,0.0075494,0.0075494,-0,0.0128851683107,0.000128851683107,0.250423475339,0.188942837121,-0.344827586207,1.2,-0.018,0.032,0.2228,0.00416125173475,0.214751412178,0.231061476519,0.6638,0.00472408255643,0.654479633611,0.672994568523,0.1766,0.00381329830986,0.169250661007,0.184197709139,0.5986,0.00490181639803,0.588956524328,0.608167751193,0.6956,0.00460152844172,0.686507478855,0.704542300982,0.0519,0.00221825133833,0.0477218074297,0.0564223319101,0.0505155568145,0.087,0.00281835058146,0.0816335098082,0.092683672846,0.04,0.0475,0.0075,0.1875,0.383386532552,,,,,,,,
A,sample_size,repeated,shared,500,0.05,0,0.8,0.975,1,1,10000,10000,0,0.039956,0.0487596,0.0088036,0.0088036,-0,0.0129622771573,0.000129622771573,0.283445731815,0.220332365602,-0.321428571429,1.25,-0.016,0.034,0.1944,0.00395738095209,0.186761627267,0.202273072537,0.696,0.00459982608367,0.686910659779,0.70493881286,0.1527,0.0035969808173,0.145783501967,0.159883223301,0.6346,0.00481542147688,0.625111931874,0.643984695764,0.7266,0.0044570443121,0.717778583601,0.735247388338,0.0495,0.00216909543359,0.0454189398654,0.0539270426666,0.0508592435192,0.0997,0.00299599582777,0.093980786202,0.105726642894,0.04,0.04875,0.00875,0.21875,0.413507590908,,,,,,,,
A,sample_size,repeated,shared,500,0.05,0,0.8,1,1,1,10000,10000,0,0.039956,0.0500116,0.0100556,0.0100556,-0,0.0130644700114,0.000130644700114,0.31643687824,0.251666833517,-0.297364864865,1.29426470588,-0.016,0.036,0.1712,0.00376683633836,0.163943733005,0.178708784323,0.7265,0.00445755257961,0.717677626438,0.7351484223,0.1302,0.0033652334243,0.123746004048,0.136938001147,0.6683,0.00470823863032,0.659008940519,0.67746180563,0.7558,0.00429611871344,0.747282579073,0.76412096736,0.0451,0.00207523468552,0.0412043266489,0.0493450350687,0.0511985012328,0.1177,0.00322252556235,0.111530275174,0.12416332998,0.04,0.05,0.01,0.25,0.425581749215,,,,,,,,
A,sample_size,paired,shared,1000,0.05,0,0.8,0.6,1,1,10000,10000,0,0.040055,0.0300207,-0.0100343,-0.0100343,-0,0.00313316216952,3.13316216952e-05,-0.250602007752,-0.250513044564,-0.391304347826,-0.121212121212,-0.017,-0.004,0.9997,0.000173179098046,0.999118264228,0.999897967801,0,0,0,0.000383998370677,0.9898,0.0010047865445,0.987633987574,0.991589847622,0,0,0,0.000383998370677,0,0,0,0.000383998370677,0,0,0,0.000383998370677,0.0121996664801,0.9904,0.000975081535052,0.988291672413,0.992131701985,0.04,0.03,-0.01,-0.25,-1.09474065319,,,,,,,,
A,sample_size,paired,shared,1000,0.05,0,0.8,0.625,1,1,10000,10000,0,0.0399998,0.0312977,-0.0087021,-0.0087021,-0,0.00294893628492,2.94893628492e-05,-0.217498120595,-0.217553587768,-0.352941176471,-0.09375,-0.015,-0.003,0.9975,0.000499374608886,0.996311919232,0.998306002389,0,0,0,0.000383998370677,0.9683,0.00175200199772,0.964682265802,0.971558081324,0,0,0,0.000383998370677,0,0,0,0.000383998370677,0.0002,0.000141407213395,5.48489273209e-05,0.000728995844007,0.0113397339511,0.9746,0.00157336709003,0.971329222085,0.977506286661,0.04,0.03125,-0.00875,-0.21875,1.62431451113,,,,,,,,
A,sample_size,paired,shared,1000,0.05,0,0.8,0.65,1,1,10000,10000,0,0.0400036,0.0325407,-0.0074629,-0.0074629,-0,0.00273769484919,2.73769484919e-05,-0.186499901038,-0.186555709986,-0.315789473684,-0.0714285714286,-0.013,-0.003,0.9932,0.000821812630713,0.991389100163,0.994632123844,0,0,0,0.000383998370677,0.9212,0.00269426353574,0.915756137526,0.926320382247,0,0,0,0.000383998370677,0,0,0,0.000383998370677,0.0004,0.000199959995999,0.000155562836623,0.00102812833536,0.0104776991486,0.9373,0.00242422585581,0.932378627518,0.941885527507,0.04,0.0325,-0.0075,-0.1875,1.35515468464,,,,,,,,
A,sample_size,paired,shared,1000,0.05,0,0.8,0.675,1,1,10000,10000,0,0.0400095,0.0337931,-0.0062164,-0.0062164,-0,0.00250023922048,2.50023922048e-05,-0.155325111925,-0.155373098889,-0.277810077519,-0.05,-0.012,-0.002,0.9763,0.00152112819973,0.973130711586,0.979103491566,0,0,0,0.000383998370677,0.8312,0.00374575172696,0.82373158924,0.83841405024,0,0,0,0.000383998370677,0,0,0,0.000383998370677,0.0017,0.00041195994951,0.00106170736112,0.0027209854151,0.0095273557441,0.8628,0.00344058367141,0.855917120968,0.869404249814,0.04,0.03375,-0.00625,-0.15625,1.34387140738,,,,,,,,
A,sample_size,paired,shared,1000,0.05,0,0.8,0.7,1,1,10000,10000,0,0.0400112,0.0350397,-0.0049715,-0.0049715,-0,0.00223405166652,2.23405166652e-05,-0.124210751106,-0.124252709241,-0.236842105263,-0.0277777777778,-0.01,-0.001,0.9313,0.0025294329404,0.926174969816,0.93609379319,0,0,0,0.000383998370677,0.6622,0.00472959998309,0.652869440526,0.671405990403,0,0,0,0.000383998370677,0,0,0,0.000383998370677,0.0064,0.00079743589084,0.00501544280103,0.0081636403905,0.00846471566576,0.7326,0.00442602801618,0.723837032304,0.741184331654,0.04,0.035,-0.005,-0.125,1.27570908171,,,,,,,,
A,sample_size,paired,shared,1000,0.05,0,0.8,0.725,1,1,10000,10000,0,0.0400206,0.0362946,-0.003726,-0.003726,-0,0.00193708524075,1.93708524075e-05,-0.0930856580937,-0.093102052443,-0.194444444444,-0.0192307692308,-0.008,-0.001,0.8261,0.0037902346893,0.818546425568,0.833403130695,0,0,0,0.000383998370677,0.4187,0.00493346034746,0.409063620756,0.428398817379,0,0,0,0.000383998370677,0,0,0,0.000383998370677,0.0242,0.00153669645669,0.0213658773938,0.0273995354558,0.00722564482486,0.5107,0.00499885496889,0.50090019596,0.520491586475,0.04,0.03625,-0.00375,-0.09375,1.2389749039,,,,,,,,
A,sample_size,paired,shared,1000,0.05,0,0.8,0.75,1,1,10000,10000,0,0.0400231,0.0375421,-0.002481,-0.002481,-0,0.00158420010384,1.58420010384e-05,-0.0619720967279,-0.0619892012363,-0.147058823529,0,-0.006,0,0.6002,0.00489857081198,0.590562267448,0.609760779278,0,0,0,0.000383998370677,0.1658,0.00371901008334,0.158639476237,0.173217188274,0,0,0,0.000383998370677,0,0,0,0.000383998370677,0.0906,0.00287039439799,0.0851302230465,0.0963841948194,0.00567840693863,0.2392,0.00426595077327,0.230940042523,0.247660251027,0.04,0.0375,-0.0025,-0.0625,1.19934343862,,,,,,,,
A,sample_size,paired,shared,1000,0.05,0,0.8,0.775,1,1,10000,10000,0,0.0400345,0.0387936,-0.0012409,-0.0012409,-0,0.00111175122625,1.11175122625e-05,-0.0310108408809,-0.0309957661517,-0.0967741935484,0,-0.004,0,0.2409,0.004276297347,0.232619123935,0.249379864021,0,0,0,0.000383998370677,0.0211,0.00143717744207,0.0184616240216,0.0241061696178,0,0,0,0.000383998370677,0,0,0,0.000383998370677,0.2886,0.00453111509454,0.279801689061,0.29756066545,0.00356836669182,0.0361,0.0018653897716,0.032618404149,0.0399378695393,0.04,0.03875,-0.00125,-0.03125,0.818528442794,,,,,,,,
A,sample_size,paired,shared,1000,0.05,0,0.8,0.8,1,1,10000,10000,0,0.0400325,0.0400325,0,0,-0,0,0,0,0,0,0,0,0,0,0,0,0.000383998370677,0,0,0,0.000383998370677,0,0,0,0.000383998370677,0,0,0,0.000383998370677,0,0,0,0.000383998370677,1,0,0.999616001629,1,0,0,0,0,0.000383998370677,0.04,0.04,0,0,0,,,,,,,,
A,sample_size,paired,shared,1000,0.05,0,0.8,0.825,1,1,10000,10000,0,0.0400399,0.0412794,0.0012395,0.0012395,-0,0.00111142398585,1.11142398585e-05,0.0317929737726,0.0309566207708,0,0.103448275862,0,0.004,0,0,0,0.000383998370677,0.2466,0.00431031831771,0.238250298229,0.255144312145,0,0,0,0.000383998370677,0.0277,0.00164111882568,0.0246603363379,0.0311023885231,0.7119,0.00452877897451,0.702943718433,0.720693543057,0.2881,0.00452877897451,0.279306456943,0.297056281567,0.00356716644316,0.0363,0.0018703558485,0.0328086111183,0.0401475089707,0.04,0.04125,0.00125,0.03125,-0.944733974941,,,,,,,,
A,sample_size,paired,shared,1000,0.05,0,0.8,0.85,1,1,10000,10000,0,0.0400399,0.0425168,0.0024769,0.0024769,-0,0.00158345101652,1.58345101652e-05,0.0635000499023,0.0618607938581,0,0.162162162162,0,0.006,0,0,0,0.000383998370677,0.5911,0.0049163074558,0.581431018926,0.600699016571,0,0,0,0.000383998370677,0.1786,0.0038301702312,0.171216848212,0.18622998594,0.9092,0.00287324485556,0.90341030058,0.914675435153,0.0908,0.00287324485556,0.0853245648467,0.0965896994199,0.00567246711938,0.2383,0.00426043554112,0.230051190773,0.246749793974,0.04,0.0425,0.0025,0.0625,-1.45883893843,,,,,,,,
A,sample_size,paired,shared,1000,0.05,0,0.8,0.875,1,1,10000,10000,0,0.0400399,0.0437629,0.003723,0.003723,-0,0.00193996065546,1.93996065546e-05,0.0954203510289,0.0929822502054,0,0.216216216216,0,0.008,0,0,0,0.000383998370677,0.8102,0.0039214278012,0.802395579106,0.817766188305,0,0,0,0.000383998370677,0.4109,0.00491997144301,0.401293038332,0.420575390178,0.9748,0.00156732128168,0.971540967304,0.977694387843,0.0252,0.00156732128168,0.0223056121568,0.028459032696,0.00721997860889,0.5117,0.00499863091256,0.501900250851,0.521490763587,0.04,0.04375,0.00375,0.09375,-1.3917808036,,,,,,,,
A,sample_size,paired,shared,1000,0.05,0,0.8,0.9,1,1,10000,10000,0,0.0400399,0.0450105,0.0049706,0.0049706,-0,0.002233972852,2.233972852e-05,0.127390523289,0.124141169184,0.0243902439024,0.266666666667,0.001,0.01,0,0,0,0.000383998370677,0.917,0.00275882221247,0.911431347858,0.922248397501,0,0,0,0.000383998370677,0.6322,0.00482206553253,0.622699839052,0.641598631779,0.9934,0.000809718469593,0.991612549226,0.994808521182,0.0066,0.000809718469593,0.00519147881793,0.00838745077425,0.00846353575356,0.7304,0.00443752002812,0.721615367322,0.739007686228,0.04,0.045,0.005,0.125,-1.31604105993,,,,,,,,
A,sample_size,paired,shared,1000,0.05,0,0.8,0.925,1,1,10000,10000,0,0.0400399,0.0462845,0.0062446,0.0062446,-0,0.00246007642922,2.46007642922e-05,0.160062454398,0.155959430468,0.047619047619,0.317073170732,0.002,0.011,0,0,0,0.000383998370677,0.9701,0.00170311449997,0.96657720178,0.973261762952,0,0,0,0.000383998370677,0.8049,0.00396277667804,0.797016628129,0.812549209664,0.9981,0.000435475602072,0.997034204983,0.99878325584,0.0019,0.000435475602072,0.00121674415963,0.00296579501724,0.00955820805705,0.8761,0.00329467433899,0.869497759994,0.882413396432,0.04,0.04625,0.00625,0.15625,-0.219505375356,,,,,,,,
A,sample_size,paired,shared,1000,0.05,0,0.8,0.95,1,1,10000,10000,0,0.0400399,0.0475306,0.0074907,0.0074907,-0,0.00268407040396,2.68407040396e-05,0.191982755525,0.187080886815,0.0652173913043,0.363636363636,0.003,0.013,0,0,0,0.000383998370677,0.9896,0.00101448706251,0.987415147909,0.991408840886,0,0,0,0.000383998370677,0.9018,0.00297584878648,0.895812232179,0.90747918673,0.9996,0.000199959995999,0.998971871665,0.999844437163,0.0004,0.000199959995999,0.000155562836623,0.00102812833536,0.0105067708553,0.9438,0.00230307533529,0.939113287127,0.94814587592,0.04,0.0475,0.0075,0.1875,-0.346488675792,,,,,,,,
A,sample_size,paired,shared,1000,0.05,0,0.8,0.975,1,1,10000,10000,0,0.0400399,0.048768,0.0087281,0.0087281,-0,0.00290510143565,2.90510143565e-05,0.223689831654,0.217985059903,0.0847104519774,0.411764705882,0.004,0.015,0,0,0,0.000383998370677,0.9966,0.000582103083654,0.995252794635,0.997565818184,0,0,0,0.000383998370677,0.9539,0.00209701669044,0.949612720389,0.95783868589,0.9999,9.9994999875e-05,0.999433731103,0.999982347326,0.0001,9.9994999875e-05,1.76526736011e-05,0.000566268897401,0.0113642740412,0.976,0.00153049011758,0.972812522525,0.978821911027,0.04,0.04875,0.00875,0.21875,-0.75384631088,,,,,,,,
A,sample_size,paired,shared,1000,0.05,0,0.8,1,1,1,10000,10000,0,0.0400399,0.0500075,0.0099676,0.0099676,-0,0.00311157812562,3.11157812562e-05,0.255482805427,0.248941680674,0.104166666667,0.459459459459,0.004,0.017,0,0,0,0.000383998370677,0.999,0.000316069612586,0.998160055613,0.999456714014,0,0,0,0.000383998370677,0.9791,0.0014304960678,0.976106813339,0.981725239422,1,0,0.999616001629,1,0,0,0,0.000383998370677,0.0121603593441,0.9913,0.000928671631956,0.989281775264,0.992940907937,0.04,0.05,0.01,0.25,-1.04127226417,,,,,,,,
A,sample_size,repeated,shared,1000,0.05,0,0.8,0.6,1,1,10000,10000,0,0.0399839,0.0299936,-0.0099903,-0.0099903,-0,0.00817691213718,8.17691213718e-05,-0.231211513678,-0.249858067872,-0.540540540541,0.193548387097,-0.026,0.006,0.8511,0.00355989873451,0.843987941914,0.85794241443,0.0807,0.00272373842356,0.0755211783705,0.0862008426632,0.7863,0.00409917442908,0.778156617435,0.794223505097,0.051,0.00219997727261,0.0468579206089,0.055486909928,0.0998,0.00299733147983,0.0940781323757,0.10582921992,0.0214,0.00144713648285,0.0187420418498,0.0244255213906,0.0321333950829,0.2258,0.00418108072154,0.217711421724,0.234099162983,0.04,0.03,-0.01,-0.25,0.118626687401,,,,,,,,
A,sample_size,repeated,shared,1000,0.05,0,0.8,0.625,1,1,10000,10000,0,0.0399839,0.0312492,-0.0087347,-0.0087347,-0,0.00824827977956,8.24827977956e-05,-0.199061945286,-0.21845542831,-0.521739130435,0.228626373626,-0.025,0.007,0.8055,0.00395815297835,0.797625453763,0.813139923232,0.1041,0.00305390225777,0.0982657051681,0.110238344742,0.7288,0.00444579081829,0.719999781436,0.737424500909,0.0705,0.00255987792678,0.0656459116352,0.0756839429652,0.1267,0.00332636603518,0.120323464829,0.133363228355,0.0305,0.00171958570592,0.0273057888562,0.0340547856138,0.0324134489962,0.1815,0.003854319006,0.174068437445,0.189176169517,0.04,0.03125,-0.00875,-0.21875,0.185493222937,,,,,,,,
A,sample_size,repeated,shared,1000,0.05,0,0.8,0.65,1,1,10000,10000,0,0.0399839,0.0325432,-0.0074407,-0.0074407,-0,0.00827581611826,8.27581611826e-05,-0.165996630828,-0.186092402192,-0.487179487179,0.28125,-0.023,0.009,0.7567,0.00429074713774,0.748192754787,0.76501010045,0.1369,0.00343741748992,0.130302066087,0.14377679353,0.6762,0.00467924737538,0.666962694552,0.685301984422,0.0964,0.00295139018091,0.0907693978674,0.102340565617,0.1676,0.00373510695965,0.160407258753,0.175048023363,0.0327,0.00177850245994,0.0293896944976,0.0363691903797,0.0326988767908,0.1411,0.00348124675942,0.134414616928,0.148061017102,0.04,0.0325,-0.0075,-0.1875,0.716545645198,,,,,,,,
A,sample_size,repeated,shared,1000,0.05,0,0.8,0.675,1,1,10000,10000,0,0.0399839,0.0337074,-0.0062765,-0.0062765,-0,0.00839835108698,8.39835108698e-05,-0.135927530997,-0.156975682712,-0.470615982242,0.305555555556,-0.023,0.01,0.704,0.00456490963766,0.694975980851,0.712867347814,0.1784,0.00382849108658,0.171020213735,0.186026774018,0.6157,0.00486429347388,0.606123458495,0.625187684282,0.1243,0.00329923491131,0.117977518788,0.130911017588,0.2135,0.00409777683629,0.205579309099,0.221640721967,0.034,0.0018122913673,0.0306230940918,0.0377347923897,0.0329540663711,0.1141,0.00317932681554,0.108016253405,0.120480116538,0.04,0.03375,-0.00625,-0.15625,-0.315538130349,,,,,,,,
A,sample_size,repeated,shared,1000,0.05,0,0.8,0.7,1,1,10000,10000,0,0.0399839,0.0350671,-0.0049168,-0.0049168,-0,0.00855816580701,8.55816580701e-05,-0.100654613632,-0.122969495222,-0.446822508399,0.375,-0.022,0.012,0.6415,0.00479559954542,0.632048109566,0.650843218895,0.2232,0.00416391354377,0.215146044976,0.231466536522,0.5515,0.00497340678007,0.54173437758,0.561226070588,0.1578,0.00364553370578,0.150786453019,0.165076355465,0.2634,0.00440477513614,0.254858832971,0.272122875058,0.0392,0.00194070502653,0.0355698505849,0.0431840423135,0.0332483895905,0.0906,0.00287039439799,0.0851302230465,0.0963841948194,0.04,0.035,-0.005,-0.125,0.972170928634,,,,,,,,
A,sample_size,repeated,shared,1000,0.05,0,0.8,0.725,1,1,10000,10000,0,0.0399839,0.0363013,-0.0036826,-0.0036826,-0,0.00845109456461,8.45109456461e-05,-0.0698405873362,-0.0921020710836,-0.423076923077,0.411764705882,-0.021,0.013,0.5872,0.00492337445255,0.577518673525,0.596814357159,0.2629,0.00440208575564,0.254364292731,0.271617799296,0.4917,0.00499931105254,0.481906598536,0.501499775837,0.1967,0.00397503597468,0.189026164704,0.204606768708,0.3095,0.00462287518759,0.300513927276,0.318632376103,0.0442,0.00205539193343,0.0403435047015,0.0484065482132,0.0335108678158,0.0678,0.00251402386624,0.063036719271,0.0728952089206,0.04,0.03625,-0.00375,-0.09375,0.797529828648,,,,,,,,
A,sample_size,repeated,shared,1000,0.05,0,0.8,0.75,1,1,10000,10000,0,0.0399839,0.037545,-0.0024389,-0.0024389,-0,0.00855864427519,8.55864427519e-05,-0.0377032902259,-0.0609970513132,-0.391304347826,0.458361486486,-0.019,0.014,0.5235,0.00499447444683,0.513703861499,0.533278090577,0.3131,0.00463754665745,0.304083806808,0.322259731783,0.4335,0.00495558018803,0.423814608647,0.443236463137,0.2371,0.00425304114723,0.228866134914,0.245535771429,0.3673,0.00482069196278,0.357904250778,0.376797662389,0.0429,0.00202631660902,0.0391009030422,0.0470501482683,0.0337738064133,0.053,0.00224033479641,0.0487781606143,0.0575651339291,0.04,0.0375,-0.0025,-0.0625,0.713898113246,,,,,,,,
A,sample_size,repeated,shared,1000,0.05,0,0.8,0.775,1,1,10000,10000,0,0.0399839,0.0388285,-0.0011554,-0.0011554,-0,0.0086395784082,8.6395784082e-05,-0.00475399100073,-0.0288966308939,-0.372549019608,0.515151515152,-0.018,0.016,0.4593,0.00498340756912,0.449550192365,0.469081065102,0.366,0.00481709456,0.356611796592,0.375491114972,0.3651,0.00481458191331,0.355717063977,0.374586538783,0.2845,0.00451175963456,0.275741175988,0.29342432731,0.4262,0.004945235687,0.416537674929,0.435919003231,0.0456,0.00208616010891,0.0416827531383,0.0498662245809,0.0340426135768,0.0501,0.00218151300707,0.0459944054659,0.054551116268,0.04,0.03875,-0.00125,-0.03125,1.0949608364,,,,,,,,
A,sample_size,repeated,shared,1000,0.05,0,0.8,0.8,1,1,10000,10000,0,0.0399839,0.0400511,6.72e-05,6.72e-05,-0,0.00877982873975,8.77982873975e-05,0.026789957384,0.00168067647228,-0.354166666667,0.548470522803,-0.017,0.017,0.4028,0.00490461170736,0.393226235701,0.412448413583,0.4201,0.00493574705592,0.410458603897,0.429802759043,0.3135,0.00463915671216,0.304480499475,0.322662731917,0.3371,0.0047271935649,0.327898992066,0.346426114604,0.4832,0.00499717680296,0.473414043165,0.49299885918,0.0455,0.00208398056613,0.0415870570145,0.0497619975044,0.034295848016,0.05,0.00217944947177,0.0458984826906,0.054447115843,0.04,0.04,0,0,0.765390783715,,,,,,,,
A,sample_size,repeated,shared,1000,0.05,0,0.8,0.825,1,1,10000,10000,0,0.0399839,0.0412688,0.0012849,0.0012849,-0,0.0087901227873,8.7901227873e-05,0.0577000158271,0.0321354345124,-0.326086956522,0.6,-0.016,0.019,0.3476,0.00476208189766,0.33832662104,0.356990421663,0.4738,0.00499313088152,0.46402557804,0.483594543475,0.2628,0.00440154700077,0.254265386404,0.271516782423,0.38,0.0048538644398,0.370534395438,0.389557764171,0.5388,0.00498492286801,0.529016696278,0.548553505449,0.0466,0.00210780549387,0.0426400074901,0.0509082022324,0.0345444234975,0.0512,0.00220405444579,0.047049863664,0.0556948132735,0.04,0.04125,0.00125,0.03125,0.397036547094,,,,,,,,
A,sample_size,repeated,shared,1000,0.05,0,0.8,0.85,1,1,10000,10000,0,0.0399839,0.0425111,0.0025272,0.0025272,-0,0.00885306149475,8.85306149475e-05,0.0894919218723,0.0632054401897,-0.30612244898,0.642857142857,-0.015,0.02,0.3016,0.00458952546567,0.292682285235,0.310670085318,0.5246,0.00499394473337,0.514804476722,0.534376630558,0.2196,0.00413975651458,0.211594742918,0.227820603368,0.4362,0.00495912855248,0.426506621213,0.445942376979,0.591,0.00491649265229,0.581330694559,0.600599417738,0.0428,0.00202405928767,0.0390053588429,0.0469457692673,0.034796572179,0.0583,0.00234309858948,0.0538749733518,0.0630642508089,0.04,0.0425,0.0025,0.0625,0.307238349312,,,,,,,,
A,sample_size,repeated,shared,1000,0.05,0,0.8,0.875,1,1,10000,10000,0,0.0399839,0.0437964,0.0038125,0.0038125,-0,0.00896356950706,8.96356950706e-05,0.122913924138,0.0953508787287,-0.288888888889,0.6875,-0.014,0.021,0.2512,0.00433703308726,0.242796205396,0.259794872194,0.5851,0.00492704769614,0.575412284686,0.594722358792,0.1816,0.00385514513345,0.17416678101,0.189277749153,0.4969,0.00499990389908,0.487103440456,0.506698940334,0.645,0.00478513322699,0.635567267012,0.65432137346,0.0408,0.0019782659073,0.0370957383513,0.0448569257523,0.0350559437377,0.0713,0.00257325299961,0.0664194189232,0.0765098212799,0.04,0.04375,0.00375,0.09375,0.697266863952,,,,,,,,
A,sample_size,repeated,shared,1000,0.05,0,0.8,0.9,1,1,10000,10000,0,0.0399839,0.0450127,0.0050288,0.0050288,-0,0.00898858442832,8.98858442832e-05,0.153632338305,0.125770622676,-0.255828861061,0.709792626728,-0.012,0.023,0.2129,0.00409357533215,0.204987768778,0.221032723087,0.6269,0.00483628359384,0.61737402379,0.636328517423,0.1505,0.00357560833985,0.143626204339,0.157642210522,0.5413,0.00498291390654,0.531519671501,0.551048610233,0.6899,0.00462534312241,0.680763020176,0.698891137243,0.0361,0.0018653897716,0.032618404149,0.0399378695393,0.0352966879985,0.0812,0.00273142014344,0.0760059459629,0.0867156910724,0.04,0.045,0.005,0.125,0.320406402473,,,,,,,,
A,sample_size,repeated,shared,1000,0.05,0,0.8,0.925,1,1,10000,10000,0,0.0399839,0.0462509,0.006267,0.006267,-0,0.00899474299467,8.99474299467e-05,0.185245809305,0.15673808708,-0.232558139535,0.774283154122,-0.011,0.024,0.1735,0.00378678953733,0.166203770428,0.181046980508,0.6767,0.00467736154258,0.667466196487,0.685798098488,0.1171,0.00321539406605,0.110944471211,0.123549594741,0.5925,0.00491369260333,0.582835603359,0.602093356942,0.7376,0.00439938904849,0.728887290814,0.74613023316,0.0351,0.00184032578638,0.031667825249,0.0388892164361,0.0355406734723,0.1017,0.00302253387078,0.0959280521185,0.107777840984,0.04,0.04625,0.00625,0.15625,0.188999285584,,,,,,,,
A,sample_size,repeated,shared,1000,0.05,0,0.8,0.95,1,1,10000,10000,0,0.0399839,0.0475114,0.0075275,0.0075275,-0,0.00921138039074,9.21138039074e-05,0.218162541963,0.188263275969,-0.214320728291,0.818181818182,-0.01,0.025,0.1449,0.00351999985795,0.138137261958,0.151935453685,0.7182,0.00449876383021,0.709300091401,0.72693233171,0.096,0.00294591242232,0.0903802776314,0.101929993052,0.639,0.00480290537071,0.629534758889,0.648358489564,0.7745,0.00417911174773,0.766204578394,0.7825846065,0.0303,0.00171411522366,0.0271165660693,0.0338441620002,0.0357870233469,0.1295,0.00335752513021,0.12306136861,0.136223174182,0.04,0.0475,0.0075,0.1875,0.298543745166,,,,,,,,
A,sample_size,repeated,shared,1000,0.05,0,0.8,0.975,1,1,10000,10000,0,0.0399839,0.0487728,0.0087889,0.0087889,-0,0.00931976515757,9.31976515757e-05,0.250788452658,0.219810973917,-0.196078431373,0.861135057471,-0.01,0.027,0.1151,0.00319142585689,0.108992176037,0.121503425909,0.7626,0.00425489412324,0.754160714362,0.770837609694,0.0742,0.0026209608925,0.0692249019591,0.0795021110534,0.6839,0.00464952459935,0.674717958116,0.692940807283,0.8144,0.00388783538746,0.806659760233,0.821898781592,0.0297,0.00169758387127,0.0265491315665,0.033212057301,0.0360311790311,0.1654,0.00371541168648,0.158246677408,0.172810294302,0.04,0.04875,0.00875,0.21875,0.417392491574,,,,,,,,
A,sample_size,repeated,shared,1000,0.05,0,0.8,1,1,1,10000,10000,0,0.0399839,0.0499581,0.0099742,0.0099742,-0,0.00930611598571,9.30611598571e-05,0.280635131284,0.249455405801,-0.173076923077,0.903225806452,-0.008,0.028,0.0907,0.00287182015454,0.085227392914,0.0964869481522,0.7988,0.00400897193804,0.790828491585,0.806542030989,0.0598,0.00237115921018,0.0553194681211,0.0646186040445,0.7276,0.00445194609132,0.718788185678,0.736237018263,0.8466,0.00360372640471,0.839403834359,0.85352997797,0.027,0.00162083311911,0.024000277571,0.0303629848877,0.0362574056852,0.1908,0.00392931749799,0.183217974928,0.198619489664,0.04,0.05,0.01,0.25,-0.277237034651,,,,,,,,
A,sample_size,paired,shared,5000,0.05,0,0.8,0.6,1,1,10000,10000,0,0.03998718,0.03000554,-0.00998164,-0.00998164,-0,0.00140557336132,1.40557336132e-05,-0.249615679306,-0.249621003532,-0.310189176245,-0.190476190476,-0.0128,-0.0074,1,0,0.999616001629,1,0,0,0,0.000383998370677,1,0,0.999616001629,1,0,0,0,0.000383998370677,0,0,0,0.000383998370677,0,0,0,0.000383998370677,0.00549730425254,1,0,0.999616001629,1,0.04,0.03,-0.01,-0.25,1.30622851181,,,,,,,,
A,sample_size,paired,shared,5000,0.05,0,0.8,0.625,1,1,10000,10000,0,0.03996004,0.03121078,-0.00874926,-0.00874926,-0,0.00131163161373,1.31163161373e-05,-0.218935083116,-0.218950231281,-0.276384804205,-0.163740031898,-0.0114,-0.0062,1,0,0.999616001629,1,0,0,0,0.000383998370677,1,0,0.999616001629,1,0,0,0,0.000383998370677,0,0,0,0.000383998370677,0,0,0,0.000383998370677,0.00514822189364,1,0,0.999616001629,1,0.04,0.03125,-0.00875,-0.21875,0.0564182802745,,,,,,,,
A,sample_size,paired,shared,5000,0.05,0,0.8,0.65,1,1,10000,10000,0,0.0399594,0.03246354,-0.00749586,-0.00749586,-0,0.00121342906732,1.21342906732e-05,-0.187607429442,-0.187586900704,-0.243523316062,-0.135415529476,-0.01,-0.0052,1,0,0.999616001629,1,0,0,0,0.000383998370677,0.9996,0.000199959995999,0.998971871665,0.999844437163,0,0,0,0.000383998370677,0,0,0,0.000383998370677,0,0,0,0.000383998370677,0.0047659949654,1,0,0.999616001629,1,0.04,0.0325,-0.0075,-0.1875,0.341181871402,,,,,,,,
A,sample_size,paired,shared,5000,0.05,0,0.8,0.675,1,1,10000,10000,0,0.03993122,0.0336904,-0.00624082,-0.00624082,-0,0.00111692724931,1.11692724931e-05,-0.156282133999,-0.156289239347,-0.207547169811,-0.107473335445,-0.0086,-0.0042,1,0,0.999616001629,1,0,0,0,0.000383998370677,0.9899,0.000999899494949,0.987743478501,0.991680279896,0,0,0,0.000383998370677,0,0,0,0.000383998370677,0,0,0,0.000383998370677,0.00434819752087,1,0,0.999616001629,1,0.04,0.03375,-0.00625,-0.15625,0.82189775616,,,,,,,,
A,sample_size,paired,shared,5000,0.05,0,0.8,0.7,1,1,10000,10000,0,0.039954,0.0349528,-0.0050012,-0.0050012,-0,0.000996691476531,9.96691476531e-06,-0.125166436257,-0.125173950043,-0.173076923077,-0.0810810810811,-0.007,-0.0032,1,0,0.999616001629,1,0,0,0,0.000383998370677,0.8614,0.00345528638466,0.854488864471,0.868033581507,0,0,0,0.000383998370677,0,0,0,0.000383998370677,0,0,0,0.000383998370677,0.00389106442129,1,0,0.999616001629,1,0.04,0.035,-0.005,-0.125,-0.120398340735,,,,,,,,
A,sample_size,paired,shared,5000,0.05,0,0.8,0.725,1,1,10000,10000,0,0.0399531,0.03622038,-0.00373272,-0.00373272,-0,0.000869319833719,8.69319833719e-06,-0.0934115245871,-0.0934275437951,-0.136363636364,-0.0546448087432,-0.0056,-0.0022,0.9857,0.00118724513054,0.983179517246,0.987847466737,0,0,0,0.000383998370677,0.3659,0.00481681627219,0.356512380103,0.37539060826,0,0,0,0.000383998370677,0,0,0,0.000383998370677,0,0,0,0.000383998370677,0.00335722090729,1,0,0.999616001629,1,0.04,0.03625,-0.00375,-0.09375,1.98776092869,,,,,,,,
A,sample_size,paired,shared,5000,0.05,0,0.8,0.75,1,1,10000,10000,0,0.03994842,0.03745286,-0.00249556,-0.00249556,-0,0.000706092163258,7.06092163258e-06,-0.062457787013,-0.0624695544905,-0.0980392156863,-0.0306083600953,-0.004,-0.0012,0.7634,0.0042499463526,0.754970098318,0.77162761134,0,0,0,0.000383998370677,0.0195,0.00138274184142,0.0169686324943,0.0224003899399,0,0,0,0.000383998370677,0,0,0,0.000383998370677,0,0,0,0.000383998370677,0.00273717464966,0.9983,0.00041195994951,0.997279014585,0.998938292639,0.04,0.0375,-0.0025,-0.0625,0.628813097077,,,,,,,,
A,sample_size,paired,shared,5000,0.05,0,0.8,0.775,1,1,10000,10000,0,0.03995618,0.03870666,-0.00124952,-0.00124952,-0,0.000505811579677,5.05811579677e-06,-0.031278934328,-0.0312722587595,-0.0579710144928,-0.00966183574879,-0.0024,-0.0004,0.0768,0.00266273844003,0.0717421087767,0.0821829074442,0,0,0,0.000383998370677,0,0,0,0.000383998370677,0,0,0,0.000383998370677,0,0,0,0.000383998370677,0.0332,0.00179158477332,0.0298639100203,0.0368945908586,0.00191389334126,0.8659,0.00340759724733,0.859080531497,0.872438458495,0.04,0.03875,-0.00125,-0.03125,0.0948969970809,,,,,,,,
A,sample_size,paired,shared,5000,0.05,0,0.8,0.8,1,1,10000,10000,0,0.0399645,0.0399645,0,0,-0,0,0,0,0,0,0,0,0,0,0,0,0.000383998370677,0,0,0,0.000383998370677,0,0,0,0.000383998370677,0,0,0,0.000383998370677,0,0,0,0.000383998370677,1,0,0.999616001629,1,0,0,0,0,0.000383998370677,0.04,0.04,0,0,0,,,,,,,,
A,sample_size,paired,shared,5000,0.05,0,0.8,0.825,1,1,10000,10000,0,0.03996572,0.04121496,0.00124924,0.00124924,-0,0.000503119007068,5.03119007068e-06,0.0314169112143,0.0312577879243,0.00952380952381,0.0591774562072,0.0004,0.0024,0,0,0,0.000383998370677,0.0819,0.00274212308258,0.0766847212748,0.0874363781628,0,0,0,0.000383998370677,0.0001,9.9994999875e-05,1.76526736011e-05,0.000566268897401,0.9981,0.000435475602072,0.997034204983,0.99878325584,0.0357,0.00185541127516,0.0322380806649,0.0395185002221,0.00191413711713,0.8694,0.00336962371787,0.86265355458,0.875862747424,0.04,0.04125,0.00125,0.03125,-0.151057699931,,,,,,,,
A,sample_size,paired,shared,5000,0.05,0,0.8,0.85,1,1,10000,10000,0,0.03996572,0.04246408,0.00249836,0.00249836,-0,0.00071046448636,7.1046448636e-06,0.0628301461752,0.0625125732753,0.029702970297,0.102150537634,0.0012,0.004,0,0,0,0.000383998370677,0.7488,0.00433703308726,0.740205127806,0.757203794604,0,0,0,0.000383998370677,0.0313,0.00174127281033,0.0280630600121,0.0348969000606,1,0,0.999616001629,1,0,0,0,0.000383998370677,0.00273847510573,0.9985,0.00038700775186,0.99752641545,0.999090738174,0.04,0.0425,0.0025,0.0625,-0.230834901882,,,,,,,,
A,sample_size,paired,shared,5000,0.05,0,0.8,0.875,1,1,10000,10000,0,0.03996572,0.0437137,0.00374798,0.00374798,-0,0.000869968737462,8.69968737462e-06,0.0942499202297,0.093779869348,0.0520833333333,0.142132601772,0.0022,0.0056,0,0,0,0.000383998370677,0.9825,0.00131124940419,0.979738541372,0.9848909002,0,0,0,0.000383998370677,0.3772,0.00484685630074,0.367749198258,0.386745111742,1,0,0.999616001629,1,0,0,0,0.000383998370677,0.00336424365023,1,0,0.999616001629,1,0.04,0.04375,0.00375,0.09375,-0.232192251631,,,,,,,,
A,sample_size,paired,shared,5000,0.05,0,0.8,0.9,1,1,10000,10000,0,0.03997228,0.04496642,0.00499414,0.00499414,-0,0.00101193283434,1.01193283434e-05,0.125558439119,0.124940083478,0.0765306122449,0.182244207555,0.0032,0.0072,0,0,0,0.000383998370677,0.9998,0.000141407213395,0.999271004156,0.999945151073,0,0,0,0.000383998370677,0.8263,0.00378851303284,0.81874972073,0.833599681934,1,0,0.999616001629,1,0,0,0,0.000383998370677,0.00388765395427,1,0,0.999616001629,1,0.04,0.045,0.005,0.125,-0.579089817146,,,,,,,,
A,sample_size,paired,shared,5000,0.05,0,0.8,0.925,1,1,10000,10000,0,0.03996572,0.04620812,0.0062424,0.0062424,-0,0.00110689690671,1.10689690671e-05,0.15696351866,0.156193858136,0.102941176471,0.220338983051,0.0042,0.0086,0,0,0,0.000383998370677,1,0,0.999616001629,1,0,0,0,0.000383998370677,0.98,0.0014,0.977066073239,0.982565288325,1,0,0.999616001629,1,0,0,0,0.000383998370677,0.0043490946425,1,0,0.999616001629,1,0.04,0.04625,0.00625,0.15625,-0.686604141176,,,,,,,,
A,sample_size,paired,shared,5000,0.05,0,0.8,0.95,1,1,10000,10000,0,0.03996572,0.04745774,0.00749202,0.00749202,-0,0.00121142687567,1.21142687567e-05,0.188383292715,0.187461154209,0.127450980392,0.258068947182,0.0052,0.01,0,0,0,0.000383998370677,1,0,0.999616001629,1,0,0,0,0.000383998370677,0.999,0.000316069612586,0.998160055613,0.999456714014,1,0,0.999616001629,1,0,0,0,0.000383998370677,0.00476479315064,1,0,0.999616001629,1,0.04,0.0475,0.0075,0.1875,-0.658727337178,,,,,,,,
A,sample_size,paired,shared,5000,0.05,0,0.8,0.975,1,1,10000,10000,0,0.03996572,0.04870686,0.00874114,0.00874114,-0,0.00130549528233,1.30549528233e-05,0.219796527676,0.21871593956,0.153846153846,0.294736842105,0.0062,0.0114,0,0,0,0.000383998370677,1,0,0.999616001629,1,0,0,0,0.000383998370677,0.9999,9.9994999875e-05,0.999433731103,0.999982347326,1,0,0.999616001629,1,0,0,0,0.000383998370677,0.00514597796592,1,0,0.999616001629,1,0.04,0.04875,0.00875,0.21875,-0.678669629825,,,,,,,,
A,sample_size,paired,shared,5000,0.05,0,0.8,1,1,1,10000,10000,0,0.03996572,0.0499561,0.00999038,0.00999038,-0,0.00140031837264,1.40031837264e-05,0.25121343889,0.249973727484,0.179104477612,0.335078534031,0.0074,0.0128,0,0,0,0.000383998370677,1,0,0.999616001629,1,0,0,0,0.000383998370677,1,0,0.999616001629,1,1,0,0.999616001629,1,0,0,0,0.000383998370677,0.00549981849243,1,0,0.999616001629,1,0.04,0.05,0.01,0.25,-0.68698663018,,,,,,,,
A,sample_size,repeated,shared,5000,0.05,0,0.8,0.6,1,1,10000,10000,0,0.03996804,0.02995612,-0.01001192,-0.01001192,-0,0.00363487374531,3.63487374531e-05,-0.246965120355,-0.25049814802,-0.394498498375,-0.0815217391304,-0.0172,-0.003,0.9886,0.00106160444611,0.986323627845,0.990501128947,0.0011,0.000331480014481,0.00061435065423,0.00196880292003,0.9624,0.0019022681199,0.958490551554,0.965954326753,0.0001,9.9994999875e-05,1.76526736011e-05,0.000566268897401,0.0022,0.000468525346166,0.00145334957779,0.00332895920005,0.0008,0.000282729552753,0.000405433719897,0.00157795025339,0.0143891116932,0.7798,0.00414381418502,0.771571679421,0.787813435091,0.04,0.03,-0.01,-0.25,-0.32793436128,,,,,,,,
A,sample_size,repeated,shared,5000,0.05,0,0.8,0.625,1,1,10000,10000,0,0.03996804,0.03120824,-0.0087598,-0.0087598,-0,0.00371964078007,3.71964078007e-05,-0.215375605266,-0.219170116923,-0.367256637168,-0.0406054693231,-0.016,-0.0014,0.9681,0.00175733861279,0.964471903313,0.971368597412,0.0024,0.000489309717868,0.0016133788094,0.0035687763691,0.9132,0.0028154175534,0.907521993302,0.918560670445,0.0005,0.000223550889061,0.000213588426164,0.00117002594614,0.0088,0.000933946465275,0.00714877589421,0.0108284641051,0.0044,0.000661864034376,0.0032794410394,0.00590117814561,0.0145141851626,0.6605,0.00473539597077,0.651158740192,0.669717996331,0.04,0.03125,-0.00875,-0.21875,-0.263466301706,,,,,,,,
A,sample_size,repeated,shared,5000,0.05,0,0.8,0.65,1,1,10000,10000,0,0.03996804,0.0324541,-0.00751394,-0.00751394,-0,0.00372647639722,3.72647639722e-05,-0.184108367081,-0.18799871097,-0.34328358209,-0.0101952850106,-0.015,-0.0004,0.9379,0.00241337087908,0.932999646879,0.942464047348,0.0048,0.000691155554127,0.00362249223385,0.00635781975247,0.8409,0.00365769312545,0.833600329434,0.847937860477,0.0011,0.000331480014481,0.00061435065423,0.00196880292003,0.019,0.00136524723036,0.016503013281,0.0218663931516,0.0085,0.000918027777358,0.00687990595244,0.0104975644459,0.0146371137369,0.5143,0.00499795468167,0.50450057708,0.524088440567,0.04,0.0325,-0.0075,-0.1875,-0.374079921998,,,,,,,,
A,sample_size,repeated,shared,5000,0.05,0,0.8,0.675,1,1,10000,10000,0,0.03996804,0.0337155,-0.00625254,-0.00625254,-0,0.00375374541077,3.75374541077e-05,-0.152400952985,-0.156438494357,-0.313435997976,0.0320942332707,-0.0136,0.0012,0.8763,0.00329238986148,0.869702156988,0.882608845838,0.0146,0.00119945154133,0.01242858336,0.0171442022583,0.7332,0.00442286965668,0.724442988281,0.741777914879,0.003,0.000546900356555,0.00210228769405,0.0042794066864,0.0457,0.00208833689811,0.0417784546412,0.0499704462784,0.0148,0.00120751645952,0.0126127578075,0.0173598742115,0.0147602227162,0.3782,0.00484937892931,0.368743872906,0.387749669097,0.04,0.03375,-0.00625,-0.15625,-0.0676657503918,,,,,,,,
A,sample_size,repeated,shared,5000,0.05,0,0.8,0.7,1,1,10000,10000,0,0.03996804,0.03494562,-0.00502242,-0.00502242,-0,0.00378258696397,3.78258696397e-05,-0.121466353781,-0.125660903062,-0.285046728972,0.0670834580278,-0.0124,0.0024,0.7947,0.00403920672905,0.78667084719,0.80250282417,0.0351,0.00184032578638,0.031667825249,0.0388892164361,0.6116,0.00487386335467,0.602006287265,0.621108004299,0.0115,0.00106619651097,0.00958987375405,0.0137852926541,0.0857,0.00279920542297,0.0803714956084,0.0913466854416,0.0295,0.0016920328011,0.0263600659501,0.0330012765167,0.014879025296,0.2564,0.00436645210669,0.247936585136,0.26505049887,0.04,0.035,-0.005,-0.125,-0.592716048924,,,,,,,,
A,sample_size,repeated,shared,5000,0.05,0,0.8,0.725,1,1,10000,10000,0,0.03996804,0.03620672,-0.00376132,-0.00376132,-0,0.00384340643634,3.84340643634e-05,-0.0896929587266,-0.0941081924458,-0.257648837163,0.10152284264,-0.0114,0.0038,0.677,0.00467622711168,0.66776830339,0.686095761187,0.0695,0.00254302477377,0.0646792901938,0.0746513324034,0.4748,0.00499364556211,0.465024185868,0.48459516765,0.0256,0.00157938722294,0.0226818645519,0.0288824731022,0.1584,0.0036511565291,0.151375210293,0.165687137394,0.0435,0.0020397977841,0.039674290803,0.0476762997094,0.0149995550998,0.1674,0.00373332613095,0.160210823372,0.174844612344,0.04,0.03625,-0.00375,-0.09375,-0.294530390878,,,,,,,,
A,sample_size,repeated,shared,5000,0.05,0,0.8,0.75,1,1,10000,10000,0,0.03996804,0.03744172,-0.00252632,-0.00252632,-0,0.00384992538241,3.84992538241e-05,-0.0587107616859,-0.0632085035944,-0.231111111111,0.135486604702,-0.0102,0.005,0.5546,0.00497009899298,0.544839666581,0.564318400797,0.1264,0.00332299623834,0.120030179306,0.133056744276,0.3386,0.00473233599821,0.329388343116,0.347935611558,0.051,0.00219997727261,0.0468579206089,0.055486909928,0.2518,0.00434046955985,0.243389243937,0.260401372854,0.0627,0.00242422585581,0.0581144724932,0.0676213724818,0.0151162273704,0.1014,0.0030185764857,0.0956359165944,0.107470206907,0.04,0.0375,-0.0025,-0.0625,-0.68364961358,,,,,,,,
A,sample_size,repeated,shared,5000,0.05,0,0.8,0.775,1,1,10000,10000,0,0.03996804,0.03871862,-0.00124942,-0.00124942,-0,0.00387840197295,3.87840197295e-05,-0.0266208227437,-0.0312604771212,-0.202766607252,0.178383204633,-0.009,0.0064,0.4201,0.00493574705592,0.410458603897,0.429802759043,0.2034,0.00402527564274,0.195625191312,0.211402596522,0.2273,0.00419087950197,0.219191653103,0.235617779608,0.1007,0.00300931071842,0.0949543294012,0.106752331698,0.3631,0.00480893324969,0.353728896605,0.372576242148,0.0726,0.0025947878526,0.067676758706,0.0778514831013,0.0152356236076,0.0614,0.00240062575176,0.0568611711794,0.0662756721914,0.04,0.03875,-0.00125,-0.03125,0.0149546128546,,,,,,,,
A,sample_size,repeated,shared,5000,0.05,0,0.8,0.8,1,1,10000,10000,0,0.03996804,0.03994828,-1.976e-05,-1.976e-05,-0,0.00391435892107,3.91435892107e-05,0.00431201792542,-0.000494395021622,-0.176191000629,0.208092485549,-0.0078,0.0076,0.2971,0.00456980951463,0.288222632102,0.306133194437,0.3101,0.00462534312241,0.301108862757,0.319236979824,0.1438,0.00350886819359,0.137059485165,0.150814075274,0.1649,0.00371090272036,0.15775570035,0.172301655358,0.4906,0.00499911632191,0.48080740238,0.50039981679,0.0833,0.00276335140726,0.0780426192332,0.088877405009,0.0153494745458,0.0484,0.00214609971809,0.0443643693289,0.0527824579995,0.04,0.04,0,0,-0.504808077093,,,,,,,,
A,sample_size,repeated,shared,5000,0.05,0,0.8,0.825,1,1,10000,10000,0,0.03996804,0.04119926,0.00123122,0.00123122,-0,0.00395356249188,3.95356249188e-05,0.0358006512477,0.0308051132855,-0.152839781298,0.243243243243,-0.0066,0.0088,0.2003,0.00400224824318,0.192571483808,0.208258684815,0.4302,0.00495103989077,0.420524769503,0.43992883667,0.086,0.00280364049051,0.0806626964858,0.0916552541651,0.2539,0.00435241071132,0.245465048245,0.262523955753,0.6169,0.00486142355694,0.607328619329,0.626381601852,0.0805,0.00272065708975,0.0753272882463,0.0859948863867,0.0154641538938,0.0608,0.00238963093385,0.0562829247422,0.0656543794266,0.04,0.04125,0.00125,0.03125,-0.475014623862,,,,,,,,
A,sample_size,repeated,shared,5000,0.05,0,0.8,0.85,1,1,10000,10000,0,0.03996804,0.04243638,0.00246834,0.00246834,-0,0.00395761593852,3.95761593852e-05,0.0668233479356,0.0617578445178,-0.121495327103,0.284916952003,-0.0052,0.0102,0.1212,0.00326359556318,0.11494850308,0.127742414085,0.5498,0.00497513778704,0.540031639627,0.559530114136,0.0416,0.00199673333222,0.0378592934673,0.0456927562389,0.3588,0.00479648371205,0.349454933998,0.368253507142,0.7229,0.00447566296765,0.714043535291,0.731585278235,0.079,0.00269738762509,0.0738734242424,0.0844499023857,0.0155762872537,0.0921,0.0028916706244,0.0865879865188,0.097925279352,0.04,0.0425,0.0025,0.0625,-0.799976563968,,,,,,,,
A,sample_size,repeated,shared,5000,0.05,0,0.8,0.875,1,1,10000,10000,0,0.03996804,0.04369078,0.00372274,0.00372274,-0,0.00392582731464,3.92582731464e-05,0.0982324855266,0.093142921194,-0.0929203539823,0.31396179402,-0.0042,0.0114,0.0675,0.00250885930255,0.0627469452479,0.0725852133427,0.6691,0.00470537129247,0.659814249824,0.678255881927,0.0207,0.00142378053084,0.0180879636236,0.0236801372146,0.4764,0.0049944272945,0.466622040186,0.486196084537,0.8243,0.00380564725113,0.816716930346,0.831634008311,0.054,0.00226017698422,0.0497389383894,0.0586035881572,0.0156888874944,0.1469,0.00354006200511,0.140097203112,0.153973976537,0.04,0.04375,0.00375,0.09375,-0.694375931878,,,,,,,,
A,sample_size,repeated,shared,5000,0.05,0,0.8,0.9,1,1,10000,10000,0,0.03996804,0.0449451,0.00497706,0.00497706,-0,0.00399144972704,3.99144972704e-05,0.129867225238,0.124525996271,-0.0660854760406,0.35,-0.003,0.0126,0.0404,0.00196895505281,0.0367141114358,0.0444388598666,0.769,0.00421472419026,0.760636937096,0.77715647178,0.0093,0.000959870303739,0.00759806350136,0.0113787924996,0.5951,0.00490872682067,0.585444332045,0.604682631465,0.8864,0.00317324817813,0.880031595134,0.892471650925,0.0447,0.00206644404715,0.0408216837143,0.048927985202,0.015800538158,0.2336,0.00423120597466,0.225410247216,0.241994347116,0.04,0.045,0.005,0.125,-0.574728521434,,,,,,,,
A,sample_size,repeated,shared,5000,0.05,0,0.8,0.925,1,1,10000,10000,0,0.03996804,0.04618612,0.00621808,0.00621808,-0,0.00404972902107,4.04972902107e-05,0.161110089088,0.155576305468,-0.042654028436,0.390804597701,-0.0018,0.0142,0.0205,0.00141703034548,0.0179012340989,0.0234670203385,0.8461,0.00360852864752,0.838894621222,0.853039575106,0.0039,0.000623280835579,0.00285436086877,0.00532664231461,0.7066,0.00455320151102,0.697597915852,0.715443416021,0.9316,0.00252431059896,0.926484882827,0.93638364978,0.0306,0.0017223135603,0.0274004146572,0.0341600830132,0.0159098407588,0.3337,0.00471533996653,0.324523516363,0.343004201495,0.04,0.04625,0.00625,0.15625,-0.78820088539,,,,,,,,
A,sample_size,repeated,shared,5000,0.05,0,0.8,0.95,1,1,10000,10000,0,0.03996804,0.04744446,0.00747642,0.00747642,-0,0.00408804246464,4.08804246464e-05,0.192765210703,0.187059960909,-0.00926142263759,0.429348593712,-0.0004,0.0154,0.0071,0.000839618365688,0.00563311602124,0.00894542957257,0.9024,0.00296773044598,0.896427898684,0.908063059427,0.0014,0.000373903730925,0.000834162028875,0.00234876114636,0.7907,0.00406808935497,0.782615812544,0.798560930804,0.9654,0.00182764438554,0.961635401715,0.968807172602,0.0176,0.00131492357192,0.0152018828931,0.020368598735,0.0160196042242,0.4451,0.00496976850568,0.435382361771,0.45485980125,0.04,0.0475,0.0075,0.1875,-0.576804184495,,,,,,,,
A,sample_size,repeated,shared,5000,0.05,0,0.8,0.975,1,1,10000,10000,0,0.03996804,0.04869294,0.0087249,0.0087249,-0,0.00409797453988,4.09797453988e-05,0.2241004247,0.218296919238,0.0133898941214,0.458563535912,0.0006,0.0166,0.0044,0.000661864034376,0.0032794410394,0.00590117814561,0.9438,0.00230307533529,0.939113287127,0.94814587592,0.001,0.000316069612586,0.000543285986497,0.00183994438744,0.867,0.00339574734042,0.860203315943,0.873514829253,0.982,0.00132951118837,0.97920305282,0.98442677275,0.0098,0.000985086798206,0.00804871605521,0.0119277559474,0.0161274425284,0.5641,0.00495874167506,0.554358265648,0.573792505761,0.04,0.04875,0.00875,0.21875,-0.612497704798,,,,,,,,
A,sample_size,repeated,shared,5000,0.05,0,0.8,1,1,1,10000,10000,0,0.03996804,0.04993254,0.0099645,0.0099645,-0,0.0041227354323,4.1227354323e-05,0.255261851377,0.249311700048,0.0412844036697,0.5,0.0018,0.018,0.0018,0.000423882059068,0.00113892799151,0.00284368798503,0.9698,0.00171137254857,0.966261164306,0.972978030825,0.0002,0.000141407213395,5.48489273209e-05,0.000728995844007,0.9178,0.00274669182836,0.912254791599,0.923024339362,0.9901,0.000990049998737,0.987962606019,0.991860998778,0.006,0.000772269383052,0.00466452289345,0.00771486749678,0.0162335450496,0.6773,0.00467509048041,0.668070414602,0.686393419575,0.04,0.05,0.01,0.25,-0.861078780895,,,,,,,,
A,sample_size,paired,shared,10000,0.05,0,0.8,0.6,1,1,10000,10000,0,0.04003844,0.03002713,-0.01001131,-0.01001131,-0,0.000999063009319,9.99063009319e-06,-0.250052213982,-0.250042459197,-0.293368844016,-0.207728539576,-0.012,-0.0081,1,0,0.999616001629,1,0,0,0,0.000383998370677,1,0,0.999616001629,1,0,0,0,0.000383998370677,0,0,0,0.000383998370677,0,0,0,0.000383998370677,0.00389768731649,1,0,0.999616001629,1,0.04,0.03,-0.01,-0.25,-1.13206073035,,,,,,,,
A,sample_size,paired,shared,10000,0.05,0,0.8,0.625,1,1,10000,10000,0,0.04003287,0.03128091,-0.00875196,-0.00875196,-0,0.000925985908851,9.25985908851e-06,-0.218638571282,-0.21861934955,-0.25974025974,-0.178841309824,-0.0106,-0.007,1,0,0.999616001629,1,0,0,0,0.000383998370677,1,0,0.999616001629,1,0,0,0,0.000383998370677,0,0,0,0.000383998370677,0,0,0,0.000383998370677,0.0036460506096,1,0,0.999616001629,1,0.04,0.03125,-0.00875,-0.21875,-0.211666287927,,,,,,,,
A,sample_size,paired,shared,10000,0.05,0,0.8,0.65,1,1,10000,10000,0,0.04004288,0.03253796,-0.00750492,-0.00750492,-0,0.000862714449411,8.62714449411e-06,-0.187419428657,-0.187422083526,-0.227157014004,-0.150357995227,-0.0092,-0.0059,1,0,0.999616001629,1,0,0,0,0.000383998370677,1,0,0.999616001629,1,0,0,0,0.000383998370677,0,0,0,0.000383998370677,0,0,0,0.000383998370677,0.00337757419393,1,0,0.999616001629,1,0.04,0.0325,-0.0075,-0.1875,-0.570292986672,,,,,,,,
A,sample_size,paired,shared,10000,0.05,0,0.8,0.675,1,1,10000,10000,0,0.04003674,0.03379311,-0.00624363,-0.00624363,-0,0.000793167280297,7.93167280297e-06,-0.155937041972,-0.15594751221,-0.192894595402,-0.120964875401,-0.0079,-0.0047,1,0,0.999616001629,1,0,0,0,0.000383998370677,0.9995,0.000223550889061,0.998829974054,0.999786411574,0,0,0,0.000383998370677,0,0,0,0.000383998370677,0,0,0,0.000383998370677,0.0030815198128,1,0,0.999616001629,1,0.04,0.03375,-0.00625,-0.15625,0.803109275716,,,,,,,,
A,sample_size,paired,shared,10000,0.05,0,0.8,0.7,1,1,10000,10000,0,0.04001877,0.03502228,-0.00499649,-0.00499649,-0,0.000700232613116,7.00232613116e-06,-0.124852551654,-0.124853662419,-0.158291954495,-0.0938271604938,-0.0064,-0.0037,1,0,0.999616001629,1,0,0,0,0.000383998370677,0.9401,0.00237301474922,0.935277802061,0.944584202573,0,0,0,0.000383998370677,0,0,0,0.000383998370677,0,0,0,0.000383998370677,0.00275716845098,1,0,0.999616001629,1,0.04,0.035,-0.005,-0.125,0.501261999836,,,,,,,,
A,sample_size,paired,shared,10000,0.05,0,0.8,0.725,1,1,10000,10000,0,0.04002311,0.03627611,-0.003747,-0.003747,-0,0.000606535892243,6.06535892243e-06,-0.0936221401707,-0.0936209105189,-0.123076923077,-0.0666666666667,-0.005,-0.0026,0.9995,0.000223550889061,0.998829974054,0.999786411574,0,0,0,0.000383998370677,0.3224,0.00467395164716,0.313308926349,0.331627469872,0,0,0,0.000383998370677,0,0,0,0.000383998370677,0,0,0,0.000383998370677,0.00238713750219,1,0,0.999616001629,1,0.04,0.03625,-0.00375,-0.09375,0.494612114201,,,,,,,,
A,sample_size,paired,shared,10000,0.05,0,0.8,0.75,1,1,10000,10000,0,0.04003105,0.03753338,-0.00249767,-0.00249767,-0,0.000496741629345,4.96741629345e-06,-0.0623870387088,-0.0623933171875,-0.0868422685125,-0.0399975062344,-0.0035,-0.0016,0.8467,0.00360276435532,0.839505680121,0.853628055409,0,0,0,0.000383998370677,0.0014,0.000373903730925,0.000834162028875,0.00234876114636,0,0,0,0.000383998370677,0,0,0,0.000383998370677,0,0,0,0.000383998370677,0.00194680609249,1,0,0.999616001629,1,0.04,0.0375,-0.0025,-0.0625,0.469056721313,,,,,,,,
A,sample_size,paired,shared,10000,0.05,0,0.8,0.775,1,1,10000,10000,0,0.04002777,0.03877693,-0.00125084,-0.00125084,-0,0.000350989478135,3.50989478135e-06,-0.0312534352852,-0.0312493051699,-0.049504950495,-0.0152671755725,-0.002,-0.0006,0.0214,0.00144713648285,0.0187420418498,0.0244255213906,0,0,0,0.000383998370677,0,0,0,0.000383998370677,0,0,0,0.000383998370677,0,0,0,0.000383998370677,0.0016,0.000399679871897,0.000985132659693,0.0025976369162,0.00137138413136,0.9991,0.000299864969611,0.998290269887,0.999526422939,0.04,0.03875,-0.00125,-0.03125,-0.239323413472,,,,,,,,
A,sample_size,paired,shared,10000,0.05,0,0.8,0.8,1,1,10000,10000,0,0.04002899,0.04002899,0,0,-0,0,0,0,0,0,0,0,0,0,0,0,0.000383998370677,0,0,0,0.000383998370677,0,0,0,0.000383998370677,0,0,0,0.000383998370677,0,0,0,0.000383998370677,1,0,0.999616001629,1,0,0,0,0,0.000383998370677,0.04,0.04,0,0,0,,,,,,,,
A,sample_size,paired,shared,10000,0.05,0,0.8,0.825,1,1,10000,10000,0,0.0400406,0.04128662,0.00124602,0.00124602,-0,0.000351027750539,3.51027750539e-06,0.0311981663197,0.031118914302,0.0147783251232,0.05,0.0006,0.002,0,0,0,0.000383998370677,0.0248,0.00155515143957,0.0219295622152,0.0280353898363,0,0,0,0.000383998370677,0,0,0,0.000383998370677,1,0,0.999616001629,1,0.0032,0.000564779603031,0.00226771385379,0.00451382692731,0.00136858215632,0.9988,0.000346202253026,0.997903527544,0.999313395681,0.04,0.04125,0.00125,0.03125,-1.13381349306,,,,,,,,
A,sample_size,paired,shared,10000,0.05,0,0.8,0.85,1,1,10000,10000,0,0.04003548,0.04253596,0.00250048,0.00250048,-0,0.000496836446173,4.96836446173e-06,0.0626223924863,0.0624566009949,0.0389294403893,0.0893734535171,0.0016,0.0035,0,0,0,0.000383998370677,0.8337,0.0037234971465,0.826274215667,0.84086950382,0,0,0,0.000383998370677,0.0032,0.000564779603031,0.00226771385379,0.00451382692731,1,0,0.999616001629,1,0,0,0,0.000383998370677,0.00194791898668,1,0,0.999616001629,1,0.04,0.0425,0.0025,0.0625,0.0966112699064,,,,,,,,
A,sample_size,paired,shared,10000,0.05,0,0.8,0.875,1,1,10000,10000,0,0.04001285,0.04377001,0.00375716,0.00375716,-0,0.000610372009351,6.10372009351e-06,0.0941382723243,0.0938988349993,0.0644391408115,0.127453481393,0.0026,0.005,0,0,0,0.000383998370677,0.9991,0.000299864969611,0.998290269887,0.999526422939,0,0,0,0.000383998370677,0.3425,0.0047454583551,0.333261141547,0.35185981794,1,0,0.999616001629,1,0,0,0,0.000383998370677,0.00239030458029,1,0,0.999616001629,1,0.04,0.04375,0.00375,0.09375,1.17305510251,,,,,,,,
A,sample_size,paired,shared,10000,0.05,0,0.8,0.9,1,1,10000,10000,0,0.04003839,0.04503456,0.00499617,0.00499617,-0,0.00070269887553,7.0269887553e-06,0.125114900593,0.124784488088,0.0904522613065,0.164490861619,0.0037,0.0065,0,0,0,0.000383998370677,1,0,0.999616001629,1,0,0,0,0.000383998370677,0.9171,0.00275731010226,0.911534270133,0.922345398426,1,0,0.999616001629,1,0,0,0,0.000383998370677,0.00275702006499,1,0,0.999616001629,1,0.04,0.045,0.005,0.125,-0.545041430031,,,,,,,,
A,sample_size,paired,shared,10000,0.05,0,0.8,0.925,1,1,10000,10000,0,0.04001285,0.04627482,0.00626197,0.00626197,-0,0.000793492080659,7.93492080659e-06,0.156890844846,0.156498974704,0.116504854369,0.201044731789,0.0047,0.0079,0,0,0,0.000383998370677,1,0,0.999616001629,1,0,0,0,0.000383998370677,0.9983,0.00041195994951,0.997279014585,0.998938292639,1,0,0.999616001629,1,0,0,0,0.000383998370677,0.00308605023543,1,0,0.999616001629,1,0.04,0.04625,0.00625,0.15625,1.50852167171,,,,,,,,
A,sample_size,paired,shared,10000,0.05,0,0.8,0.95,1,1,10000,10000,0,0.04004198,0.0475341,0.00749212,0.00749212,-0,0.000857803875224,8.57803875224e-06,0.187586648598,0.18710663159,0.142512077295,0.236585365854,0.0058,0.0092,0,0,0,0.000383998370677,1,0,0.999616001629,1,0,0,0,0.000383998370677,1,0,0.999616001629,1,1,0,0.999616001629,1,0,0,0,0.000383998370677,0.0033747533105,1,0,0.999616001629,1,0.04,0.0475,0.0075,0.1875,-0.918624901052,,,,,,,,
A,sample_size,paired,shared,10000,0.05,0,0.8,0.975,1,1,10000,10000,0,0.0400406,0.04878596,0.00874536,0.00874536,-0,0.000928192126913,9.28192126913e-06,0.218957293001,0.218412311504,0.170899532304,0.272,0.007,0.0106,0,0,0,0.000383998370677,1,0,0.999616001629,1,0,0,0,0.000383998370677,1,0,0.999616001629,1,1,0,0.999616001629,1,0,0,0,0.000383998370677,0.00364463608629,1,0,0.999616001629,1,0.04,0.04875,0.00875,0.21875,-0.499896504771,,,,,,,,
A,sample_size,paired,shared,10000,0.05,0,0.8,1,1,1,10000,10000,0,0.0400406,0.05003198,0.00999138,0.00999138,-0,0.000991028712698,9.91028712698e-06,0.250155459321,0.249531225806,0.19806763285,0.308081137748,0.0081,0.012,0,0,0,0.000383998370677,1,0,0.999616001629,1,0,0,0,0.000383998370677,1,0,0.999616001629,1,1,0,0.999616001629,1,0,0,0,0.000383998370677,0.0038938901271,1,0,0.999616001629,1,0.04,0.05,0.01,0.25,-0.869803254896,,,,,,,,
A,sample_size,repeated,shared,10000,0.05,0,0.8,0.6,1,1,10000,10000,0,0.04000694,0.02999896,-0.01000798,-0.01000798,-0,0.00259492806929,2.59492806929e-05,-0.248354277949,-0.250156097917,-0.354024088434,-0.132811970698,-0.0151,-0.0049975,0.9993,0.0002644825136,0.998555665559,0.999660873668,0,0,0,0.000383998370677,0.9923,0.000874111548946,0.990387659248,0.993834255957,0,0,0,0.000383998370677,0,0,0,0.000383998370677,0.0002,0.000141407213395,5.48489273209e-05,0.000728995844007,0.0101825618845,0.9726,0.00163245949414,0.969214431412,0.975622613328,0.04,0.03,-0.01,-0.25,-0.307522975085,,,,,,,,
A,sample_size,repeated,shared,10000,0.05,0,0.8,0.625,1,1,10000,10000,0,0.04000694,0.0312531,-0.00875384,-0.00875384,-0,0.00261279771999,2.61279771999e-05,-0.216937864606,-0.218808036806,-0.323529411765,-0.0956072351421,-0.0138,-0.0036,0.9968,0.000564779603031,0.995486173073,0.997732286146,0,0,0,0.000383998370677,0.9718,0.00165543831054,0.968369798034,0.974867861103,0,0,0,0.000383998370677,0.0007,0.0002644825136,0.000339126331688,0.00144433444127,0.0003,0.000173179098046,0.000102032199418,0.000881735772236,0.0102709990258,0.9191,0.00272681480853,0.913593210741,0.924284921825,0.04,0.03125,-0.00875,-0.21875,-0.146968897386,,,,,,,,
A,sample_size,repeated,shared,10000,0.05,0,0.8,0.65,1,1,10000,10000,0,0.04000694,0.03249343,-0.00751351,-0.00751351,-0,0.00264984275884,2.64984275884e-05,-0.185839495632,-0.187805165804,-0.298579021854,-0.0648648648649,-0.0128,-0.0024,0.985,0.00121552457811,0.98242456407,0.987202957511,0.0003,0.000173179098046,0.000102032199418,0.000881735772236,0.921,0.00269738762509,0.915550097614,0.926126575758,0,0,0,0.000383998370677,0.0021,0.000457776146168,0.00137399170498,0.00320839387254,0.0009,0.000299864969611,0.000473577060585,0.00170973011302,0.0103575053355,0.8114,0.00391190541808,0.803613768832,0.818947076982,0.04,0.0325,-0.0075,-0.1875,-0.509841572861,,,,,,,,
A,sample_size,repeated,shared,10000,0.05,0,0.8,0.675,1,1,10000,10000,0,0.04000694,0.0337397,-0.00626724,-0.00626724,-0,0.00265491273653,2.65491273653e-05,-0.154644983657,-0.156653820562,-0.270214019526,-0.027397260274,-0.0115025,-0.001,0.9499,0.00218151300707,0.945448883732,0.954005594534,0.0013,0.000360320690497,0.00075991187258,0.00222308810233,0.8162,0.0038732100382,0.808487714053,0.823669445377,0.0002,0.000141407213395,5.48489273209e-05,0.000728995844007,0.0079,0.000885301643509,0.00634387826878,0.00983405292764,0.0069,0.000827791640451,0.00545620543118,0.00872249376198,0.0104434385437,0.6566,0.00474843595303,0.647234695158,0.665845036552,0.04,0.03375,-0.00625,-0.15625,-0.649362209266,,,,,,,,
A,sample_size,repeated,shared,10000,0.05,0,0.8,0.7,1,1,10000,10000,0,0.04000694,0.03500345,-0.00500349,-0.00500349,-0,0.00268041587871,2.68041587871e-05,-0.122976556784,-0.125065551127,-0.241050119332,0.00536229063968,-0.0103,0.0002,0.8763,0.00329238986148,0.869702156988,0.882608845838,0.0061,0.000778639197575,0.00475210315987,0.00782721043068,0.6528,0.00476079993278,0.643411935846,0.662070714252,0.0011,0.000331480014481,0.00061435065423,0.00196880292003,0.0283,0.00165828556045,0.0252265318643,0.0317357321986,0.0163,0.00126626655962,0.0139974377258,0.018974042298,0.0105296582371,0.4623,0.00498576684172,0.45254441895,0.472084534528,0.04,0.035,-0.005,-0.125,-0.13020367577,,,,,,,,
A,sample_size,repeated,shared,10000,0.05,0,0.8,0.725,1,1,10000,10000,0,0.04000694,0.03624666,-0.00376028,-0.00376028,-0,0.00271043261604,2.71043261604e-05,-0.0918122637085,-0.0939906926148,-0.211330787263,0.041458894195,-0.009,0.0015025,0.7489,0.00433645926996,0.740306213349,0.757302632262,0.0198,0.00139312454576,0.0172482259005,0.0227205661347,0.4666,0.00498883192742,0.456836763765,0.476388887326,0.0036,0.000598919026246,0.00260160363878,0.00497962994363,0.0794,0.0027036205355,0.0742610670868,0.0848619523426,0.0414,0.00199213553756,0.0376683674639,0.0454838358416,0.0106135768915,0.2854,0.00451604738682,0.276632431755,0.294332380345,0.04,0.03625,-0.00375,-0.09375,-0.379275247027,,,,,,,,
A,sample_size,repeated,shared,10000,0.05,0,0.8,0.75,1,1,10000,10000,0,0.04000694,0.03748874,-0.0025182,-0.0025182,-0,0.00271116391998,2.71116391998e-05,-0.0607170339403,-0.0629440792023,-0.184042884731,0.076340049222,-0.0079,0.0028,0.5822,0.00493196877525,0.572503758751,0.591833111917,0.0536,0.00225226641408,0.0493545758688,0.0581882578765,0.2843,0.00451080380864,0.275543125011,0.293222531886,0.011,0.00104302444842,0.00913526995319,0.0132402804533,0.1713,0.00376770898558,0.164041985483,0.178810455046,0.0718,0.00258156464184,0.0669029544182,0.0770259017864,0.0106965193459,0.1446,0.00351697085572,0.137843309312,0.15162963673,0.04,0.0375,-0.0025,-0.0625,-0.671298399403,,,,,,,,
A,sample_size,repeated,shared,10000,0.05,0,0.8,0.775,1,1,10000,10000,0,0.04000694,0.03874737,-0.00125957,-0.00125957,-0,0.00275721646582,2.75721646582e-05,-0.0291494548551,-0.0314837875629,-0.157004830918,0.111675456523,-0.0067,0.0042,0.3908,0.00487929667063,0.38128043124,0.400403434004,0.1239,0.00329467433899,0.117586603568,0.130502240006,0.1491,0.00356187015485,0.142253647803,0.156215842254,0.0341,0.00181486060071,0.0307180293535,0.0378397803283,0.3209,0.00466822439478,0.311820720776,0.33011682744,0.0961,0.00294728332537,0.0904775548269,0.102032639057,0.0107797146111,0.0733,0.0026062829854,0.0683539844864,0.0785737197231,0.04,0.03875,-0.00125,-0.03125,-0.347089179201,,,,,,,,
A,sample_size,repeated,shared,10000,0.05,0,0.8,0.8,1,1,10000,10000,0,0.04000694,0.03999432,-1.262e-05,-1.262e-05,-0,0.00278425357006,2.78425357006e-05,0.00210831530073,-0.000315445270246,-0.127185364136,0.14536452739,-0.0054,0.0054,0.2328,0.00422615853938,0.224620440753,0.241184767976,0.2418,0.00428173749779,0.233508122725,0.250290174034,0.0647,0.00245995751996,0.060043754915,0.0696905540665,0.0867,0.00281394935989,0.0813422427148,0.0923751703384,0.4835,0.0049972767584,0.473713732169,0.493298939777,0.1142,0.00318054020569,0.108113838845,0.120582454298,0.0108612896932,0.0497,0.00217324434889,0.0456107427312,0.0541350862015,0.04,0.04,0,0,-0.453263313935,,,,,,,,
A,sample_size,repeated,shared,10000,0.05,0,0.8,0.825,1,1,10000,10000,0,0.04000694,0.04124371,0.00123677,0.00123677,-0,0.00278381643261,2.78381643261e-05,0.0333855119342,0.0309138864407,-0.0981944676817,0.179072264986,-0.0041025,0.0067,0.1202,0.00325195264418,0.113971687704,0.126719997458,0.3968,0.00489233850014,0.387252580687,0.406426676576,0.0237,0.00152112819973,0.0208965084337,0.0268692884142,0.1705,0.00376071469271,0.163255991339,0.177997063588,0.6682,0.00470859596908,0.658908278968,0.67736254398,0.1064,0.00308348893301,0.100506884958,0.11259539856,0.0109421770588,0.0695,0.00254302477377,0.0646792901938,0.0746513324034,0.04,0.04125,0.00125,0.03125,-0.475246853384,,,,,,,,
A,sample_size,repeated,shared,10000,0.05,0,0.8,0.85,1,1,10000,10000,0,0.04000694,0.04250355,0.00249661,0.00249661,-0,0.00282870812684,2.82870812684e-05,0.0649904417943,0.0624044228326,-0.0712644958145,0.216803032188,-0.0031,0.0081,0.0514,0.00220812227922,0.0472418249706,0.0559026983676,0.5725,0.00494715827521,0.56277772995,0.582166590287,0.0088,0.000933946465275,0.00714877589421,0.0108284641051,0.3091,0.00462122483764,0.300117313534,0.318229297044,0.8069,0.00394730781673,0.799046157602,0.814518144198,0.0835,0.00276636494339,0.0782366419844,0.0890832286583,0.011022941763,0.1468,0.00353906428311,0.139999195511,0.153872060938,0.04,0.0425,0.0025,0.0625,-0.11984269313,,,,,,,,
A,sample_size,repeated,shared,10000,0.05,0,0.8,0.875,1,1,10000,10000,0,0.04000694,0.0437528,0.00374586,0.00374586,-0,0.00281207959339,2.81207959339e-05,0.0962339736357,0.0936302551507,-0.0421605529502,0.248604115151,-0.0018,0.0093,0.0189,0.00136171913404,0.0164099461824,0.0217595370499,0.7266,0.0044570443121,0.717778583601,0.735247388338,0.0015,0.00038700775186,0.000909261825593,0.00247358454997,0.4637,0.00498680569102,0.453941846419,0.473486031862,0.9048,0.00293490987937,0.898891244094,0.910397870825,0.0507,0.00219384388688,0.0465700404698,0.0551750204661,0.0111021862759,0.2626,0.00440046861141,0.254067575473,0.271314746954,0.04,0.04375,0.00375,0.09375,-0.147222006437,,,,,,,,
A,sample_size,repeated,shared,10000,0.05,0,0.8,0.9,1,1,10000,10000,0,0.04000694,0.04500137,0.00499443,0.00499443,-0,0.00284985159974,2.84985159974e-05,0.127558457168,0.124839090418,-0.0139876516926,0.286864390958,-0.0006,0.0107,0.0053,0.000726079196782,0.00405452288778,0.00692540510017,0.8498,0.00357267350873,0.842663422073,0.856667932667,0.0002,0.000141407213395,5.48489273209e-05,0.000728995844007,0.6309,0.00482561073855,0.621393393875,0.640306075351,0.9568,0.00203307058412,0.952636749863,0.960612429225,0.0289,0.00167525490598,0.0257931122484,0.0323686910165,0.0111806701971,0.4173,0.00493113283131,0.40766871755,0.42699479578,0.04,0.045,0.005,0.125,-0.195448773561,,,,,,,,
A,sample_size,repeated,shared,10000,0.05,0,0.8,0.925,1,1,10000,10000,0,0.04000694,0.04625649,0.00624955,0.00624955,-0,0.00285317469814,2.85317469814e-05,0.158966568412,0.156211647279,0.0143515098478,0.320416799405,0.0006,0.0119,0.001,0.000316069612586,0.000543285986497,0.00183994438744,0.9258,0.0026209608925,0.920497888947,0.930775098041,0,0,0,0.000383998370677,0.7763,0.00416723301484,0.768027153731,0.784360648769,0.986,0.00117490425142,0.983503497633,0.988123255951,0.0114,0.00106160444611,0.00949887105305,0.0136763721548,0.0112587414306,0.5864,0.00492478466534,0.576716218366,0.596017426715,0.04,0.04625,0.00625,0.15625,-0.0157719048992,,,,,,,,
A,sample_size,repeated,shared,10000,0.05,0,0.8,0.95,1,1,10000,10000,0,0.04000694,0.04750058,0.00749364,0.00749364,-0,0.00286582009953,2.86582009953e-05,0.190122710885,0.187308501975,0.0455694684759,0.352777777778,0.0019,0.0131,0.0002,0.000141407213395,5.48489273209e-05,0.000728995844007,0.9706,0.00168924953752,0.967104128947,0.973734451786,0,0,0,0.000383998370677,0.8784,0.00326823254987,0.871848658764,0.884660731269,0.9944,0.000746233207516,0.992735569485,0.995684732926,0.0049,0.000698282893962,0.00370862676283,0.00647160842381,0.0113354045477,0.7376,0.00439938904849,0.728887290814,0.74613023316,0.04,0.0475,0.0075,0.1875,-0.221926002998,,,,,,,,
A,sample_size,repeated,shared,10000,0.05,0,0.8,0.975,1,1,10000,10000,0,0.04000694,0.04875366,0.00874672,0.00874672,-0,0.00293043204746,2.93043204746e-05,0.221602690437,0.218630067683,0.0707512249108,0.392572944297,0.003,0.0146,0.0002,0.000141407213395,5.48489273209e-05,0.000728995844007,0.9876,0.00110662730854,0.985236160886,0.989589363903,0.0001,9.9994999875e-05,1.76526736011e-05,0.000566268897401,0.9394,0.00238595138257,0.934552746729,0.943909795503,0.9982,0.000423882059068,0.997156312015,0.998861072008,0.0009,0.000299864969611,0.000473577060585,0.00170973011302,0.0114119411929,0.8535,0.00353606773125,0.84643369249,0.860294820662,0.04,0.04875,0.00875,0.21875,-0.111928887852,,,,,,,,
A,sample_size,repeated,shared,10000,0.05,0,0.8,1,1,1,10000,10000,0,0.04000694,0.05000578,0.00999884,0.00999884,-0,0.00294143329984,2.94143329984e-05,0.252966308252,0.249927637555,0.0990278505326,0.421493342516,0.0042,0.0157,0,0,0,0.000383998370677,0.9957,0.000654332484292,0.994213378417,0.996805925598,0,0,0,0.000383998370677,0.974,0.00159135162676,0.970694284357,0.976941685187,0.9995,0.000223550889061,0.998829974054,0.999786411574,0.0004,0.000199959995999,0.000155562836623,0.00102812833536,0.011487663313,0.925,0.00263391343821,0.919672837004,0.930000764381,0.04,0.05,0.01,0.25,-0.039436556323,,,,,,,,
A,prevalence,paired,shared,2000,0.01,0,0.8,0.6,1,1,10000,10000,0,0.00797915,0.00598735,-0.0019918,-0.0019918,-0,0.00100582499889,1.00582499889e-05,-0.249237521272,-0.249625586685,-0.5,-0.0555555555556,-0.004,-0.0005,0.9802,0.00139312454576,0.977279433865,0.982751774099,0,0,0,0.000383998370677,0.9184,0.00273754342431,0.912872473422,0.923606196741,0,0,0,0.000383998370677,0,0,0,0.000383998370677,0.0179,0.00132588046218,0.0154803597113,0.0206898915177,0.00375422024258,0.5639,0.00495899979835,0.554157836829,0.57359308818,0.008,0.006,-0.002,-0.25,0.815251162881,,,,,,,,
A,prevalence,paired,shared,2000,0.01,0,0.8,0.625,1,1,10000,10000,0,0.00799645,0.00624085,-0.0017556,-0.0017556,-0,0.000946761995344,9.46761995344e-06,-0.219092371586,-0.219547424169,-0.45,0,-0.004,0,0.9642,0.00185791173095,0.960376646066,0.967666849846,0,0,0,0.000383998370677,0.8737,0.003321871611,0.867045419749,0.880067579869,0,0,0,0.000383998370677,0,0,0,0.000383998370677,0.0327,0.00177850245994,0.0293896944976,0.0363691903797,0.00349196034759,0.4642,0.00498716713175,0.454440946418,0.473986547865,0.008,0.00625,-0.00175,-0.21875,-0.591489733168,,,,,,,,
A,prevalence,paired,shared,2000,0.01,0,0.8,0.65,1,1,10000,10000,0,0.0079878,0.0064844,-0.0015034,-0.0015034,-0,0.000867360173957,8.67360173957e-06,-0.188539272194,-0.188212023336,-0.4,0,-0.0035,0,0.9436,0.00230692522636,0.938905827984,0.947953488662,0,0,0,0.000383998370677,0.8094,0.00392774286327,0.801583517619,0.816978864189,0,0,0,0.000383998370677,0,0,0,0.000383998370677,0.0495,0.00216909543359,0.0454189398654,0.0539270426666,0.00319843508085,0.3554,0.00478634348955,0.346076102277,0.364834950051,0.008,0.0065,-0.0015,-0.1875,-0.391994018412,,,,,,,,
A,prevalence,paired,shared,2000,0.01,0,0.8,0.675,1,1,10000,10000,0,0.0079875,0.00673735,-0.00125015,-0.00125015,-0,0.000789279591607,7.89279591607e-06,-0.157057401108,-0.156513302034,-0.363636363636,0,-0.003,0,0.9055,0.00292523076013,0.899609928138,0.911078649183,0,0,0,0.000383998370677,0.7132,0.00452267354559,0.704255178258,0.721981084837,0,0,0,0.000383998370677,0,0,0,0.000383998370677,0.0805,0.00272065708975,0.0753272882463,0.0859948863867,0.00286516316662,0.2449,0.00430027894444,0.236570615187,0.253425300782,0.008,0.00675,-0.00125,-0.15625,-0.0190046723108,,,,,,,,
A,prevalence,paired,shared,2000,0.01,0,0.8,0.7,1,1,10000,10000,0,0.0079943,0.00698655,-0.00100775,-0.00100775,-0,0.000722369101784,7.22369101784e-06,-0.125880535618,-0.126058566729,-0.315789473684,0,-0.0025,0,0.8437,0.00363139518643,0.836450758843,0.850685280677,0,0,0,0.000383998370677,0.5896,0.00491906332547,0.579926196664,0.599204990828,0,0,0,0.000383998370677,0,0,0,0.000383998370677,0.1359,0.00342682345621,0.129323197581,0.142756430033,0.0024915295795,0.1495,0.00356580636042,0.142645785259,0.156623397599,0.008,0.007,-0.001,-0.125,-1.07285873397,,,,,,,,
A,prevalence,paired,shared,2000,0.01,0,0.8,0.725,1,1,10000,10000,0,0.00799255,0.0072374,-0.00075515,-0.00075515,-0,0.000617747228779,6.17747228779e-06,-0.0943053751771,-0.0944817361168,-0.272727272727,0,-0.002,0,0.7411,0.00438030581124,0.732423325602,0.749591510383,0,0,0,0.000383998370677,0.4405,0.00496447127094,0.430794504546,0.45025119126,0,0,0,0.000383998370677,0,0,0,0.000383998370677,0.2237,0.00416723301484,0.215639351231,0.231972846269,0.00205120761624,0.067,0.00250021999032,0.0622640505434,0.0720684920456,0.008,0.00725,-0.00075,-0.09375,-0.833674318569,,,,,,,,
A,prevalence,paired,shared,2000,0.01,0,0.8,0.75,1,1,10000,10000,0,0.00799875,0.007492,-0.00050675,-0.00050675,-0,0.000506068224654,5.06068224654e-06,-0.0633394444241,-0.0633536490077,-0.214285714286,0,-0.0015,0,0.589,0.00492015243666,0.579324293687,0.598607354603,0,0,0,0.000383998370677,0.2619,0.00439668500123,0.253375255325,0.2706076047,0,0,0,0.000383998370677,0,0,0,0.000383998370677,0.3648,0.00481374033367,0.355418827668,0.374285005492,0.00152820046373,0.0213,0.00144382512792,0.0186485530354,0.0243190870047,0.008,0.0075,-0.0005,-0.0625,-1.33381225518,,,,,,,,
A,prevalence,paired,shared,2000,0.01,0,0.8,0.775,1,1,10000,10000,0,0.00798425,0.0077309,-0.00025335,-0.00025335,-0,0.000359654991167,3.59654991167e-06,-0.0318219355782,-0.031731220841,-0.15,0,-0.001,0,0.3497,0.00476875151376,0.340412750218,0.359102679692,0,0,0,0.000383998370677,0.0954,0.00293766642082,0.0897966547336,0.101314076748,0,0,0,0.000383998370677,0,0,0,0.000383998370677,0.605,0.00488850692952,0.595380137577,0.614539222766,0.000860909360167,0.0026,0.000509238647394,0.00177498837017,0.00380701320898,0.008,0.00775,-0.00025,-0.03125,-0.931448216284,,,,,,,,
A,prevalence,paired,shared,2000,0.01,0,0.8,0.8,1,1,10000,10000,0,0.0079815,0.0079815,0,0,-0,0,0,0,0,0,0,0,0,0,0,0,0.000383998370677,0,0,0,0.000383998370677,0,0,0,0.000383998370677,0,0,0,0.000383998370677,0,0,0,0.000383998370677,1,0,0.999616001629,1,0,0,0,0,0.000383998370677,0.008,0.008,0,0,0,,,,,,,,
A,prevalence,paired,shared,2000,0.01,0,0.8,0.825,1,1,10000,10000,0,0.00799495,0.00824685,0.0002519,0.0002519,-0,0.000356733956768,3.56733956768e-06,0.0340570971218,0.0315073890393,0,0.166666666667,0,0.001,0,0,0,0.000383998370677,0.3555,0.0047866454851,0.346175472328,0.364935503201,0,0,0,0.000383998370677,0.0934,0.00290992164843,0.0878517500952,0.0992605173798,0.3939,0.00488613129173,0.384365853074,0.403515631381,0.6061,0.00488613129173,0.596484368619,0.615634146926,0.00085766535392,0.0017,0.00041195994951,0.00106170736112,0.0027209854151,0.008,0.00825,0.00025,0.03125,0.532609796166,,,,,,,,
A,prevalence,paired,shared,2000,0.01,0,0.8,0.85,1,1,10000,10000,0,0.00799495,0.00849495,0.0005,0.0005,-0,0.000501073954133,5.01073954133e-06,0.0673283122877,0.0625394780455,0,0.25,0,0.0015,0,0,0,0.000383998370677,0.5834,0.00492995375232,0.57370724503,0.593028704042,0,0,0,0.000383998370677,0.2459,0.00430619542055,0.237558642566,0.254436505406,0.6312,0.00482479595423,0.621694874681,0.640604364146,0.3688,0.00482479595423,0.359395635854,0.378305125319,0.00151383432303,0.0196,0.00138621210498,0.0170618120835,0.0225071335511,0.008,0.0085,0.0005,0.0625,-8.65502717547e-14,,,,,,,,
A,prevalence,paired,shared,2000,0.01,0,0.8,0.875,1,1,10000,10000,0,0.00799495,0.0087468,0.00075185,0.00075185,-0,0.000616104322297,6.16104322297e-06,0.101191641897,0.094040613137,0,0.333333333333,0,0.002,0,0,0,0.000383998370677,0.7308,0.00443544090255,0.722019286176,0.739403460176,0,0,0,0.000383998370677,0.4123,0.00492248626204,0.402687574649,0.421979778666,0.7762,0.00416789587202,0.767925893813,0.784261985487,0.2238,0.00416789587202,0.215738014513,0.232074106187,0.0020466026242,0.0676,0.00251058240255,0.0628435335016,0.0726885482893,0.008,0.00875,0.00075,0.09375,0.300273822638,,,,,,,,
A,prevalence,paired,shared,2000,0.01,0,0.8,0.9,1,1,10000,10000,0,0.00799495,0.00899395,0.000999,0.000999,-0,0.000710738710745,7.10738710745e-06,0.134356051246,0.124953877135,0,0.4,0,0.0025,0,0,0,0.000383998370677,0.8261,0.0037902346893,0.818546425568,0.833403130695,0,0,0,0.000383998370677,0.5515,0.00497340678007,0.54173437758,0.561226070588,0.8634,0.00343424576872,0.856529302817,0.869991607167,0.1366,0.00343424576872,0.130008392833,0.143470697183,0.00248185172575,0.1418,0.003488448939,0.135100243113,0.14877485332,0.008,0.009,0.001,0.125,-0.140698682214,,,,,,,,
A,prevalence,paired,shared,2000,0.01,0,0.8,0.925,1,1,10000,10000,0,0.00799495,0.00923245,0.0012375,0.0012375,-0,0.000795020097668,7.95020097668e-06,0.165923813885,0.154785208163,0,0.454545454545,0,0.003,0,0,0,0.000383998370677,0.8845,0.00319624388932,0.878087292587,0.890617412666,0,0,0,0.000383998370677,0.6715,0.00469667701679,0.662230358451,0.680637930107,0.9121,0.00283149412855,0.906390937247,0.917492571296,0.0879,0.00283149412855,0.0825074287038,0.0936090627533,0.00283868096753,0.2375,0.00425551113264,0.229261143375,0.24594045577,0.008,0.00925,0.00125,0.15625,-1.57228729647,,,,,,,,
A,prevalence,paired,shared,2000,0.01,0,0.8,0.95,1,1,10000,10000,0,0.00799495,0.0094843,0.00148935,0.00148935,-0,0.000872030745595,8.72030745595e-06,0.199787143494,0.186286343254,0,0.526315789474,0,0.0035,0,0,0,0.000383998370677,0.9244,0.00264357031304,0.919054160578,0.929419901605,0,0,0,0.000383998370677,0.7603,0.0042690035137,0.751833961585,0.768566128864,0.9442,0.00229535095356,0.939528253496,0.948530602352,0.0558,0.00229535095356,0.0514693976484,0.0604717465041,0.00317259392427,0.3533,0.0047799488491,0.343989434498,0.362723230624,0.008,0.0095,0.0015,0.1875,-1.22128721422,,,,,,,,
A,prevalence,paired,shared,2000,0.01,0,0.8,0.975,1,1,10000,10000,0,0.00799495,0.0097324,0.00173745,0.00173745,-0,0.00093940446325,9.3940446325e-06,0.23305835866,0.21731843226,0,0.583333333333,0,0.004,0,0,0,0.000383998370677,0.9515,0.00214820273717,0.947113464426,0.955539785045,0,0,0,0.000383998370677,0.8274,0.00377901098173,0.819867908617,0.83468064925,0.9664,0.00180197225284,0.962685241676,0.969756564644,0.0336,0.00180197225284,0.0302434353557,0.0373147583245,0.00347247557574,0.4596,0.00498365167322,0.449849599007,0.469381428062,0.008,0.00975,0.00175,0.21875,-1.3359527755,,,,,,,,
A,prevalence,paired,shared,2000,0.01,0,0.8,1,1,1,10000,10000,0,0.00799495,0.0099843,0.00198935,0.00198935,-0,0.00100506845228,1.00506845228e-05,0.267115455782,0.2488258213,0.0454545454545,0.666666666667,0.0005,0.004,0,0,0,0.000383998370677,0.9699,0.00170862488569,0.96636650034,0.973072617991,0,0,0,0.000383998370677,0.8787,0.00326475588674,0.872155352019,0.884953807615,0.981,0.00136524723036,0.978133606848,0.983496986719,0.019,0.00136524723036,0.016503013281,0.0218663931516,0.0037502717958,0.5613,0.00496228082639,0.551552408251,0.571000513549,0.008,0.01,0.002,0.25,-1.05962931937,,,,,,,,
A,prevalence,repeated,shared,2000,0.01,0,0.8,0.6,1,1,10000,10000,0,0.00798785,0.00599875,-0.0019891,-0.0019891,-0,0.00262872064077,2.62872064077e-05,-0.19542595409,-0.249015692583,-0.666666666667,0.6,-0.007,0.003,0.7473,0.00434560364046,0.738688916555,0.755721157851,0.1951,0.00396277667804,0.187450790336,0.202983371871,0.6854,0.00464356371766,0.67622905815,0.694428555255,0.1523,0.00359311438727,0.145391227907,0.15947580456,0.1953,0.00396431469487,0.187647701157,0.20318630745,0.057,0.00231842619033,0.0526237683227,0.0617164542337,0.0102810612062,0.1189,0.00323670804986,0.112702040668,0.12539064289,0.008,0.006,-0.002,-0.25,0.414650375203,,,,,,,,
A,prevalence,repeated,shared,2000,0.01,0,0.8,0.625,1,1,10000,10000,0,0.00798785,0.0062502,-0.00173765,-0.00173765,-0,0.00265466611888,2.65466611888e-05,-0.161649074933,-0.217536633763,-0.65,0.666666666667,-0.007,0.0035,0.7138,0.00451984026266,0.704860497555,0.722575304741,0.2233,0.0041645781299,0.215244704872,0.231567799826,0.645,0.00478513322699,0.635567267012,0.65432137346,0.1758,0.00380649917904,0.168464284735,0.183384699808,0.2234,0.0041652423699,0.215343365446,0.231669062453,0.062,0.0024115555146,0.0574395448041,0.0668968377686,0.0103733336852,0.1011,0.00301461092017,0.0953437970784,0.107162556822,0.008,0.00625,-0.00175,-0.21875,0.465218579172,,,,,,,,
A,prevalence,repeated,shared,2000,0.01,0,0.8,0.65,1,1,10000,10000,0,0.00798785,0.00649885,-0.001489,-0.001489,-0,0.00267498496341,2.67498496341e-05,-0.128440721495,-0.186408107313,-0.636363636364,0.714285714286,-0.007,0.0035,0.6776,0.00467395164716,0.668372530128,0.686691073651,0.2564,0.00436645210669,0.247936585136,0.26505049887,0.61,0.0048774993593,0.600399779399,0.619515740959,0.2027,0.00402010833187,0.194935580962,0.210692744469,0.2567,0.00436812442588,0.248233194335,0.265353659273,0.0647,0.00245995751996,0.060043754915,0.0696905540665,0.0104638198516,0.088,0.00283294899354,0.0826045416207,0.0937118730367,0.008,0.0065,-0.0015,-0.1875,0.411217264787,,,,,,,,
A,prevalence,repeated,shared,2000,0.01,0,0.8,0.675,1,1,10000,10000,0,0.00798785,0.0067468,-0.00124105,-0.00124105,-0,0.00269811932321,2.69811932321e-05,-0.0950686691971,-0.155367213956,-0.611111111111,0.777777777778,-0.0065,0.004,0.639,0.00480290537071,0.629534758889,0.648358489564,0.2877,0.00452690523426,0.278910280736,0.296652764972,0.5706,0.00494990545364,0.560873078298,0.580272701132,0.2286,0.00419930994331,0.220474641394,0.236933792922,0.2881,0.00452877897451,0.279306456943,0.297056281567,0.0711,0.00256991809208,0.0662260247724,0.0763033690299,0.0105532616615,0.0751,0.00263552632315,0.07009603942,0.0804302823954,0.008,0.00675,-0.00125,-0.15625,0.331712534839,,,,,,,,
A,prevalence,repeated,shared,2000,0.01,0,0.8,0.7,1,1,10000,10000,0,0.00798785,0.0070017,-0.00098615,-0.00098615,-0,0.00272118056363,2.72118056363e-05,-0.0609753005204,-0.123456249178,-0.6,0.833333333333,-0.0065,0.0045,0.6036,0.00489149302361,0.593974825959,0.613145609578,0.3236,0.00467849377471,0.314499568517,0.332835906109,0.529,0.00499158291527,0.519207413539,0.538770314556,0.2602,0.00438743615338,0.251694024061,0.268890141558,0.3244,0.00468150232297,0.315293368228,0.333641492,0.0693,0.00253963599754,0.0644860013915,0.074444774805,0.010644395275,0.0636,0.00244039013275,0.058982483333,0.0685526704449,0.008,0.007,-0.001,-0.125,0.508970267726,,,,,,,,
A,prevalence,repeated,shared,2000,0.01,0,0.8,0.725,1,1,10000,10000,0,0.00798785,0.00724675,-0.0007411,-0.0007411,-0,0.00274294060496,2.74294060496e-05,-0.0280256643627,-0.0927784072059,-0.571428571429,0.888888888889,-0.006,0.0045,0.566,0.00495624858134,0.556262419595,0.57568689262,0.3595,0.00479853884011,0.350150639609,0.368957263934,0.4949,0.00499973989323,0.485104529713,0.50469938707,0.2911,0.00454269512514,0.282278046629,0.30008238789,0.3602,0.00480058288128,0.350846366936,0.369660999009,0.0712,0.00257158628088,0.0663227204103,0.0764065965924,0.0107312126767,0.057,0.00231842619033,0.0526237683227,0.0617164542337,0.008,0.00725,-0.00075,-0.09375,0.324469293426,,,,,,,,
A,prevalence,repeated,shared,2000,0.01,0,0.8,0.75,1,1,10000,10000,0,0.00798785,0.0075007,-0.00048715,-0.00048715,-0,0.00276413167557,2.76413167557e-05,0.0059064884744,-0.0609863730541,-0.555555555556,1,-0.006,0.005,0.5266,0.00499291938649,0.51680571721,0.536373854077,0.3945,0.00488743030641,0.384963078142,0.404117945514,0.4576,0.00498198996386,0.447853622014,0.467378941048,0.3278,0.00469411503907,0.318667357054,0.337064891984,0.3961,0.00489085667343,0.386555752116,0.405724042746,0.0738,0.00261445137648,0.0688378001485,0.0790895200627,0.0108203480121,0.0525,0.00223033069297,0.048297933958,0.0570457445838,0.008,0.0075,-0.0005,-0.0625,0.4648837866,,,,,,,,
A,prevalence,repeated,shared,2000,0.01,0,0.8,0.775,1,1,10000,10000,0,0.00798785,0.00774635,-0.0002415,-0.0002415,-0,0.00278700636713,2.78700636713e-05,0.038919699282,-0.0302334170021,-0.538541666667,1,-0.006,0.0055,0.4943,0.00499967508944,0.484504887052,0.504099490529,0.4306,0.00495160216496,0.420923514505,0.440329784469,0.423,0.00494035423831,0.413348465634,0.432710670115,0.3611,0.00480319466605,0.351740905364,0.370565769384,0.4327,0.00495450007569,0.4230170316,0.442434654581,0.0679,0.0025157422364,0.063133316774,0.072998534618,0.010905878423,0.0486,0.00215030323443,0.0445560655083,0.0529906082207,0.008,0.00775,-0.00025,-0.03125,0.304986744926,,,,,,,,
A,prevalence,repeated,shared,2000,0.01,0,0.8,0.8,1,1,10000,10000,0,0.00798785,0.0080001,1.225e-05,1.225e-05,-0,0.00280968225409,2.80968225409e-05,0.0729368835849,0.00153357912329,-0.521739130435,1.09090909091,-0.0055,0.0055,0.4569,0.00498138926405,0.447155067483,0.466678033177,0.4682,0.0049898773532,0.458434101552,0.477990320744,0.3866,0.00486970676735,0.377100828885,0.396186261946,0.3948,0.00488807692247,0.385261696339,0.404419096918,0.4707,0.00499140771727,0.460930143828,0.480492358477,0.0674,0.00250713461944,0.0626503600899,0.0724818753004,0.010993470772,0.0484,0.00214609971809,0.0443643693289,0.0527824579995,0.008,0.008,0,0,0.435992361135,,,,,,,,
A,prevalence,repeated,shared,2000,0.01,0,0.8,0.825,1,1,10000,10000,0,0.00798785,0.00824865,0.0002608,0.0002608,-0,0.00283190489398,2.83190489398e-05,0.106371746925,0.0326495865596,-0.5,1.125,-0.0055,0.006,0.4217,0.00493831054107,0.412052968079,0.431407166066,0.498,0.00499995999984,0.488202908166,0.507798627828,0.3508,0.00477220452202,0.341505564074,0.36020902104,0.4299,0.00495061602227,0.420225714988,0.439628121584,0.5009,0.00499999189999,0.491101732083,0.510697576719,0.071,0.00256824843035,0.0661293320152,0.0762001385868,0.0110786544067,0.0495,0.00216909543359,0.0454189398654,0.0539270426666,0.008,0.00825,0.00025,0.03125,0.381368739571,,,,,,,,
A,prevalence,repeated,shared,2000,0.01,0,0.8,0.85,1,1,10000,10000,0,0.00798785,0.0084992,0.00051135,0.00051135,-0,0.0028529388538,2.8529388538e-05,0.139874608566,0.0640159742609,-0.47619047619,1.2,-0.005,0.006,0.3873,0.00487133154281,0.377797377451,0.396889175781,0.5324,0.00498949135684,0.52261020496,0.542164911946,0.3206,0.0046670723157,0.311523092644,0.329814685971,0.4664,0.00498869762563,0.456637103639,0.476188701051,0.5371,0.00498621690262,0.527314814277,0.546856693044,0.0686,0.00252772704223,0.0638095849179,0.0737217288764,0.0111635960798,0.0519,0.00221825133833,0.0477218074297,0.0564223319101,0.008,0.0085,0.0005,0.0625,0.397835375437,,,,,,,,
A,prevalence,repeated,shared,2000,0.01,0,0.8,0.875,1,1,10000,10000,0,0.00798785,0.00874855,0.0007607,0.0007607,-0,0.00287308387819,2.87308387819e-05,0.173362903892,0.0952321338032,-0.458333333333,1.25,-0.005,0.0065,0.3522,0.00477655901251,0.342896496906,0.361617013013,0.5661,0.00495611531343,0.556362642244,0.575786593171,0.2901,0.00453808318566,0.281287464287,0.299073738229,0.496,0.00499983999744,0.486203911228,0.505799160759,0.5709,0.004949476639,0.561173803073,0.580571745958,0.0696,0.00254471688013,0.0647759390571,0.0747546067403,0.0112477623413,0.0582,0.00234121250637,0.0537787037567,0.0629605972036,0.008,0.00875,0.00075,0.09375,0.37242212388,,,,,,,,
A,prevalence,repeated,shared,2000,0.01,0,0.8,0.9,1,1,10000,10000,0,0.00798785,0.00899735,0.0010095,0.0010095,-0,0.00289431295038,2.89431295038e-05,0.206693338071,0.126379438773,-0.44,1.3,-0.0045,0.007,0.3228,0.00467546960208,0.313705799408,0.332030289614,0.5993,0.00490040314668,0.589659023834,0.60886471409,0.2644,0.00441013197081,0.255847956395,0.273132983637,0.5285,0.00499187089176,0.51870704144,0.538271070653,0.6041,0.00489043137157,0.594476713543,0.613643337996,0.0664,0.00248979999197,0.0616846801922,0.0714483231948,0.011330813846,0.0627,0.00242422585581,0.0581144724932,0.0676213724818,0.008,0.009,0.001,0.125,0.328229882631,,,,,,,,
A,prevalence,repeated,shared,2000,0.01,0,0.8,0.925,1,1,10000,10000,0,0.00798785,0.00924705,0.0012592,0.0012592,-0,0.00291866702824,2.91866702824e-05,0.240236680075,0.157639414861,-0.421052631579,1.36363636364,-0.0045,0.007,0.2931,0.00455183907888,0.284259367853,0.302099530673,0.6318,0.00482316037469,0.622297848067,0.641200929962,0.237,0.00425242283881,0.228767384389,0.245434598754,0.5604,0.00496338432927,0.550650592275,0.570103020721,0.6386,0.00480406119861,0.629132648449,0.647960907203,0.0606,0.00238595138257,0.0560902044968,0.0654472532714,0.0114136055939,0.0694,0.00254133114725,0.0645826443032,0.0745480550936,0.008,0.00925,0.00125,0.15625,0.315212386716,,,,,,,,
A,prevalence,repeated,shared,2000,0.01,0,0.8,0.95,1,1,10000,10000,0,0.00798785,0.00949795,0.0015101,0.0015101,-0,0.00293652180411,2.93652180411e-05,0.273872241918,0.189049619109,-0.4,1.42857142857,-0.004,0.0075,0.2665,0.00442128657746,0.257925301146,0.275254026093,0.6609,0.00473403833952,0.651561245909,0.670115183415,0.2114,0.00408301408276,0.203509030553,0.219512613306,0.5931,0.00491255931262,0.583437592874,0.602690906629,0.6676,0.0047107349745,0.65830431951,0.676766964236,0.0567,0.00231268480343,0.0523351220523,0.0614053309031,0.0114962072678,0.0781,0.00268328884021,0.073001374033,0.0835226437921,0.008,0.0095,0.0015,0.1875,0.343944321675,,,,,,,,
A,prevalence,repeated,shared,2000,0.01,0,0.8,0.975,1,1,10000,10000,0,0.00798785,0.00974705,0.0017592,0.0017592,-0,0.00295860451802,2.95860451802e-05,0.307283400535,0.220234481118,-0.380952380952,1.5,-0.004,0.0075,0.2408,0.00427569128914,0.232520349418,0.249278715337,0.6904,0.00462328714228,0.681266855372,0.699386918048,0.1893,0.00391746742169,0.181741760491,0.197096856097,0.6251,0.0048409708737,0.615565533498,0.634538390109,0.697,0.00459555219751,0.687918647325,0.705930057317,0.0536,0.00225226641408,0.0493545758688,0.0581882578765,0.0115774930875,0.0895,0.00285464095816,0.0840614916918,0.0952537709705,0.008,0.00975,0.00175,0.21875,0.310957410629,,,,,,,,
A,prevalence,repeated,shared,2000,0.01,0,0.8,1,1,1,10000,10000,0,0.00798785,0.0099973,0.00200945,0.00200945,-0,0.00297837586107,2.97837586107e-05,0.340782544464,0.25156331178,-0.353046218487,1.54545454545,-0.004,0.008,0.2155,0.00411168760973,0.207551294721,0.223667200352,0.7145,0.00451652244542,0.705566727533,0.723268537166,0.169,0.0037475191794,0.161782411332,0.17647179559,0.6552,0.00475303019136,0.645826233586,0.664454573319,0.7214,0.00448310205104,0.712529540038,0.730100425483,0.0546,0.00227197799285,0.0503156089102,0.0592264568384,0.0116586123672,0.1016,0.00302121564937,0.0958306718357,0.107675298066,0.008,0.01,0.002,0.25,0.317287019531,,,,,,,,
A,prevalence,paired,shared,2000,0.1,0,0.8,0.6,1,1,10000,10000,0,0.0800204,0.0600077,-0.0200127,-0.0200127,-0,0.00314111849069,3.14111849069e-05,-0.250036449232,-0.250094975781,-0.317888320289,-0.184708636639,-0.0265,-0.014,1,0,0.999616001629,1,0,0,0,0.000383998370677,1,0,0.999616001629,1,0,0,0,0.000383998370677,0,0,0,0.000383998370677,0,0,0,0.000383998370677,0.0122382989769,1,0,0.999616001629,1,0.08,0.06,-0.02,-0.25,-0.404314578951,,,,,,,,
A,prevalence,paired,shared,2000,0.1,0,0.8,0.625,1,1,10000,10000,0,0.0800705,0.06252015,-0.01755035,-0.01755035,-0,0.00292383220397,2.92383220397e-05,-0.219160607179,-0.219186217146,-0.283870967742,-0.157138704319,-0.0235,-0.012,1,0,0.999616001629,1,0,0,0,0.000383998370677,0.9999,9.9994999875e-05,0.999433731103,0.999982347326,0,0,0,0.000383998370677,0,0,0,0.000383998370677,0,0,0,0.000383998370677,0.0114706399359,1,0,0.999616001629,1,0.08,0.0625,-0.0175,-0.21875,-1.72205504583,,,,,,,,
A,prevalence,paired,shared,2000,0.1,0,0.8,0.65,1,1,10000,10000,0,0.080063,0.06505965,-0.01500335,-0.01500335,-0,0.00273927255652,2.73927255652e-05,-0.187363234542,-0.187394301987,-0.25,-0.129250745242,-0.0205,-0.01,1,0,0.999616001629,1,0,0,0,0.000383998370677,0.9984,0.000399679871898,0.997402363084,0.99901486734,0,0,0,0.000383998370677,0,0,0,0.000383998370677,0,0,0,0.000383998370677,0.0106117337654,1,0,0.999616001629,1,0.08,0.065,-0.015,-0.1875,-0.122295241925,,,,,,,,
A,prevalence,paired,shared,2000,0.1,0,0.8,0.675,1,1,10000,10000,0,0.0800839,0.0675613,-0.0125226,-0.0125226,-0,0.00244593284837,2.44593284837e-05,-0.156393127724,-0.156368508527,-0.212903225806,-0.103225806452,-0.0175,-0.008,1,0,0.999616001629,1,0,0,0,0.000383998370677,0.9808,0.00137227402511,0.977919951822,0.983310795345,0,0,0,0.000383998370677,0,0,0,0.000383998370677,0,0,0,0.000383998370677,0.00970091212037,1,0,0.999616001629,1,0.08,0.0675,-0.0125,-0.15625,-0.923982848304,,,,,,,,
A,prevalence,paired,shared,2000,0.1,0,0.8,0.7,1,1,10000,10000,0,0.08011615,0.0701162,-0.00999995,-0.00999995,-0,0.00221455761362,2.21455761362e-05,-0.124796322345,-0.124818154642,-0.178084159975,-0.0758620689655,-0.0145,-0.006,0.999,0.000316069612586,0.998160055613,0.999456714014,0,0,0,0.000383998370677,0.8286,0.00376858116537,0.821087875147,0.835859761123,0,0,0,0.000383998370677,0,0,0,0.000383998370677,0,0,0,0.000383998370677,0.00866737990483,1,0,0.999616001629,1,0.08,0.07,-0.01,-0.125,0.0022577872761,,,,,,,,
A,prevalence,paired,shared,2000,0.1,0,0.8,0.725,1,1,10000,10000,0,0.08009395,0.07259575,-0.0074982,-0.0074982,-0,0.00191187402468,1.91187402468e-05,-0.0936188134817,-0.0936175578805,-0.140130301383,-0.0516129032258,-0.0115,-0.004,0.9796,0.00141364210464,0.976639563686,0.982192105077,0,0,0,0.000383998370677,0.3809,0.00485608062124,0.371429708756,0.390461759656,0,0,0,0.000383998370677,0,0,0,0.000383998370677,0,0,0,0.000383998370677,0.00749874363741,0.9996,0.000199959995999,0.998971871665,0.999844437163,0.08,0.0725,-0.0075,-0.09375,0.0941484625446,,,,,,,,
A,prevalence,paired,shared,2000,0.1,0,0.8,0.75,1,1,10000,10000,0,0.0800561,0.0750494,-0.0050067,-0.0050067,-0,0.00155072421293,1.55072421293e-05,-0.0625481138772,-0.0625398938994,-0.101353799452,-0.0277777777778,-0.008,-0.002,0.7373,0.00440100795273,0.728584235024,0.745833519349,0,0,0,0.000383998370677,0.0296,0.00169481090391,0.0264545937508,0.0331066719163,0,0,0,0.000383998370677,0,0,0,0.000383998370677,0.0004,0.000199959995999,0.000155562836623,0.00102812833536,0.00610915754425,0.9903,0.000980097444135,0.988181932595,0.992041518603,0.08,0.075,-0.005,-0.0625,-0.432056193109,,,,,,,,
A,prevalence,paired,shared,2000,0.1,0,0.8,0.775,1,1,10000,10000,0,0.08003305,0.07753895,-0.0024941,-0.0024941,-0,0.00110425863307,1.10425863307e-05,-0.0311732607362,-0.0311633756304,-0.06,-0.00645161290323,-0.005,-0.0005,0.0935,0.00291131842985,0.0879489766551,0.0993632140202,0,0,0,0.000383998370677,0,0,0,0.000383998370677,0,0,0,0.000383998370677,0,0,0,0.000383998370677,0.0391,0.00193832891946,0.0354745383496,0.0430794313485,0.00424747536225,0.7366,0.00440477513614,0.727877124942,0.745141167029,0.08,0.0775,-0.0025,-0.03125,0.534295121025,,,,,,,,
A,prevalence,paired,shared,2000,0.1,0,0.8,0.8,1,1,10000,10000,0,0.08011505,0.08011505,0,0,-0,0,0,0,0,0,0,0,0,0,0,0,0.000383998370677,0,0,0,0.000383998370677,0,0,0,0.000383998370677,0,0,0,0.000383998370677,0,0,0,0.000383998370677,1,0,0.999616001629,1,0,0,0,0,0.000383998370677,0.08,0.08,0,0,0,,,,,,,,
A,prevalence,paired,shared,2000,0.1,0,0.8,0.825,1,1,10000,10000,0,0.0800041,0.08251465,0.00251055,0.00251055,-0,0.00111066964315,1.11066964315e-05,0.0315840495223,0.0313802667613,0.0062893081761,0.062893081761,0.0005,0.005,0,0,0,0.000383998370677,0.1042,0.00305519819324,0.0983631290624,0.110340844048,0,0,0,0.000383998370677,0,0,0,0.000383998370677,0.9934,0.000809718469593,0.991612549226,0.994808521182,0.0389,0.001933566394,0.0352839340115,0.0428701892859,0.00426169027191,0.7414,0.0043786532176,0.732726447373,0.749888158214,0.08,0.0825,0.0025,0.03125,0.949877406402,,,,,,,,
A,prevalence,paired,shared,2000,0.1,0,0.8,0.85,1,1,10000,10000,0,0.0800041,0.0850243,0.0050202,0.0050202,-0,0.00157068095547,1.57068095547e-05,0.0631482286599,0.0627492840992,0.0264900662252,0.106666666667,0.002,0.0085,0,0,0,0.000383998370677,0.7295,0.00444218133353,0.720706582662,0.738117162086,0,0,0,0.000383998370677,0.0436,0.00204203427983,0.039769875678,0.0477806380348,1,0,0.999616001629,1,0.0004,0.000199959995999,0.000155562836623,0.00102812833536,0.00611561595709,0.9899,0.000999899494949,0.987743478501,0.991680279896,0.08,0.085,0.005,0.0625,1.28606639876,,,,,,,,
A,prevalence,paired,shared,2000,0.1,0,0.8,0.875,1,1,10000,10000,0,0.0800041,0.0875368,0.0075327,0.0075327,-0,0.00192203021048,1.92203021048e-05,0.0947452290779,0.0941539246114,0.0490797546012,0.147441275168,0.004,0.0115,0,0,0,0.000383998370677,0.9731,0.00161791192591,0.969742689496,0.976093971245,0,0,0,0.000383998370677,0.3942,0.00488678176308,0.38466446372,0.403816790336,1,0,0.999616001629,1,0,0,0,0.000383998370677,0.00751582819764,0.9998,0.000141407213395,0.999271004156,0.999945151073,0.08,0.0875,0.0075,0.09375,1.70132601567,,,,,,,,
A,prevalence,paired,shared,2000,0.1,0,0.8,0.9,1,1,10000,10000,0,0.08001385,0.09005455,0.0100407,0.0100407,-0,0.00221010903989,2.21010903989e-05,0.126265766467,0.125487025059,0.0734463276836,0.1875,0.006,0.0145,0,0,0,0.000383998370677,0.9992,0.000282729552753,0.998422049747,0.99959456628,0,0,0,0.000383998370677,0.8101,0.00392221863236,0.802294068584,0.817667775626,1,0,0.999616001629,1,0,0,0,0.000383998370677,0.0086858435901,1,0,0.999616001629,1,0.08,0.09,0.01,0.125,1.84153809905,,,,,,,,
A,prevalence,paired,shared,2000,0.1,0,0.8,0.925,1,1,10000,10000,0,0.0800041,0.09255785,0.01255375,0.01255375,-0,0.00248735896745,2.48735896745e-05,0.15786842558,0.156913833166,0.0971428571429,0.229307619722,0.008,0.0175,0,0,0,0.000383998370677,1,0,0.999616001629,1,0,0,0,0.000383998370677,0.9691,0.00173046785581,0.965524081875,0.972315650853,1,0,0.999616001629,1,0,0,0,0.000383998370677,0.00971149772733,1,0,0.999616001629,1,0.08,0.0925,0.0125,0.15625,2.16092653708,,,,,,,,
A,prevalence,paired,shared,2000,0.1,0,0.8,0.95,1,1,10000,10000,0,0.0800041,0.09507035,0.01506625,0.01506625,-0,0.00272345876787,2.72345876787e-05,0.189465425998,0.188318473678,0.122699386503,0.269230769231,0.01,0.0205,0,0,0,0.000383998370677,1,0,0.999616001629,1,0,0,0,0.000383998370677,0.9967,0.000573507628546,0.995369359428,0.99764917659,1,0,0.999616001629,1,0,0,0,0.000383998370677,0.0106346150948,1,0,0.999616001629,1,0.08,0.095,0.015,0.1875,2.43256849642,,,,,,,,
A,prevalence,paired,shared,2000,0.1,0,0.8,0.975,1,1,10000,10000,0,0.0800041,0.09758,0.0175759,0.0175759,-0,0.00294017918763,2.94017918763e-05,0.221029605136,0.219687491016,0.147928994083,0.308219178082,0.012,0.0235,0,0,0,0.000383998370677,1,0,0.999616001629,1,0,0,0,0.000383998370677,1,0,0.999616001629,1,1,0,0.999616001629,1,0,0,0,0.000383998370677,0.0114785711533,1,0,0.999616001629,1,0.08,0.0975,0.0175,0.21875,2.58147531686,,,,,,,,
A,prevalence,paired,shared,2000,0.1,0,0.8,1,1,1,10000,10000,0,0.0800041,0.10009055,0.02008645,0.02008645,-0,0.003139400736,3.139400736e-05,0.252613654658,0.251067757777,0.172619047619,0.348101265823,0.014,0.0265,0,0,0,0.000383998370677,1,0,0.999616001629,1,0,0,0,0.000383998370677,1,0,0.999616001629,1,1,0,0.999616001629,1,0,0,0,0.000383998370677,0.012260927993,1,0,0.999616001629,1,0.08,0.1,0.02,0.25,2.75371025459,,,,,,,,
A,prevalence,repeated,shared,2000,0.1,0,0.8,0.6,1,1,10000,10000,0,0.08006335,0.0599446,-0.02011875,-0.02011875,-0,0.00809768057413,8.09768057413e-05,-0.246871634735,-0.251285388383,-0.4069819663,-0.0629370629371,-0.036,-0.0045,0.98,0.0014,0.977066073239,0.982565288325,0.002,0.000446766158074,0.00129511171254,0.00308735066465,0.9448,0.0022837022573,0.940150824477,0.949107570572,0.0005,0.000223550889061,0.000213588426164,0.00117002594614,0.0074,0.000857043756176,0.00589908635958,0.00927922883521,0.0039,0.000623280835579,0.00285436086877,0.00532664231461,0.0315851142518,0.7013,0.00457688005086,0.692253570465,0.710191831791,0.08,0.06,-0.02,-0.25,-1.46646930455,,,,,,,,
A,prevalence,repeated,shared,2000,0.1,0,0.8,0.625,1,1,10000,10000,0,0.08006335,0.06245255,-0.0176108,-0.0176108,-0,0.00815536169354,8.15536169354e-05,-0.215391315331,-0.219960818527,-0.380688582251,-0.0206861124232,-0.0335,-0.0015,0.9568,0.00203307058412,0.952636749863,0.960612429225,0.0051,0.000712319450808,0.00388131108356,0.00669877050373,0.8976,0.00303173613628,0.891504408072,0.903390236423,0.0014,0.000373903730925,0.000834162028875,0.00234876114636,0.0153,0.00122743268655,0.0130736715154,0.0178985765051,0.0072,0.000845467917783,0.00572169385772,0.00905677493642,0.0318515285403,0.5838,0.00492927540314,0.574108420197,0.593427221676,0.08,0.0625,-0.0175,-0.21875,-1.3586154013,,,,,,,,
A,prevalence,repeated,shared,2000,0.1,0,0.8,0.65,1,1,10000,10000,0,0.08006335,0.06496765,-0.0150957,-0.0150957,-0,0.00819891235021,8.19891235021e-05,-0.183820224323,-0.188546944388,-0.353538433112,0.0137009919698,-0.0315,0.001,0.9197,0.00271757079025,0.914211079603,0.924866592164,0.0114,0.00106160444611,0.00949887105305,0.0136763721548,0.8228,0.00381837871354,0.815192570956,0.830159519696,0.005,0.000705336798983,0.00379490107084,0.00658525731613,0.0296,0.00169481090391,0.0264545937508,0.0331066719163,0.011,0.00104302444842,0.00913526995319,0.0132402804533,0.0321150118376,0.4496,0.00497453354597,0.43987129987,0.459367407166,0.08,0.065,-0.015,-0.1875,-1.16722799211,,,,,,,,
A,prevalence,repeated,shared,2000,0.1,0,0.8,0.675,1,1,10000,10000,0,0.08006335,0.06750665,-0.0125567,-0.0125567,-0,0.00827687657142,8.27687657142e-05,-0.15189763634,-0.156834556635,-0.324471566225,0.0544248608534,-0.0285,0.004,0.8556,0.00351494864827,0.848574246865,0.862352653494,0.0275,0.00163535164414,0.024471692103,0.0308911863573,0.7202,0.00448900835375,0.711318431901,0.728912455216,0.0095,0.000970038659023,0.00777816669577,0.0115985357059,0.0612,0.00239696808489,0.056668408149,0.0660685888211,0.0238,0.00152425588403,0.0209903548907,0.0269753651575,0.0323773996309,0.3286,0.00469704204793,0.319461316475,0.337870318166,0.08,0.0675,-0.0125,-0.15625,-0.685041023757,,,,,,,,
A,prevalence,repeated,shared,2000,0.1,0,0.8,0.7,1,1,10000,10000,0,0.08006335,0.0699857,-0.01007765,-0.01007765,-0,0.00831483668682,8.31483668682e-05,-0.120791231201,-0.125870950941,-0.29696969697,0.0902268692565,-0.026,0.0065,0.7773,0.00416058541554,0.769039790179,0.785347244324,0.0496,0.00217117111256,0.0455148389118,0.0540310668205,0.6028,0.00489318056074,0.593171827579,0.612349222356,0.0208,0.00142714259974,0.0181813537314,0.023786670307,0.1057,0.00307453264741,0.099824692132,0.111878128983,0.0301,0.00170862488569,0.0269273820087,0.03363349966,0.0326299734305,0.2276,0.00419283007049,0.219487717372,0.235921484941,0.08,0.07,-0.01,-0.125,-0.933872821857,,,,,,,,
A,prevalence,repeated,shared,2000,0.1,0,0.8,0.725,1,1,10000,10000,0,0.08006335,0.07250795,-0.0075554,-0.0075554,-0,0.00834282273029,8.34282273029e-05,-0.089132152711,-0.0943677725201,-0.269005847953,0.123188405797,-0.024,0.009,0.6731,0.00469080366249,0.663841248689,0.682225811075,0.0937,0.00291410895472,0.0881434357192,0.0995686013568,0.4771,0.00499475314705,0.467321133096,0.486896454029,0.0403,0.00196661918022,0.0366187206391,0.0443343274629,0.1763,0.00381075202552,0.168955763268,0.183892837277,0.0458,0.00209051094233,0.0418741615065,0.0500746626134,0.0328835420572,0.148,0.00355099985919,0.141175359327,0.155094975526,0.08,0.0725,-0.0075,-0.09375,-0.664043834934,,,,,,,,
A,prevalence,repeated,shared,2000,0.1,0,0.8,0.75,1,1,10000,10000,0,0.08006335,0.0750096,-0.00505375,-0.00505375,-0,0.00844957841996,8.44957841996e-05,-0.0576645685365,-0.0631218903531,-0.245903830981,0.159420289855,-0.022,0.0115,0.5523,0.00497257186977,0.54253570583,0.562024127941,0.1481,0.00355199085021,0.141273380105,0.155196877948,0.36,0.0048,0.350647585485,0.369459934059,0.0721,0.00258653416757,0.0671931098616,0.0773355159441,0.2701,0.00444011249857,0.261487043812,0.278889518639,0.0555,0.00228953597919,0.0511808952163,0.0601604793352,0.0331317357394,0.0897,0.00285751482936,0.0842557876826,0.0954593213804,0.08,0.075,-0.005,-0.0625,-0.636126411621,,,,,,,,
A,prevalence,repeated,shared,2000,0.1,0,0.8,0.775,1,1,10000,10000,0,0.08006335,0.0774893,-0.00257405,-0.00257405,-0,0.00854670967227,8.54670967227e-05,-0.0264662671854,-0.0321501660872,-0.217877094972,0.202705065205,-0.019,0.0145,0.4314,0.00495271683019,0.421721023869,0.441131660707,0.2254,0.0041784547383,0.217316718766,0.233694173139,0.2525,0.00434446486923,0.244081149475,0.261108929718,0.1197,0.00324610397246,0.113483333279,0.126208735882,0.3706,0.00482965464604,0.361185427413,0.380113951365,0.0669,0.00249848734237,0.0621674809604,0.0719651384283,0.0333744697892,0.0597,0.00236930179589,0.0552231424817,0.0645150064835,0.08,0.0775,-0.0025,-0.03125,-0.866415297108,,,,,,,,
A,prevalence,repeated,shared,2000,0.1,0,0.8,0.8,1,1,10000,10000,0,0.08006335,0.07999965,-6.37e-05,-6.37e-05,-0,0.00855800305279,8.55800305279e-05,0.00502900449503,-0.000795619968437,-0.188888888889,0.23288186219,-0.0165,0.0165,0.3203,0.00466591802328,0.311225468848,0.329512540166,0.3238,0.00467924737538,0.314698015578,0.333037305448,0.1682,0.00374043794227,0.160996587421,0.175658233898,0.1862,0.00389267979675,0.178691499797,0.19394949758,0.4837,0.00499734239371,0.473913526801,0.493498991546,0.0721,0.00258653416757,0.0671931098616,0.0773355159441,0.0336169677744,0.0474,0.00212492917529,0.0434061872899,0.0517414080352,0.08,0.08,0,0,-0.744332522518,,,,,,,,
A,prevalence,repeated,shared,2000,0.1,0,0.8,0.825,1,1,10000,10000,0,0.08006335,0.08247885,0.0024155,0.0024155,-0,0.00861799203577,8.61799203577e-05,0.0361691028511,0.0301698592427,-0.16571507498,0.265316826031,-0.0145,0.019,0.2245,0.00417252621322,0.2164286764,0.232782906702,0.4316,0.00495299343832,0.421920405242,0.441332125735,0.1032,0.00304219920452,0.09738896768,0.109315773427,0.2683,0.0044307460997,0.259706081287,0.277071863558,0.6002,0.00489857081198,0.590562267448,0.609760779278,0.0615,0.00240245187257,0.056957557998,0.0663792085731,0.0338533835782,0.0587,0.0023506235343,0.0542600896316,0.0634788273304,0.08,0.0825,0.0025,0.03125,-0.98050682397,,,,,,,,
A,prevalence,repeated,shared,2000,0.1,0,0.8,0.85,1,1,10000,10000,0,0.08006335,0.0849702,0.00490685,0.00490685,-0,0.0086425411442,8.6425411442e-05,0.0674041711969,0.061287093283,-0.135875192951,0.306582274843,-0.012,0.0215125,0.1473,0.00354404726266,0.140489244538,0.154381627913,0.5418,0.00498249696437,0.532020296222,0.551547601514,0.058,0.00233743449106,0.0535861760006,0.0627532785591,0.3687,0.00482452391434,0.359296207127,0.378204630845,0.7054,0.004558627425,0.696387748596,0.714254504873,0.0577,0.0023317527742,0.05329741309,0.0624422718687,0.0340876907165,0.0867,0.00281394935989,0.0813422427148,0.0923751703384,0.08,0.085,0.005,0.0625,-1.07780800167,,,,,,,,
A,prevalence,repeated,shared,2000,0.1,0,0.8,0.875,1,1,10000,10000,0,0.08006335,0.0874304,0.00736705,0.00736705,-0,0.0087098613919,8.7098613919e-05,0.0983245898597,0.0920152604157,-0.105603941844,0.340592349174,-0.0095,0.0245,0.0934,0.00290992164843,0.0878517500952,0.0992605173798,0.6468,0.00477964182758,0.637377332369,0.656109925709,0.0297,0.00169758387127,0.0265491315665,0.033212057301,0.4704,0.00499123070996,0.460630605755,0.480192126949,0.7916,0.0040616430173,0.783528093014,0.799447959136,0.0511,0.00220201702991,0.0469538898487,0.0555908638885,0.0343163378264,0.1362,0.00343000816326,0.129616845414,0.1430625518,0.08,0.0875,0.0075,0.09375,-1.52643072051,,,,,,,,
A,prevalence,repeated,shared,2000,0.1,0,0.8,0.9,1,1,10000,10000,0,0.08006335,0.08993575,0.0098724,0.0098724,-0,0.00883300177924,8.83300177924e-05,0.129863185291,0.123307355987,-0.0860261401557,0.384615384615,-0.0075,0.027,0.054,0.00226017698422,0.0497389383894,0.0586035881572,0.7444,0.00436197936721,0.735757954765,0.752854346831,0.0172,0.00130015999016,0.014830880568,0.0199399082587,0.5803,0.00493509787137,0.570598358997,0.589939970865,0.8646,0.00342150317843,0.85775379725,0.871166191138,0.036,0.00186290096355,0.032523311926,0.039833038562,0.0345462918676,0.2004,0.00400299687734,0.192669979115,0.208360112708,0.08,0.09,0.01,0.125,-1.44458252346,,,,,,,,
A,prevalence,repeated,shared,2000,0.1,0,0.8,0.925,1,1,10000,10000,0,0.08006335,0.09247165,0.0124083,0.0124083,-0,0.00878556541868,8.78556541868e-05,0.161583215674,0.154981024401,-0.0514285714286,0.417920202907,-0.0045,0.0295,0.026,0.00159135162676,0.0230583148128,0.0293057156426,0.8269,0.00378333701909,0.81935962784,0.834189314025,0.0069,0.000827791640451,0.00545620543118,0.00872249376198,0.6816,0.00465855599945,0.672401150812,0.690659380979,0.9164,0.00276786993914,0.910813862984,0.921666343173,0.0265,0.00160616779945,0.0235291491804,0.0298344972766,0.0347758280895,0.2861,0.00451936710171,0.277325660463,0.29503861404,0.08,0.0925,0.0125,0.15625,-1.04375752305,,,,,,,,
A,prevalence,repeated,shared,2000,0.1,0,0.8,0.95,1,1,10000,10000,0,0.08006335,0.09495515,0.0148918,0.0148918,-0,0.00893572758553,8.93572758553e-05,0.192931295903,0.186000211083,-0.0277777777778,0.462585034014,-0.0025,0.033,0.0143,0.00118724513054,0.0121525332635,0.0168204827538,0.8825,0.00322015139396,0.876041242567,0.88866499868,0.0038,0.00061526904684,0.00276990312478,0.00521117685828,0.7705,0.00420511295924,0.762155186432,0.778637070449,0.9481,0.00221825133833,0.94357766809,0.95227819257,0.0171,0.00129644089723,0.0147381847877,0.0198326808387,0.0349982486521,0.383,0.0048611829836,0.373518907786,0.392570947832,0.08,0.095,0.015,0.1875,-1.21086950071,,,,,,,,
A,prevalence,repeated,shared,2000,0.1,0,0.8,0.975,1,1,10000,10000,0,0.08006335,0.0974819,0.01741855,0.01741855,-0,0.00891160100996,8.91160100996e-05,0.224561070009,0.217559594996,-0.0052924199983,0.489055033346,-0.0005,0.035,0.0074,0.000857043756176,0.00589908635958,0.00927922883521,0.9293,0.00256323057878,0.924109570082,0.934160728917,0.0011,0.000331480014481,0.00061435065423,0.00196880292003,0.8418,0.0036492843134,0.834516452552,0.848821046162,0.9717,0.00165828556045,0.968264267801,0.974773468136,0.0108,0.00103360340557,0.00895372289977,0.0130219811061,0.0352213311522,0.4966,0.00499988439866,0.486803593854,0.506399017335,0.08,0.0975,0.0175,0.21875,-0.913977184447,,,,,,,,
A,prevalence,repeated,shared,2000,0.1,0,0.8,1,1,1,10000,10000,0,0.08006335,0.09996525,0.0199019,0.0199019,-0,0.00902760079687,9.02760079687e-05,0.255836110226,0.248576908161,0.0271739130435,0.532374100719,0.0025,0.038,0.0031,0.00055591276294,0.0021848645245,0.00439675305627,0.9582,0.00200131856535,0.954098347895,0.961949755998,0.0002,0.000141407213395,5.48489273209e-05,0.000728995844007,0.8945,0.00307196598288,0.888326820301,0.900370204985,0.9863,0.00116242462121,0.983827747152,0.988398776033,0.0052,0.000719232924719,0.00396785292163,0.00681215186599,0.0354380460818,0.5933,0.00491217986234,0.58363825935,0.602890086554,0.08,0.1,0.02,0.25,-1.08666745692,,,,,,,,
A,prevalence,paired,shared,2000,0.2,0,0.8,0.6,1,1,10000,10000,0,0.1600862,0.12009815,-0.03998805,-0.03998805,-0,0.00435081316021,4.35081316021e-05,-0.24979585765,-0.24979073774,-0.298136645963,-0.203761755486,-0.049,-0.032,1,0,0.999616001629,1,0,0,0,0.000383998370677,1,0,0.999616001629,1,0,0,0,0.000383998370677,0,0,0,0.000383998370677,0,0,0,0.000383998370677,0.017150419494,1,0,0.999616001629,1,0.16,0.12,-0.04,-0.25,0.274661300314,,,,,,,,
A,prevalence,paired,shared,2000,0.2,0,0.8,0.625,1,1,10000,10000,0,0.1601037,0.1251017,-0.035002,-0.035002,-0,0.00408575762149,4.08575762149e-05,-0.218616883592,-0.21862080639,-0.263157894737,-0.174174174174,-0.043,-0.027,1,0,0.999616001629,1,0,0,0,0.000383998370677,1,0,0.999616001629,1,0,0,0,0.000383998370677,0,0,0,0.000383998370677,0,0,0,0.000383998370677,0.0160834642773,1,0,0.999616001629,1,0.16,0.125,-0.035,-0.21875,-0.0489505297487,,,,,,,,
A,prevalence,paired,shared,2000,0.2,0,0.8,0.65,1,1,10000,10000,0,0.1600075,0.13003055,-0.02997695,-0.02997695,-0,0.00379214737789,3.79214737789e-05,-0.187332171903,-0.187347155602,-0.230519733382,-0.145522099256,-0.0375,-0.023,1,0,0.999616001629,1,0,0,0,0.000383998370677,1,0,0.999616001629,1,0,0,0,0.000383998370677,0,0,0,0.000383998370677,0,0,0,0.000383998370677,0.0149184483674,1,0,0.999616001629,1,0.16,0.13,-0.03,-0.1875,0.607835025991,,,,,,,,
A,prevalence,paired,shared,2000,0.2,0,0.8,0.675,1,1,10000,10000,0,0.1600266,0.13505505,-0.02497155,-0.02497155,-0,0.00344437976604,3.44437976604e-05,-0.15603812211,-0.156046244812,-0.196669354839,-0.117647058824,-0.032,-0.0185,1,0,0.999616001629,1,0,0,0,0.000383998370677,0.9983,0.00041195994951,0.997279014585,0.998938292639,0,0,0,0.000383998370677,0,0,0,0.000383998370677,0,0,0,0.000383998370677,0.0136459449552,1,0,0.999616001629,1,0.16,0.135,-0.025,-0.15625,0.825983251921,,,,,,,,
A,prevalence,paired,shared,2000,0.2,0,0.8,0.7,1,1,10000,10000,0,0.16006725,0.1400831,-0.01998415,-0.01998415,-0,0.00310911409191,3.10911409191e-05,-0.124845010063,-0.124848462131,-0.161493050295,-0.0895953757225,-0.0265,-0.014,1,0,0.999616001629,1,0,0,0,0.000383998370677,0.9158,0.00277687522226,0.910196461142,0.921084205813,0,0,0,0.000383998370677,0,0,0,0.000383998370677,0,0,0,0.000383998370677,0.0122303855566,1,0,0.999616001629,1,0.16,0.14,-0.02,-0.125,0.509791520397,,,,,,,,
A,prevalence,paired,shared,2000,0.2,0,0.8,0.725,1,1,10000,10000,0,0.16007845,0.1451347,-0.01494375,-0.01494375,-0,0.00272808635916,2.72808635916e-05,-0.0933593377715,-0.0933526655212,-0.126245847176,-0.0616433559725,-0.0205,-0.0095,0.998,0.000446766158074,0.996912649335,0.998704888287,0,0,0,0.000383998370677,0.3355,0.00472164960581,0.326310465915,0.344815869549,0,0,0,0.000383998370677,0,0,0,0.000383998370677,0,0,0,0.000383998370677,0.0105908585381,1,0,0.999616001629,1,0.16,0.145,-0.015,-0.09375,2.0618848744,,,,,,,,
A,prevalence,paired,shared,2000,0.2,0,0.8,0.75,1,1,10000,10000,0,0.16008285,0.1500759,-0.01000695,-0.01000695,-0,0.00223018476138,2.23018476138e-05,-0.0625039813239,-0.0625110684873,-0.0909090909091,-0.0373802751495,-0.0145,-0.006,0.8185,0.003854319006,0.810823830483,0.825931562555,0,0,0,0.000383998370677,0.0044,0.000661864034376,0.0032794410394,0.00590117814561,0,0,0,0.000383998370677,0,0,0,0.000383998370677,0,0,0,0.000383998370677,0.00866987400121,1,0,0.999616001629,1,0.16,0.15,-0.01,-0.0625,-0.311633373178,,,,,,,,
A,prevalence,paired,shared,2000,0.2,0,0.8,0.775,1,1,10000,10000,0,0.1600975,0.15510285,-0.00499465,-0.00499465,-0,0.00158447071044,1.58447071044e-05,-0.031200172102,-0.0311975514921,-0.0514486504921,-0.0131147540984,-0.0085,-0.002,0.035,0.00183779759495,0.0315728098927,0.038784308592,0,0,0,0.000383998370677,0,0,0,0.000383998370677,0,0,0,0.000383998370677,0,0,0,0.000383998370677,0.0098,0.000985086798206,0.00804871605521,0.0119277559474,0.00609777960101,0.9887,0.0010569914853,0.986432588782,0.990592091211,0.16,0.155,-0.005,-0.03125,0.33765218661,,,,,,,,
A,prevalence,paired,shared,2000,0.2,0,0.8,0.8,1,1,10000,10000,0,0.16015175,0.16015175,0,0,-0,0,0,0,0,0,0,0,0,0,0,0,0.000383998370677,0,0,0,0.000383998370677,0,0,0,0.000383998370677,0,0,0,0.000383998370677,0,0,0,0.000383998370677,1,0,0.999616001629,1,0,0,0,0,0.000383998370677,0.16,0.16,0,0,0,,,,,,,,
A,prevalence,paired,shared,2000,0.2,0,0.8,0.825,1,1,10000,10000,0,0.1600994,0.1651038,0.0050044,0.0050044,-0,0.00159664822943,1.59664822943e-05,0.0313555060293,0.0312580809172,0.0128617363344,0.0529801324503,0.002,0.0085,0,0,0,0.000383998370677,0.0414,0.00199213553756,0.0376683674639,0.0454838358416,0,0,0,0.000383998370677,0,0,0,0.000383998370677,0.9999,9.9994999875e-05,0.999433731103,0.999982347326,0.0104,0.00101448706251,0.008591159114,0.0125848520906,0.00610255058175,0.9888,0.00105235735375,0.986541590683,0.99068301251,0.16,0.165,0.005,0.03125,0.275577294917,,,,,,,,
A,prevalence,paired,shared,2000,0.2,0,0.8,0.85,1,1,10000,10000,0,0.1600994,0.17010085,0.01000145,0.01000145,-0,0.00225183924282,2.25183924282e-05,0.0626644553718,0.0624702528554,0.0357142857143,0.09375,0.006,0.0145,0,0,0,0.000383998370677,0.804,0.00396968512605,0.796103442748,0.811663086243,0,0,0,0.000383998370677,0.0093,0.000959870303739,0.00759806350136,0.0113787924996,1,0,0.999616001629,1,0,0,0,0.000383998370677,0.00866611395282,1,0,0.999616001629,1,0.16,0.17,0.01,0.0625,0.0643918079252,,,,,,,,
A,prevalence,paired,shared,2000,0.2,0,0.8,0.875,1,1,10000,10000,0,0.16006165,0.17507575,0.0150141,0.0150141,-0,0.00272721377224,2.72721377224e-05,0.094100280799,0.0938019819238,0.0607902735562,0.131500482859,0.01,0.0205,0,0,0,0.000383998370677,0.9962,0.00061526904684,0.994788823142,0.997230096875,0,0,0,0.000383998370677,0.3565,0.00478965291018,0.347169197382,0.36594101015,1,0,0.999616001629,1,0,0,0,0.000383998370677,0.010616017703,1,0,0.999616001629,1,0.16,0.175,0.015,0.09375,0.517011176151,,,,,,,,
A,prevalence,paired,shared,2000,0.2,0,0.8,0.9,1,1,10000,10000,0,0.16004415,0.1800662,0.02002205,0.02002205,-0,0.00312061894882,3.12061894882e-05,0.125497044186,0.12510329181,0.0867052023121,0.168284789644,0.014,0.0265,0,0,0,0.000383998370677,1,0,0.999616001629,1,0,0,0,0.000383998370677,0.8925,0.00309747881349,0.886277628475,0.898420932804,1,0,0.999616001629,1,0,0,0,0.000383998370677,0.0122418273774,1,0,0.999616001629,1,0.16,0.18,0.02,0.125,0.706590595058,,,,,,,,
A,prevalence,paired,shared,2000,0.2,0,0.8,0.925,1,1,10000,10000,0,0.16006165,0.1850685,0.02500685,0.02500685,-0,0.00347743257753,3.47743257753e-05,0.156732867785,0.156232614121,0.112994350282,0.206350618539,0.0185,0.032,0,0,0,0.000383998370677,1,0,0.999616001629,1,0,0,0,0.000383998370677,0.9955,0.00066930934552,0.993984428906,0.996635028708,1,0,0.999616001629,1,0,0,0,0.000383998370677,0.0136547757146,1,0,0.999616001629,1,0.16,0.185,0.025,0.15625,0.196984408678,,,,,,,,
A,prevalence,paired,shared,2000,0.2,0,0.8,0.95,1,1,10000,10000,0,0.1600994,0.19008115,0.02998175,0.02998175,-0,0.00379970863568,3.79970863568e-05,0.187853391415,0.187269596263,0.138643067847,0.242106090698,0.023,0.0375,0,0,0,0.000383998370677,1,0,0.999616001629,1,0,0,0,0.000383998370677,1,0,0.999616001629,1,1,0,0.999616001629,1,0,0,0,0.000383998370677,0.014919482929,1,0,0.999616001629,1,0.16,0.19,0.03,0.1875,-0.480299984809,,,,,,,,
A,prevalence,paired,shared,2000,0.2,0,0.8,0.975,1,1,10000,10000,0,0.1600994,0.1950782,0.0349788,0.0349788,-0,0.00408896350219,4.08896350219e-05,0.219162340758,0.218481768202,0.165555493721,0.277955271565,0.027,0.043,0,0,0,0.000383998370677,1,0,0.999616001629,1,0,0,0,0.000383998370677,1,0,0.999616001629,1,1,0,0.999616001629,1,0,0,0,0.000383998370677,0.0160782402234,1,0,0.999616001629,1,0.16,0.195,0.035,0.21875,-0.518468799944,,,,,,,,
A,prevalence,paired,shared,2000,0.2,0,0.8,1,1,1,10000,10000,0,0.1600994,0.2000826,0.0399832,0.0399832,-0,0.00435769052443,4.35769052443e-05,0.250517846787,0.249739849119,0.19265990072,0.314381270903,0.0315,0.0485,0,0,0,0.000383998370677,1,0,0.999616001629,1,0,0,0,0.000383998370677,1,0,0.999616001629,1,1,0,0.999616001629,1,0,0,0,0.000383998370677,0.0171492011753,1,0,0.999616001629,1,0.16,0.2,0.04,0.25,-0.385525312223,,,,,,,,
A,prevalence,repeated,shared,2000,0.2,0,0.8,0.6,1,1,10000,10000,0,0.15989705,0.1199862,-0.03991085,-0.03991085,-0,0.0110589491957,0.000110589491957,-0.2475424255,-0.249603416698,-0.35714780372,-0.122805434163,-0.061,-0.0185,0.9984,0.000399679871898,0.997402363084,0.99901486734,0,0,0,0.000383998370677,0.9889,0.00104770177054,0.986650634088,0.990773892305,0,0,0,0.000383998370677,0,0,0,0.000383998370677,0.0002,0.000141407213395,5.48489273209e-05,0.000728995844007,0.0429171605828,0.9517,0.00214399416977,0.947321624517,0.955731471355,0.16,0.12,-0.04,-0.25,0.80613445656,,,,,,,,
A,prevalence,repeated,shared,2000,0.2,0,0.8,0.625,1,1,10000,10000,0,0.15989705,0.12499735,-0.0348997,-0.0348997,-0,0.0110692159914,0.000110692159914,-0.216153690276,-0.218263563962,-0.328126209365,-0.0884303721489,-0.056,-0.013,0.9935,0.000803601269287,0.991724408238,0.99489658537,0,0,0,0.000383998370677,0.9614,0.00192639663621,0.957443724512,0.965001921792,0,0,0,0.000383998370677,0.0007,0.0002644825136,0.000339126331688,0.00144433444127,0.001,0.000316069612586,0.000543285986497,0.00183994438744,0.0432542886337,0.8848,0.00319263151648,0.878394251462,0.890910223392,0.16,0.125,-0.035,-0.21875,0.906116567587,,,,,,,,
A,prevalence,repeated,shared,2000,0.2,0,0.8,0.65,1,1,10000,10000,0,0.15989705,0.13000825,-0.0298888,-0.0298888,-0,0.011176122992,0.00011176122992,-0.184728634238,-0.186925274731,-0.301833394135,-0.050723413631,-0.0515,-0.0075,0.9758,0.00153669645669,0.972600464544,0.978634122606,0.0005,0.000223550889061,0.000213588426164,0.00117002594614,0.902,0.00297314648142,0.896017446895,0.907673818415,0,0,0,0.000383998370677,0.0035,0.000590571756859,0.00251777850562,0.00486353187646,0.0026,0.000509238647394,0.00177498837017,0.00380701320898,0.0435844238563,0.7693,0.00421280797094,0.760940575161,0.777452603317,0.16,0.13,-0.03,-0.1875,0.994978312958,,,,,,,,
A,prevalence,repeated,shared,2000,0.2,0,0.8,0.675,1,1,10000,10000,0,0.15989705,0.134996,-0.02490105,-0.02490105,-0,0.0110852456971,0.000110852456971,-0.153518046361,-0.155731766158,-0.270721109576,-0.0196673408559,-0.0465,-0.003,0.9402,0.00237115921018,0.935381395956,0.944680531879,0.0031,0.00055591276294,0.0021848645245,0.00439675305627,0.8051,0.00396123705425,0.797219566856,0.812746117338,0.0003,0.000173179098046,0.000102032199418,0.000881735772236,0.0132,0.00114130451677,0.011142645756,0.0156312150576,0.0092,0.000954743944731,0.00750809330645,0.0112688394942,0.043906170498,0.6111,0.00487500553846,0.601504241937,0.620610433625,0.16,0.135,-0.025,-0.15625,0.892627937205,,,,,,,,
A,prevalence,repeated,shared,2000,0.2,0,0.8,0.7,1,1,10000,10000,0,0.15989705,0.1399401,-0.01995695,-0.01995695,-0,0.0112548828931,0.000112548828931,-0.122475133538,-0.124811245736,-0.243627182917,0.0168918918919,-0.0415,0.0025,0.8648,0.00341937070234,0.857957896708,0.87136193808,0.009,0.000944404574322,0.0073283200934,0.0110487663066,0.649,0.00477282934956,0.639589831849,0.658295736637,0.0019,0.000435475602072,0.00121674415963,0.00296579501724,0.0382,0.00191678793819,0.0346170328443,0.0421376280508,0.0222,0.00147333499246,0.0194905214431,0.0252764273999,0.0442186626873,0.4268,0.00494612737402,0.417135697869,0.436520519492,0.16,0.14,-0.02,-0.125,0.382500648022,,,,,,,,
A,prevalence,repeated,shared,2000,0.2,0,0.8,0.725,1,1,10000,10000,0,0.15989705,0.14496,-0.01493705,-0.01493705,-0,0.0112884390056,0.000112884390056,-0.0910250793592,-0.0934166702888,-0.217529377421,0.0484429065744,-0.0375,0.007,0.7393,0.00439016525885,0.730604704879,0.747811513501,0.0243,0.0015397892713,0.0214597917759,0.0275055442739,0.4622,0.00498569112561,0.452444605665,0.471984424612,0.0049,0.000698282893962,0.00370862676283,0.00647160842381,0.0888,0.00284454847032,0.083381522125,0.0945342781351,0.048,0.00213766227454,0.0439810363881,0.052366098139,0.0445292665341,0.2614,0.00439397360028,0.252880758211,0.270102485811,0.16,0.145,-0.015,-0.09375,0.557650176157,,,,,,,,
A,prevalence,repeated,shared,2000,0.2,0,0.8,0.75,1,1,10000,10000,0,0.15989705,0.1499463,-0.00995075,-0.00995075,-0,0.0113908153573,0.000113908153573,-0.0597449180379,-0.0622322300505,-0.187692057047,0.0855047232266,-0.032,0.0125,0.5775,0.00493957234991,0.567790669469,0.587149810783,0.0642,0.00245108873768,0.059561308912,0.0691733840679,0.288,0.00452831094339,0.2792074121,0.296955403209,0.0157,0.00124312147435,0.0134428765415,0.0183290642804,0.1855,0.00388702649849,0.178002841089,0.193238693886,0.0739,0.00261608084737,0.0689345715097,0.0791926719018,0.0448314874753,0.1382,0.00345109779635,0.13157477512,0.145103086101,0.16,0.15,-0.01,-0.0625,0.432365888262,,,,,,,,
A,prevalence,repeated,shared,2000,0.2,0,0.8,0.775,1,1,10000,10000,0,0.15989705,0.1549734,-0.00492365,-0.00492365,-0,0.0115198531405,0.000115198531405,-0.0281955817978,-0.0307926256301,-0.160991368001,0.121214605067,-0.0275,0.018,0.3952,0.00488893608058,0.385659859806,0.404820626253,0.1388,0.00345737704047,0.132162247302,0.145715153121,0.1528,0.00359794608075,0.145881573113,0.159985075355,0.0445,0.00206203176503,0.040630395382,0.0487194271337,0.3222,0.00467319120088,0.313110492696,0.331426057124,0.1036,0.0030474093916,0.0977786115059,0.109725822402,0.0451298959882,0.0726,0.0025947878526,0.067676758706,0.0778514831013,0.16,0.155,-0.005,-0.03125,0.662768865789,,,,,,,,
A,prevalence,repeated,shared,2000,0.2,0,0.8,0.8,1,1,10000,10000,0,0.15989705,0.159955,5.795e-05,5.795e-05,-0,0.0115492188153,0.000115492188153,0.00302020017064,0.000362420695066,-0.129311024693,0.154369335086,-0.022,0.023,0.2358,0.00424497773846,0.227582427834,0.244220476905,0.2485,0.00432143205431,0.240127800084,0.257065351096,0.0694,0.00254133114725,0.0645826443032,0.0745480550936,0.098,0.00297314648142,0.0923261815851,0.103982553105,0.4892,0.00499883346392,0.47940849405,0.498999800315,0.1242,0.00329809581425,0.117879787936,0.13080882524,0.0454193373588,0.0489,0.0021565896689,0.0448436465886,0.0533027967415,0.16,0.16,0,0,0.501765538665,,,,,,,,
A,prevalence,repeated,shared,2000,0.2,0,0.8,0.825,1,1,10000,10000,0,0.15989705,0.1649492,0.00505215,0.00505215,-0,0.0116029185186,0.000116029185186,0.0343343242642,0.0315962677235,-0.102484687118,0.187723448113,-0.0175,0.028,0.1247,0.00330378434526,0.11836845581,0.131319773367,0.4016,0.00490221827339,0.392031384805,0.411244186074,0.0272,0.00162665792347,0.0241888094761,0.0305742993833,0.1856,0.00388783538746,0.178101218408,0.193340239767,0.6573,0.00474612167986,0.647938959544,0.666540234569,0.111,0.00314132137802,0.10499186871,0.117306882022,0.0457035576398,0.0705,0.00255987792678,0.0656459116352,0.0756839429652,0.16,0.165,0.005,0.03125,0.449455884021,,,,,,,,
A,prevalence,repeated,shared,2000,0.2,0,0.8,0.85,1,1,10000,10000,0,0.15989705,0.1699976,0.01010055,0.01010055,-0,0.0116575213694,0.000116575213694,0.0659961401523,0.0631690828568,-0.0710227272727,0.222611995557,-0.012,0.033,0.0534,0.00224829802295,0.0491624202232,0.0579805671215,0.565,0.00495756996925,0.555260215221,0.574689864991,0.0081,0.000896347588829,0.00652228990586,0.0100554876912,0.3117,0.00463187985595,0.302695444386,0.3208491694,0.7993,0.00400524044222,0.791335608189,0.807034530386,0.0846,0.00278285536814,0.0793039314919,0.0902150943545,0.0459848975444,0.1388,0.00345737704047,0.132162247302,0.145715153121,0.16,0.17,0.01,0.0625,0.862533267698,,,,,,,,
A,prevalence,repeated,shared,2000,0.2,0,0.8,0.875,1,1,10000,10000,0,0.15989705,0.1749818,0.01508475,0.01508475,-0,0.0117626837291,0.000117626837291,0.0972605854998,0.0943403896445,-0.046962841407,0.2574282261,-0.008,0.038,0.0219,0.00146357063376,0.0192097246262,0.0249574546158,0.7224,0.00447814961787,0.713538856584,0.731090340941,0.0018,0.000423882059068,0.00113892799151,0.00284368798503,0.4688,0.00499025610565,0.45903312924,0.478590832258,0.8975,0.00303304714767,0.891401879264,0.903292842031,0.0503,0.00218563286029,0.0461862651197,0.0547591030149,0.0462567485286,0.2482,0.00431968471072,0.239831337819,0.256762043761,0.16,0.175,0.015,0.09375,0.720498841523,,,,,,,,
A,prevalence,repeated,shared,2000,0.2,0,0.8,0.9,1,1,10000,10000,0,0.15989705,0.18001465,0.0201176,0.0201176,-0,0.0119300776576,0.000119300776576,0.12887135815,0.125815954703,-0.0151975683891,0.296437211982,-0.0025,0.0435,0.0064,0.00079743589084,0.00501544280103,0.0081636403905,0.8414,0.00365302669029,0.834109276683,0.848428529229,0.0007,0.0002644825136,0.000339126331688,0.00144433444127,0.6218,0.00484937892931,0.612250330903,0.631256127094,0.9527,0.00212279791784,0.948362724711,0.956689603164,0.0278,0.00164399391726,0.0247546750246,0.0312079730367,0.0465255802051,0.3904,0.00487839973762,0.380882341766,0.400001830677,0.16,0.18,0.02,0.125,0.985743792921,,,,,,,,
A,prevalence,repeated,shared,2000,0.2,0,0.8,0.925,1,1,10000,10000,0,0.15989705,0.1850183,0.02512125,0.02512125,-0,0.0118055838745,0.000118055838745,0.160160885121,0.157108902259,0.0142440025253,0.328964424951,0.0025,0.049,0.0015,0.00038700775186,0.000909261825593,0.00247358454997,0.9242,0.00264677841914,0.918847956329,0.929226259454,0,0,0,0.000383998370677,0.7641,0.0042455999576,0.755678342761,0.7723188293,0.9835,0.00127388186265,0.98081115873,0.985817514845,0.0114,0.00106160444611,0.00949887105305,0.0136763721548,0.0467869837529,0.5554,0.00496921361988,0.545641093678,0.565116359303,0.16,0.185,0.025,0.15625,1.02705635984,,,,,,,,
A,prevalence,repeated,shared,2000,0.2,0,0.8,0.95,1,1,10000,10000,0,0.15989705,0.1900004,0.03010335,0.03010335,-0,0.0119564057869,0.000119564057869,0.19144801665,0.188267075596,0.040224137931,0.364917763158,0.007,0.054,0.0001,9.9994999875e-05,1.76526736011e-05,0.000566268897401,0.9646,0.00184788636014,0.960796106873,0.968047081841,0,0,0,0.000383998370677,0.869,0.00337400355661,0.862245130771,0.875471478431,0.9942,0.000759365524632,0.99251013259,0.99551032342,0.0052,0.000719232924719,0.00396785292163,0.00681215186599,0.0470420014501,0.7057,0.00455727451444,0.696690283422,0.714551739648,0.16,0.19,0.03,0.1875,0.864390200884,,,,,,,,
A,prevalence,repeated,shared,2000,0.2,0,0.8,0.975,1,1,10000,10000,0,0.15989705,0.19502115,0.0351241,0.0351241,-0,0.012068461541,0.00012068461541,0.222948194287,0.219666966964,0.0682475721608,0.398026315789,0.0115,0.059,0,0,0,0.000383998370677,0.9857,0.00118724513054,0.983179517246,0.987847466737,0,0,0,0.000383998370677,0.9359,0.00244930990281,0.930930059862,0.940535170359,0.9982,0.000423882059068,0.997156312015,0.998861072008,0.0014,0.000373903730925,0.000834162028875,0.00234876114636,0.0472934084937,0.8264,0.00378765151512,0.81885136966,0.833697956203,0.16,0.195,0.035,0.21875,1.02830008265,,,,,,,,
A,prevalence,repeated,shared,2000,0.2,0,0.8,1,1,1,10000,10000,0,0.15989705,0.1999645,0.04006745,0.04006745,-0,0.0121042648195,0.000121042648195,0.253937929368,0.250582796868,0.0985026412879,0.435649911145,0.017,0.064,0,0,0,0.000383998370677,0.9971,0.000537735064879,0.995838225453,0.997980003366,0,0,0,0.000383998370677,0.9728,0.00162665792347,0.969425700617,0.975811190524,0.9995,0.000223550889061,0.998829974054,0.999786411574,0.0005,0.000223550889061,0.000213588426164,0.00117002594614,0.0475356533481,0.91,0.00286181760425,0.904232368719,0.915452752617,0.16,0.2,0.04,0.25,0.557241608689,,,,,,,,
A,specificity_equal,paired,shared,2000,0.05,0,0.8,0.6,0.995,0.995,10000,10000,0,0.0446809,0.03471895,-0.00996195,-0.00996195,-0,0.00222607788268,2.22607788268e-05,-0.222985165176,-0.22295768438,-0.314606741573,-0.137931034483,-0.0145,-0.006,1,0,0.999616001629,1,0,0,0,0.000383998370677,0.9985,0.00038700775186,0.99752641545,0.999090738174,0,0,0,0.000383998370677,0,0,0,0.000383998370677,0,0,0,0.000383998370677,0.00865030123616,1,0,0.999616001629,1,0.04475,0.03475,-0.01,-0.223463687151,1.70928431103,,,,,,,,
A,specificity_equal,paired,shared,2000,0.05,0,0.8,0.625,0.995,0.995,10000,10000,0,0.04467945,0.0359415,-0.00873795,-0.00873795,-0,0.00207109481697,2.07109481697e-05,-0.195537028305,-0.195569775367,-0.28,-0.117017822603,-0.013,-0.005,0.9999,9.9994999875e-05,0.999433731103,0.999982347326,0,0,0,0.000383998370677,0.9922,0.000879724957018,0.990276767833,0.993745224171,0,0,0,0.000383998370677,0,0,0,0.000383998370677,0,0,0,0.000383998370677,0.00809986355598,1,0,0.999616001629,1,0.04475,0.036,-0.00875,-0.195530726257,0.581817882082,,,,,,,,
A,specificity_equal,paired,shared,2000,0.05,0,0.8,0.65,0.995,0.995,10000,10000,0,0.04465955,0.03716815,-0.0074914,-0.0074914,-0,0.00191337192914,1.91337192914e-05,-0.16777659565,-0.167744636925,-0.247191011236,-0.0933333333333,-0.0115,-0.004,0.9991,0.000299864969611,0.998290269887,0.999526422939,0,0,0,0.000383998370677,0.9612,0.00193117995019,0.957234441861,0.964811358042,0,0,0,0.000383998370677,0,0,0,0.000383998370677,0,0,0,0.000383998370677,0.00749505912392,0.9998,0.000141407213395,0.999271004156,0.999945151073,0.04475,0.03725,-0.0075,-0.167597765363,0.449468285232,,,,,,,,
A,specificity_equal,paired,shared,2000,0.05,0,0.8,0.675,0.995,0.995,10000,10000,0,0.04469025,0.03848385,-0.0062064,-0.0062064,-0,0.0017375560279,1.7375560279e-05,-0.138853817185,-0.138875929313,-0.214285714286,-0.0714285714286,-0.01,-0.003,0.997,0.000546900356555,0.995720593314,0.997897712306,0,0,0,0.000383998370677,0.8564,0.00350683675126,0.849389826399,0.863136459562,0,0,0,0.000383998370677,0,0,0,0.000383998370677,0,0,0,0.000383998370677,0.0068145106174,0.9986,0.000373903730925,0.997651238854,0.999165837971,0.04475,0.0385,-0.00625,-0.139664804469,2.50927160333,,,,,,,,
A,specificity_equal,paired,shared,2000,0.05,0,0.8,0.7,0.995,0.995,10000,10000,0,0.0446545,0.0396595,-0.004995,-0.004995,-0,0.0015543540786,1.5543540786e-05,-0.111895831908,-0.111858827218,-0.180722891566,-0.0512820512821,-0.0085,-0.002,0.9782,0.00146029996918,0.975148900559,0.980883843399,0,0,0,0.000383998370677,0.6261,0.00483837565718,0.616570233036,0.635532922575,0,0,0,0.000383998370677,0,0,0,0.000383998370677,0,0,0,0.000383998370677,0.00610176446725,0.9905,0.000970038659023,0.988401464294,0.992221833304,0.04475,0.03975,-0.005,-0.111731843575,0.321677027702,,,,,,,,
A,specificity_equal,paired,shared,2000,0.05,0,0.8,0.725,0.995,0.995,10000,10000,0,0.04467,0.0409094,-0.0037606,-0.0037606,-0,0.0013695164101,1.3695164101e-05,-0.0841922006007,-0.0841862547571,-0.146341463415,-0.031914893617,-0.0065,-0.0015,0.882,0.0032260812141,0.875529822161,0.888176803084,0,0,0,0.000383998370677,0.2861,0.00451936710171,0.277325660463,0.29503861404,0,0,0,0.000383998370677,0,0,0,0.000383998370677,0.0006,0.00024487547856,0.000275013476331,0.0013085240963,0.00526994672665,0.9398,0.00237857015873,0.934967042286,0.944295192747,0.04475,0.041,-0.00375,-0.0837988826816,-0.773995836914,,,,,,,,
A,specificity_equal,paired,shared,2000,0.05,0,0.8,0.75,0.995,0.995,10000,10000,0,0.04465965,0.0421525,-0.00250715,-0.00250715,-0,0.0011105616652,1.1105616652e-05,-0.0561382207991,-0.0561390427377,-0.107843137255,-0.0117647058824,-0.005,-0.0005,0.5824,0.00493163502299,0.572704335714,0.592032381355,0,0,0,0.000383998370677,0.045,0.00207304124416,0.0411086576754,0.049240780842,0,0,0,0.000383998370677,0,0,0,0.000383998370677,0.0088,0.000933946465275,0.00714877589421,0.0108284641051,0.0042585410099,0.7403,0.00438469964764,0.731615026498,0.748800423885,0.04475,0.04225,-0.0025,-0.0558659217877,-0.643818369031,,,,,,,,
A,specificity_equal,paired,shared,2000,0.05,0,0.8,0.775,0.995,0.995,10000,10000,0,0.04466745,0.04340985,-0.0012576,-0.0012576,-0,0.000791773282255,7.91773282255e-06,-0.0281295270342,-0.0281547301223,-0.0666666666667,0,-0.003,0,0.1182,0.00322844792431,0.112018485367,0.124674735788,0,0,0,0.000383998370677,0.0005,0.000223550889061,0.000213588426164,0.00117002594614,0,0,0,0.000383998370677,0,0,0,0.000383998370677,0.1011,0.00301461092017,0.0953437970784,0.107162556822,0.00287131302044,0.2436,0.00429254050651,0.235286271678,0.252110642687,0.04475,0.0435,-0.00125,-0.0279329608939,-0.959870731979,,,,,,,,
A,specificity_equal,paired,shared,2000,0.05,0,0.8,0.8,0.995,0.995,10000,10000,0,0.04471235,0.04471235,0,0,-0,0,0,0,0,0,0,0,0,0,0,0,0.000383998370677,0,0,0,0.000383998370677,0,0,0,0.000383998370677,0,0,0,0.000383998370677,0,0,0,0.000383998370677,1,0,0.999616001629,1,0,0,0,0,0.000383998370677,0.04475,0.04475,0,0,0,,,,,,,,
A,specificity_equal,paired,shared,2000,0.05,0,0.8,0.825,0.995,0.995,10000,10000,0,0.04466335,0.04592225,0.0012589,0.0012589,-0,0.000789831104298,7.89831104298e-06,0.02849533686,0.0281864213052,0,0.0697674418605,0,0.003,0,0,0,0.000383998370677,0.1266,0.00332524344973,0.120225701656,0.133261068327,0,0,0,0.000383998370677,0.0008,0.000282729552753,0.000405433719897,0.00157795025339,0.9195,0.00272065708975,0.914005113613,0.924672711754,0.1036,0.0030474093916,0.0977786115059,0.109725822402,0.00287653657596,0.244,0.00429492724036,0.23568144318,0.252515163986,0.04475,0.046,0.00125,0.0279329608939,1.12682318429,,,,,,,,
A,specificity_equal,paired,shared,2000,0.05,0,0.8,0.85,0.995,0.995,10000,10000,0,0.04466335,0.04717695,0.0025136,0.0025136,-0,0.00111462517419,1.11462517419e-05,0.0569098976634,0.056278805777,0.0116279069767,0.114942528736,0.0005,0.005,0,0,0,0.000383998370677,0.5722,0.00494759699248,0.562476985778,0.581867564857,0,0,0,0.000383998370677,0.0616,0.00240427619046,0.0570539483414,0.06648274143,0.9942,0.000759365524632,0.99251013259,0.99551032342,0.0103,0.00100964894889,0.00850063227388,0.0124754557304,0.00426565004836,0.7375,0.0043999289767,0.728786271643,0.746031329131,0.04475,0.04725,0.0025,0.0558659217877,1.22014111245,,,,,,,,
A,specificity_equal,paired,shared,2000,0.05,0,0.8,0.875,0.995,0.995,10000,10000,0,0.04466335,0.0484279,0.00376455,0.00376455,-0,0.00136055996187,1.36055996187e-05,0.0852262556137,0.0842872287905,0.030303030303,0.155844155844,0.0015,0.0065,0,0,0,0.000383998370677,0.8696,0.00336742988049,0.862857774153,0.876058374251,0,0,0,0.000383998370677,0.301,0.00458692707594,0.292087605268,0.310065226084,0.999,0.000316069612586,0.998160055613,0.999456714014,0.0014,0.000373903730925,0.000834162028875,0.00234876114636,0.00527364329082,0.9452,0.0022758945494,0.940565953715,0.949492134136,0.04475,0.0485,0.00375,0.0837988826816,1.06941262479,,,,,,,,
A,specificity_equal,paired,shared,2000,0.05,0,0.8,0.9,0.995,0.995,10000,10000,0,0.04466335,0.04967765,0.0050143,0.0050143,-0,0.00156723997337,1.56723997337e-05,0.113523784167,0.112268784137,0.0480769230769,0.195652173913,0.002,0.0085,0,0,0,0.000383998370677,0.9709,0.0016808685255,0.967420406223,0.974017944111,0,0,0,0.000383998370677,0.6159,0.00486381732798,0.606324314376,0.625386674802,1,0,0.999616001629,1,0,0,0,0.000383998370677,0.00611260374845,0.9909,0.000949588858401,0.988841168937,0.992581821462,0.04475,0.04975,0.005,0.111731843575,0.912432061652,,,,,,,,
A,specificity_equal,paired,shared,2000,0.05,0,0.8,0.925,0.995,0.995,10000,10000,0,0.04466335,0.05090115,0.0062378,0.0062378,-0,0.0017669786024,1.7669786024e-05,0.141240057416,0.139662609276,0.0666666666667,0.234042553191,0.003,0.01,0,0,0,0.000383998370677,0.994,0.000772269383052,0.992285132503,0.995335477107,0,0,0,0.000383998370677,0.8305,0.0037519295036,0.823019758602,0.837726418475,1,0,0.999616001629,1,0,0,0,0.000383998370677,0.00682975582387,0.9978,0.000468525346166,0.9966710408,0.998546650422,0.04475,0.051,0.00625,0.139664804469,-0.690444127814,,,,,,,,
A,specificity_equal,paired,shared,2000,0.05,0,0.8,0.95,0.995,0.995,10000,10000,0,0.04466335,0.0521521,0.00748875,0.00748875,-0,0.00192824278801,1.92824278801e-05,0.169556415367,0.167671032289,0.0860215053763,0.271604938272,0.004,0.0115,0,0,0,0.000383998370677,0.9986,0.000373903730925,0.997651238854,0.999165837971,0,0,0,0.000383998370677,0.9406,0.00236371825732,0.935795808282,0.945065812354,1,0,0.999616001629,1,0,0,0,0.000383998370677,0.00749278226527,0.9998,0.000141407213395,0.999271004156,0.999945151073,0.04475,0.05225,0.0075,0.167597765363,-0.5834327539,,,,,,,,
A,specificity_equal,paired,shared,2000,0.05,0,0.8,0.975,0.995,0.995,10000,10000,0,0.04466335,0.0534068,0.00874345,0.00874345,-0,0.00207611129791,2.07611129791e-05,0.19797097617,0.195763416761,0.106382978723,0.308641975309,0.005,0.013,0,0,0,0.000383998370677,0.9997,0.000173179098046,0.999118264228,0.999897967801,0,0,0,0.000383998370677,0.9827,0.00130386770801,0.979952886427,0.985076401546,1,0,0.999616001629,1,0,0,0,0.000383998370677,0.00810179842588,1,0,0.999616001629,1,0.04475,0.0535,0.00875,0.195530726257,-0.315493683146,,,,,,,,
A,specificity_equal,paired,shared,2000,0.05,0,0.8,1,0.995,0.995,10000,10000,0,0.04466335,0.0546657,0.01000235,0.01000235,-0,0.00220636721403,2.20636721403e-05,0.22646631303,0.223949838066,0.126436781609,0.345238095238,0.006,0.0145,0,0,0,0.000383998370677,0.9999,9.9994999875e-05,0.999433731103,0.999982347326,0,0,0,0.000383998370677,0.9951,0.000698282893962,0.993528391576,0.996291373237,1,0,0.999616001629,1,0,0,0,0.000383998370677,0.00866884720671,1,0,0.999616001629,1,0.04475,0.05475,0.01,0.223463687151,0.10650992206,,,,,,,,
A,specificity_equal,repeated,shared,2000,0.05,0,0.8,0.6,0.995,0.995,10000,10000,0,0.0447531,0.03475655,-0.00999655,-0.00999655,-0,0.00610866963274,6.10866963274e-05,-0.215078259862,-0.223371118425,-0.436363636364,0.0441176470588,-0.022,0.0015,0.9043,0.0029417938405,0.898377956453,0.909911542464,0.0234,0.00151170235166,0.0206150524188,0.0265509748281,0.8287,0.00376770898558,0.821189544954,0.835958014517,0.0116,0.00107076794872,0.00968091637647,0.013894173232,0.0447,0.00206644404715,0.0408216837143,0.048927985202,0.0083,0.000907254650029,0.00670096894094,0.0102766550568,0.0241892454791,0.3641,0.00481176880159,0.354722958314,0.373581412443,0.04475,0.03475,-0.01,-0.223463687151,0.0564771088867,,,,,,,,
A,specificity_equal,repeated,shared,2000,0.05,0,0.8,0.625,0.995,0.995,10000,10000,0,0.0447531,0.03599315,-0.00875995,-0.00875995,-0,0.00619944306425,6.19944306425e-05,-0.186997963215,-0.195739513017,-0.411228697086,0.0933333333333,-0.021,0.0035,0.8623,0.00344584837159,0.855407002482,0.868914752299,0.0413,0.00198983190245,0.0375729137146,0.0453793663907,0.7663,0.0042318354174,0.757904458403,0.774491024065,0.0222,0.00147333499246,0.0194905214431,0.0252764273999,0.0711,0.00256991809208,0.0662260247724,0.0763033690299,0.0109,0.0010383250936,0.00904447482956,0.0131311523766,0.0243712396535,0.2888,0.00453204766083,0.279999785594,0.297762415317,0.04475,0.036,-0.00875,-0.195530726257,-0.160498288263,,,,,,,,
A,specificity_equal,repeated,shared,2000,0.05,0,0.8,0.65,0.995,0.995,10000,10000,0,0.0447531,0.03727105,-0.00748205,-0.00748205,-0,0.00619348760606,6.19348760606e-05,-0.158302404809,-0.167185066509,-0.386363636364,0.12,-0.02,0.0045,0.8046,0.00396508310127,0.796712225939,0.812253842254,0.063,0.0024296296014,0.0584037788345,0.0679318357414,0.7002,0.00458170230373,0.691144547213,0.709101699839,0.0346,0.00182764438554,0.031192827398,0.0383645982855,0.1066,0.0030860401812,0.100701812244,0.112800317674,0.0161,0.00125860200222,0.0138124859729,0.0187591476503,0.0245569698696,0.2174,0.00412476956932,0.209424942054,0.225592093825,0.04475,0.03725,-0.0075,-0.167597765363,0.289820552518,,,,,,,,
A,specificity_equal,repeated,shared,2000,0.05,0,0.8,0.675,0.995,0.995,10000,10000,0,0.0447531,0.0385174,-0.0062357,-0.0062357,-0,0.00624758343201,6.24758343201e-05,-0.130131135907,-0.139335599098,-0.363636363636,0.159434782609,-0.0185,0.006,0.7432,0.00436868126555,0.734545288435,0.751667934758,0.0939,0.00291689543865,0.08833790269,0.0997739807867,0.6149,0.00486618937157,0.605320051982,0.624391705192,0.0489,0.0021565896689,0.0448436465886,0.0533027967415,0.1499,0.00356973374357,0.143037939987,0.157030935672,0.0205,0.00141703034548,0.0179012340989,0.0234670203385,0.024736373855,0.1637,0.00370003121608,0.156577453277,0.171080824027,0.04475,0.0385,-0.00625,-0.139664804469,0.22888849994,,,,,,,,
A,specificity_equal,repeated,shared,2000,0.05,0,0.8,0.7,0.995,0.995,10000,10000,0,0.0447531,0.03977515,-0.00497795,-0.00497795,-0,0.00628892231244,6.28892231244e-05,-0.10172242222,-0.11123140073,-0.34149825784,0.190493697479,-0.0175,0.007,0.6746,0.00468524108238,0.665351568582,0.683714339187,0.1346,0.00341295824762,0.128050850507,0.141429775503,0.5381,0.00498546276689,0.528315907505,0.547854831819,0.0775,0.0026738315205,0.0724201209318,0.0829043576914,0.2049,0.00403628529715,0.197103051447,0.212923584392,0.0231,0.00150221136995,0.0203337232629,0.0262325343831,0.0249158038747,0.1192,0.00324023702837,0.112995014617,0.125697438542,0.04475,0.03975,-0.005,-0.111731843575,0.350616511137,,,,,,,,
A,specificity_equal,repeated,shared,2000,0.05,0,0.8,0.725,0.995,0.995,10000,10000,0,0.0447531,0.04104185,-0.00371125,-0.00371125,-0,0.0063268950835,6.3268950835e-05,-0.0731306295392,-0.0829272162152,-0.316831683168,0.231711735596,-0.016,0.009,0.5922,0.00491425640357,0.582534614174,0.601794576526,0.1778,0.00382344295106,0.170430331255,0.185417117295,0.4507,0.00497563573828,0.440968718463,0.460469143777,0.1098,0.00312640304503,0.103821543395,0.116078128933,0.2633,0.00440423784553,0.254759923777,0.272021861052,0.0258,0.0015853819729,0.0228700652289,0.0290941188259,0.0250945895426,0.0872,0.00282127914252,0.0818276988003,0.0928893302545,0.04475,0.041,-0.00375,-0.0837988826816,0.612464715924,,,,,,,,
A,specificity_equal,repeated,shared,2000,0.05,0,0.8,0.75,0.995,0.995,10000,10000,0,0.0447531,0.04227585,-0.00247725,-0.00247725,-0,0.00635811685977,6.35811685977e-05,-0.045355706246,-0.0553537073409,-0.292943017128,0.260329623288,-0.015,0.01,0.5133,0.00499823078699,0.503500420233,0.52308936541,0.2325,0.00422426029028,0.224324274024,0.240881165105,0.3672,0.00482041657951,0.357804828601,0.376697161366,0.1483,0.00355397115914,0.141469424937,0.155400679517,0.3315,0.00470752323414,0.322339672479,0.340789734972,0.0314,0.00174396215555,0.0281577609285,0.0350021223445,0.0252669184555,0.0657,0.00247756957521,0.0610088923318,0.070724648653,0.04475,0.04225,-0.0025,-0.0558659217877,0.357810347022,,,,,,,,
A,specificity_equal,repeated,shared,2000,0.05,0,0.8,0.775,0.995,0.995,10000,10000,0,0.0447531,0.043534,-0.0012191,-0.0012191,-0,0.00638623312974,6.38623312974e-05,-0.0169715444309,-0.0272405710442,-0.271048452953,0.297297297297,-0.014,0.0115,0.4323,0.00495395508659,0.422618252739,0.44203374064,0.296,0.00456490963766,0.287132652186,0.305024019149,0.2976,0.00457202624664,0.288718098054,0.306637344486,0.1973,0.00397960689013,0.189616981632,0.205215490981,0.4072,0.00491312690656,0.397607866356,0.416863403741,0.0329,0.00178374858094,0.0295793549602,0.0365793763177,0.0254410735827,0.0512,0.00220405444579,0.047049863664,0.0556948132735,0.04475,0.0435,-0.00125,-0.0279329608939,0.48385330401,,,,,,,,
A,specificity_equal,repeated,shared,2000,0.05,0,0.8,0.8,0.995,0.995,10000,10000,0,0.0447531,0.0447842,3.11e-05,3.11e-05,-0,0.00648460390454,6.48460390454e-05,0.0114392058509,0.000694923927058,-0.25,0.329509803922,-0.0125,0.0125,0.3665,0.00481848264498,0.357108885603,0.375993641962,0.3724,0.0048344414362,0.362975359811,0.381922636573,0.2323,0.00422299313284,0.224126832785,0.240678759943,0.2567,0.00436812442588,0.248233194335,0.265353659273,0.4858,0.00499798319325,0.476011465184,0.49559944037,0.0323,0.00176795673024,0.0290104779296,0.0359487141463,0.0256128408341,0.0476,0.00212918388121,0.0435977834551,0.0519496582707,0.04475,0.04475,0,0,0.479597527587,,,,,,,,
A,specificity_equal,repeated,shared,2000,0.05,0,0.8,0.825,0.995,0.995,10000,10000,0,0.0447531,0.0459925,0.0012394,0.0012394,-0,0.00652172453643,6.52172453643e-05,0.0386387246964,0.0276941709066,-0.226804123711,0.360465116279,-0.0115,0.014,0.2939,0.00455546693545,0.285051954562,0.302906329567,0.4379,0.0049612860228,0.4282017423,0.447645950297,0.1809,0.00384935306253,0.173478394029,0.188566673731,0.3179,0.00465660380535,0.308844634934,0.327095217272,0.5626,0.0049606576177,0.552855088642,0.572296834762,0.0352,0.00184284996676,0.0317628484334,0.038994116452,0.025776781723,0.0503,0.00218563286029,0.0461862651197,0.0547591030149,0.04475,0.046,0.00125,0.0279329608939,-0.162533697043,,,,,,,,
A,specificity_equal,repeated,shared,2000,0.05,0,0.8,0.85,0.995,0.995,10000,10000,0,0.0447531,0.0472395,0.0024864,0.0024864,-0,0.00653353531776,6.53353531776e-05,0.0667417371598,0.0555581624513,-0.201923076923,0.4,-0.0100125,0.0155,0.231,0.00421472419026,0.22284352822,0.239363062904,0.5134,0.00499820407747,0.503600434153,0.52318927469,0.1293,0.00335531682558,0.122865770103,0.136018926289,0.3874,0.00487156278826,0.377896886084,0.396989590349,0.6342,0.00481653776067,0.624709898891,0.643587035947,0.0289,0.00167525490598,0.0257931122484,0.0323686910165,0.025944755047,0.0631,0.00243142735857,0.0585002211079,0.0680353166684,0.04475,0.04725,0.0025,0.0558659217877,-0.208156829933,,,,,,,,
A,specificity_equal,repeated,shared,2000,0.05,0,0.8,0.875,0.995,0.995,10000,10000,0,0.0447531,0.048509,0.0037559,0.0037559,-0,0.00656344978478,6.56344978478e-05,0.0953390328923,0.0839249124642,-0.180974025974,0.434210526316,-0.009,0.0165,0.1751,0.00380052614779,0.167776252083,0.182673270059,0.5888,0.00492051379431,0.579123662651,0.598408139238,0.0943,0.00292245632987,0.0887268602613,0.100184716017,0.4591,0.00498324382305,0.449350589916,0.468880821151,0.7017,0.00457511868699,0.692656866959,0.710588228098,0.0351,0.00184032578638,0.031667825249,0.0388892164361,0.0261139536426,0.0851,0.00279030446367,0.0797891541568,0.0907294876912,0.04475,0.0485,0.00375,0.0837988826816,0.0898917519516,,,,,,,,
A,specificity_equal,repeated,shared,2000,0.05,0,0.8,0.9,0.995,0.995,10000,10000,0,0.0447531,0.0497757,0.0050226,0.0050226,-0,0.00663210281274,6.63210281274e-05,0.124002150047,0.112229096979,-0.158415841584,0.473684210526,-0.008,0.018,0.1352,0.00341937070234,0.12863806192,0.142042103292,0.6656,0.00471780287846,0.65629124298,0.674781576759,0.0683,0.00252260004757,0.0635197374277,0.0734118067655,0.5396,0.00498429373131,0.529817621453,0.549351965876,0.7648,0.00424123755524,0.756386618552,0.773010015911,0.0308,0.00172775461221,0.0275896948472,0.0343706492239,0.0262814988833,0.111,0.00314132137802,0.10499186871,0.117306882022,0.04475,0.04975,0.005,0.111731843575,0.340766731731,,,,,,,,
A,specificity_equal,repeated,shared,2000,0.05,0,0.8,0.925,0.995,0.995,10000,10000,0,0.0447531,0.05095595,0.00620285,0.00620285,-0,0.00670702805272,6.70702805272e-05,0.15072855971,0.138601571735,-0.140032608696,0.5,-0.007,0.019,0.0985,0.00297989513238,0.0928127747127,0.104495575979,0.7239,0.00447066874192,0.715052933689,0.732575111841,0.0477,0.00213130734527,0.0436935891356,0.0520537757905,0.5996,0.0048997942814,0.589960101292,0.609163406233,0.8172,0.00386502470885,0.809503361704,0.82465302973,0.0284,0.00166112732805,0.0253209355212,0.031841251742,0.0264361290166,0.1506,0.00357658552253,0.143724252151,0.157744085911,0.04475,0.051,0.00625,0.139664804469,-0.702993928598,,,,,,,,
A,specificity_equal,repeated,shared,2000,0.05,0,0.8,0.95,0.995,0.995,10000,10000,0,0.0447531,0.05221725,0.00746415,0.00746415,-0,0.00677457225664,6.77457225664e-05,0.179319989118,0.166785094217,-0.116517764925,0.542865961199,-0.006,0.021,0.0735,0.00260955455969,0.0685475025018,0.0787800481083,0.7765,0.00416590626395,0.768229675598,0.784557973303,0.0331,0.00178897708202,0.0297690498015,0.0367895278771,0.6648,0.00472060335127,0.655486064643,0.673987369494,0.8571,0.00349970841643,0.850103518054,0.86382223031,0.0256,0.00157938722294,0.0226818645519,0.0288824731022,0.0266000823459,0.1931,0.00394730781673,0.185481855802,0.200953842398,0.04475,0.05225,0.0075,0.167597765363,-0.529184701881,,,,,,,,
A,specificity_equal,repeated,shared,2000,0.05,0,0.8,0.975,0.995,0.995,10000,10000,0,0.0447531,0.05344255,0.00868945,0.00868945,-0,0.0068302964059,6.8302964059e-05,0.207005484191,0.19416420315,-0.0927835051546,0.5698089701,-0.0045,0.022,0.0512,0.00220405444579,0.047049863664,0.0556948132735,0.8221,0.00382428542345,0.814481271065,0.829471357184,0.0224,0.00147980539261,0.0196777955898,0.0254889996538,0.725,0.00446514277487,0.716163335225,0.733663865508,0.8921,0.00310254073301,0.885867869656,0.898030998822,0.0191,0.0013687655022,0.0165960994874,0.0219732301455,0.0267578635954,0.2512,0.00433703308726,0.242796205396,0.259794872194,0.04475,0.0535,0.00875,0.195530726257,-0.886491542998,,,,,,,,
A,specificity_equal,repeated,shared,2000,0.05,0,0.8,1,0.995,0.995,10000,10000,0,0.0447531,0.0547022,0.0099491,0.0099491,-0,0.0068553744468,6.8553744468e-05,0.235444219149,0.222310856678,-0.0714285714286,0.60764896573,-0.0035125,0.0235,0.0348,0.00183272911255,0.0313828027939,0.0385744692902,0.8647,0.00342043725275,0.857855846368,0.87126406522,0.0139,0.00117076000957,0.0117848736979,0.0163884495181,0.7817,0.00413092132581,0.773496202578,0.78968745274,0.9213,0.00269269957478,0.91585916123,0.926417281743,0.0183,0.00134033988227,0.0158519532884,0.0211179907419,0.0269186275776,0.3031,0.00459598074408,0.294169064861,0.312182153698,0.04475,0.05475,0.01,0.223463687151,-0.742483148003,,,,,,,,
A,specificity_equal,paired,shared,2000,0.05,0,0.8,0.6,0.99,0.99,10000,10000,0,0.04945085,0.0394335,-0.01001735,-0.01001735,-0,0.002223211246,2.223211246e-05,-0.202599579347,-0.202571846591,-0.287039328933,-0.126436781609,-0.0145,-0.006,1,0,0.999616001629,1,0,0,0,0.000383998370677,0.9961,0.000623280835579,0.994673357685,0.997145639131,0,0,0,0.000383998370677,0,0,0,0.000383998370677,0,0,0,0.000383998370677,0.00867484378029,1,0,0.999616001629,1,0.0495,0.0395,-0.01,-0.20202020202,-0.780402673441,,,,,,,,
A,specificity_equal,paired,shared,2000,0.05,0,0.8,0.625,0.99,0.99,10000,10000,0,0.04945665,0.040702,-0.00875465,-0.00875465,-0,0.00208394161597,2.08394161597e-05,-0.177030347031,-0.177016639825,-0.254901960784,-0.104761904762,-0.013,-0.005,1,0,0.999616001629,1,0,0,0,0.000383998370677,0.9818,0.00133674081257,0.978989003374,0.984240975796,0,0,0,0.000383998370677,0,0,0,0.000383998370677,0,0,0,0.000383998370677,0.00810690577515,1,0,0.999616001629,1,0.0495,0.04075,-0.00875,-0.176767676768,-0.223134850053,,,,,,,,
A,specificity_equal,paired,shared,2000,0.05,0,0.8,0.65,0.99,0.99,10000,10000,0,0.04947035,0.041951,-0.00751935,-0.00751935,-0,0.00194485959015,1.94485959015e-05,-0.152006754644,-0.151997105337,-0.227848101266,-0.0843373493976,-0.0115,-0.004,0.999,0.000316069612586,0.998160055613,0.999456714014,0,0,0,0.000383998370677,0.9318,0.0025208879388,0.926691506688,0.93657687232,0,0,0,0.000383998370677,0,0,0,0.000383998370677,0,0,0,0.000383998370677,0.00750798422909,1,0,0.999616001629,1,0.0495,0.042,-0.0075,-0.151515151515,-0.994930436009,,,,,,,,
A,specificity_equal,paired,shared,2000,0.05,0,0.8,0.675,0.99,0.99,10000,10000,0,0.04947255,0.04324115,-0.0062314,-0.0062314,-0,0.00176488399663,1.76488399663e-05,-0.125969762347,-0.125956717412,-0.195402298851,-0.063829787234,-0.01,-0.003,0.9934,0.000809718469593,0.991612549226,0.994808521182,0,0,0,0.000383998370677,0.7739,0.004183046617,0.765597101669,0.781992544023,0,0,0,0.000383998370677,0,0,0,0.000383998370677,0,0,0,0.000383998370677,0.00682667393565,0.9982,0.000423882059068,0.997156312015,0.998861072008,0.0495,0.04325,-0.00625,-0.126262626263,1.05389362902,,,,,,,,
A,specificity_equal,paired,shared,2000,0.05,0,0.8,0.7,0.99,0.99,10000,10000,0,0.0494547,0.0444372,-0.0050175,-0.0050175,-0,0.00156947127212,1.56947127212e-05,-0.101516221955,-0.101456484419,-0.165139609095,-0.045871559633,-0.0085,-0.002,0.9632,0.00188270443777,0.959328522456,0.966715741453,0,0,0,0.000383998370677,0.5016,0.00499997439993,0.491801497564,0.511397273641,0,0,0,0.000383998370677,0,0,0,0.000383998370677,0.0001,9.9994999875e-05,1.76526736011e-05,0.000566268897401,0.00611450597229,0.9909,0.000949588858401,0.988841168937,0.992581821462,0.0495,0.0445,-0.005,-0.10101010101,-1.11502518784,,,,,,,,
A,specificity_equal,paired,shared,2000,0.05,0,0.8,0.725,0.99,0.99,10000,10000,0,0.049507,0.04575375,-0.00375325,-0.00375325,-0,0.00137801644781,1.37801644781e-05,-0.0757734695101,-0.075812511362,-0.132653061224,-0.0285714285714,-0.0065,-0.0015,0.8318,0.00374043794227,0.824341766102,0.839003412579,0,0,0,0.000383998370677,0.1796,0.00383853930552,0.172200072781,0.187245993375,0,0,0,0.000383998370677,0,0,0,0.000383998370677,0.0011,0.000331480014481,0.00061435065423,0.00196880292003,0.00526368676422,0.9404,0.00236744250194,0.935588594752,0.944873179483,0.0495,0.04575,-0.00375,-0.0757575757576,-0.235846241542,,,,,,,,
A,specificity_equal,paired,shared,2000,0.05,0,0.8,0.75,0.99,0.99,10000,10000,0,0.04950385,0.0470062,-0.00249765,-0.00249765,-0,0.00111229186674,1.11229186674e-05,-0.0504869202229,-0.0504536515847,-0.0980392156863,-0.0105263157895,-0.005,-0.0005,0.4858,0.00499798319325,0.476011465184,0.49559944037,0,0,0,0.000383998370677,0.0206,0.00142040980002,0.0179945903728,0.023573587265,0,0,0,0.000383998370677,0,0,0,0.000383998370677,0.0165,0.00127388186265,0.0141824851546,0.0191888412698,0.00424945178554,0.7371,0.00440208575564,0.728382200704,0.745635707269,0.0495,0.047,-0.0025,-0.0505050505051,0.211275481757,,,,,,,,
A,specificity_equal,paired,shared,2000,0.05,0,0.8,0.775,0.99,0.99,10000,10000,0,0.04951485,0.0482648,-0.00125005,-0.00125005,-0,0.000784003484461,7.84003484461e-06,-0.0252513482656,-0.0252459615651,-0.0602409638554,0,-0.003,0,0.0721,0.00258653416757,0.0671931098616,0.0773355159441,0,0,0,0.000383998370677,0,0,0,0.000383998370677,0,0,0,0.000383998370677,0,0,0,0.000383998370677,0.1577,0.00364459476485,0.150688330339,0.164974554946,0.00286488076115,0.243,0.00428895092068,0.234693533001,0.251503842162,0.0495,0.04825,-0.00125,-0.0252525252525,-0.00637752267561,,,,,,,,
A,specificity_equal,paired,shared,2000,0.05,0,0.8,0.8,0.99,0.99,10000,10000,0,0.0494919,0.0494919,0,0,-0,0,0,0,0,0,0,0,0,0,0,0,0.000383998370677,0,0,0,0.000383998370677,0,0,0,0.000383998370677,0,0,0,0.000383998370677,0,0,0,0.000383998370677,1,0,0.999616001629,1,0,0,0,0,0.000383998370677,0.0495,0.0495,0,0,0,,,,,,,,
A,specificity_equal,paired,shared,2000,0.05,0,0.8,0.825,0.99,0.99,10000,10000,0,0.04950085,0.0507489,0.00124805,0.00124805,-0,0.00079073302914,7.9073302914e-06,0.02545910444,0.0252126983678,0,0.0625,0,0.003,0,0,0,0.000383998370677,0.0796,0.00270672939172,0.0744549033735,0.0850679624566,0,0,0,0.000383998370677,0.0004,0.000199959995999,0.000155562836623,0.00102812833536,0.9151,0.00278732829068,0.909476262864,0.920404941688,0.173,0.00378247273619,0.165712417119,0.180538717815,0.0028567493505,0.2457,0.00430501463412,0.237361032177,0.254234269395,0.0495,0.05075,0.00125,0.0252525252525,-0.246606620456,,,,,,,,
A,specificity_equal,paired,shared,2000,0.05,0,0.8,0.85,0.99,0.99,10000,10000,0,0.04950085,0.05200285,0.002502,0.002502,-0,0.00112070138626,1.12070138626e-05,0.0510466768061,0.0505445866081,0.010101010101,0.102272727273,0.0005,0.005,0,0,0,0.000383998370677,0.481,0.00499638869585,0.471216431733,0.490798160205,0,0,0,0.000383998370677,0.0311,0.00173587989216,0.0278736859331,0.0346864277389,0.9932,0.000821812630713,0.991389100163,0.994632123844,0.0221,0.0014700880926,0.0193969071497,0.0251701184929,0.00425111416061,0.7335,0.00442128657746,0.724745973907,0.742074698854,0.0495,0.052,0.0025,0.0505050505051,0.178459670393,,,,,,,,
A,specificity_equal,paired,shared,2000,0.05,0,0.8,0.875,0.99,0.99,10000,10000,0,0.04950085,0.05324755,0.0037467,0.0037467,-0,0.00137261703244,1.37261703244e-05,0.0764484037517,0.0756896093703,0.027027027027,0.141176470588,0.0015,0.0065,0,0,0,0.000383998370677,0.814,0.0038910666918,0.806253585032,0.821505263991,0,0,0,0.000383998370677,0.2001,0.00400074980472,0.192374495486,0.208055826737,0.9995,0.000223550889061,0.998829974054,0.999786411574,0.0024,0.000489309717868,0.0016133788094,0.0035687763691,0.0052586931515,0.9375,0.00242061459138,0.932585620166,0.942078381259,0.0495,0.05325,0.00375,0.0757575757576,-0.240416658252,,,,,,,,
A,specificity_equal,paired,shared,2000,0.05,0,0.8,0.9,0.99,0.99,10000,10000,0,0.04950085,0.05450165,0.0050008,0.0050008,-0,0.00158470832965,1.58470832965e-05,0.102038191915,0.101024527862,0.0421052631579,0.176470588235,0.002,0.0085,0,0,0,0.000383998370677,0.9531,0.00211424667435,0.948779306909,0.957072713768,0,0,0,0.000383998370677,0.4936,0.00499959038322,0.483805321777,0.503399593402,0.9998,0.000141407213395,0.999271004156,0.999945151073,0.0003,0.000173179098046,0.000102032199418,0.000881735772236,0.00610166938568,0.9898,0.0010047865445,0.987633987574,0.991589847622,0.0495,0.0545,0.005,0.10101010101,0.0504824758624,,,,,,,,
A,specificity_equal,paired,shared,2000,0.05,0,0.8,0.925,0.99,0.99,10000,10000,0,0.04950085,0.05576025,0.0062594,0.0062594,-0,0.00176958322282,1.76958322282e-05,0.127732644858,0.126450353883,0.0601466165414,0.211111111111,0.003,0.01,0,0,0,0.000383998370677,0.99,0.000994987437107,0.987853017745,0.991770663852,0,0,0,0.000383998370677,0.7512,0.00432317660986,0.742631347028,0.75957573219,1,0,0.999616001629,1,0.0001,9.9994999875e-05,1.76526736011e-05,0.000566268897401,0.00684213035916,0.9988,0.000346202253026,0.997903527544,0.999313395681,0.0495,0.05575,0.00625,0.126262626263,0.531198526229,,,,,,,,
A,specificity_equal,paired,shared,2000,0.05,0,0.8,0.95,0.99,0.99,10000,10000,0,0.04950085,0.05700495,0.0075041,0.0075041,-0,0.00193297874553,1.93297874553e-05,0.153134371803,0.151595376645,0.078431372549,0.243902439024,0.004,0.0115,0,0,0,0.000383998370677,0.999,0.000316069612586,0.998160055613,0.999456714014,0,0,0,0.000383998370677,0.9006,0.00299198328872,0.894581099111,0.906311241394,1,0,0.999616001629,1,0,0,0,0.000383998370677,0.00750061507165,0.9998,0.000141407213395,0.999271004156,0.999945151073,0.0495,0.057,0.0075,0.151515151515,0.212107867688,,,,,,,,
A,specificity_equal,paired,shared,2000,0.05,0,0.8,0.975,0.99,0.99,10000,10000,0,0.04950085,0.0582589,0.00875805,0.00875805,-0,0.00208632942618,2.08632942618e-05,0.178721944169,0.176927264885,0.0970873786408,0.277777777778,0.005,0.013,0,0,0,0.000383998370677,0.9998,0.000141407213395,0.999271004156,0.999945151073,0,0,0,0.000383998370677,0.969,0.00173317627494,0.965418822385,0.972220987143,1,0,0.999616001629,1,0,0,0,0.000383998370677,0.00810836552597,1,0,0.999616001629,1,0.0495,0.05825,0.00875,0.176767676768,0.385845106674,,,,,,,,
A,specificity_equal,paired,shared,2000,0.05,0,0.8,1,0.99,0.99,10000,10000,0,0.04950085,0.05950695,0.0100061,0.0100061,-0,0.00223092144439,2.23092144439e-05,0.204181048609,0.202139963253,0.114285714286,0.313131313131,0.006,0.0145,0,0,0,0.000383998370677,1,0,0.999616001629,1,0,0,0,0.000383998370677,0.9912,0.000933946465275,0.989171535895,0.992851224106,1,0,0.999616001629,1,0,0,0,0.000383998370677,0.00866942380387,1,0,0.999616001629,1,0.0495,0.0595,0.01,0.20202020202,0.27342961875,,,,,,,,
A,specificity_equal,repeated,shared,2000,0.05,0,0.8,0.6,0.99,0.99,10000,10000,0,0.0495115,0.03963965,-0.00987185,-0.00987185,-0,0.00655153759372,6.55153759372e-05,-0.191517144341,-0.199384991366,-0.405405405405,0.0645266024298,-0.023,0.003,0.8778,0.00327516656065,0.871235310061,0.88407454077,0.0316,0.00174932672763,0.0283471903023,0.0352125393713,0.7849,0.0041089170106,0.776738072696,0.792843125032,0.0146,0.00119945154133,0.01242858336,0.0171442022583,0.0609,0.00239146795923,0.0563792902417,0.0657579371274,0.0103,0.00100964894889,0.00850063227388,0.0124754557304,0.0255525603434,0.3264,0.00468895553402,0.317278001008,0.335655323226,0.0495,0.0395,-0.01,-0.20202020202,1.95602937733,,,,,,,,
A,specificity_equal,repeated,shared,2000,0.05,0,0.8,0.625,0.99,0.99,10000,10000,0,0.0495115,0.0408433,-0.0086682,-0.0086682,-0,0.00652814831572,6.52814831572e-05,-0.167153076059,-0.175074477647,-0.387941496485,0.093023255814,-0.0215,0.004,0.8389,0.00367623163035,0.831564789544,0.84597493636,0.0456,0.00208616010891,0.0416827531383,0.0498662245809,0.7237,0.00447166982234,0.714851049631,0.732377149497,0.0228,0.00149265401215,0.0200525233756,0.0259139646694,0.0812,0.00273142014344,0.0760059459629,0.0867156910724,0.014,0.00117490425142,0.0118767440488,0.0164965023675,0.0257179783251,0.2577,0.00437367934353,0.249221929813,0.266364155798,0.0495,0.04075,-0.00875,-0.176767676768,1.25303525661,,,,,,,,
A,specificity_equal,repeated,shared,2000,0.05,0,0.8,0.65,0.99,0.99,10000,10000,0,0.0495115,0.0421205,-0.007391,-0.007391,-0,0.00653671491379,6.53671491379e-05,-0.141147727702,-0.149278450461,-0.361116946779,0.123456790123,-0.0200125,0.0055,0.7814,0.00413296552127,0.773192313892,0.789391571825,0.0713,0.00257325299961,0.0664194189232,0.0765098212799,0.6532,0.00475951426093,0.643814300616,0.662468042283,0.0356,0.00185290690538,0.0321430188157,0.039413638871,0.1233,0.00328781249465,0.117000271815,0.129889032558,0.0203,0.00141024501417,0.0177145729678,0.023253835069,0.0258923799417,0.194,0.0039542888109,0.186367837166,0.201867169837,0.0495,0.042,-0.0075,-0.151515151515,1.66750426533,,,,,,,,
A,specificity_equal,repeated,shared,2000,0.05,0,0.8,0.675,0.99,0.99,10000,10000,0,0.0495115,0.0433642,-0.0061473,-0.0061473,-0,0.0065756578863,6.5756578863e-05,-0.115768450756,-0.12415903376,-0.342592592593,0.159102998066,-0.019,0.007,0.7221,0.00447963826665,0.713236055903,0.73079337202,0.0977,0.00296908588626,0.0920342480248,0.103674717064,0.5755,0.00494266881351,0.565785372032,0.585156644214,0.0579,0.00233554254939,0.0534899178579,0.0626496135014,0.1613,0.00367807436031,0.154221377824,0.168638742672,0.0235,0.00151485147787,0.0207088571118,0.0266570933355,0.0260606294281,0.1462,0.00353306609052,0.139411173127,0.15326054412,0.0495,0.04325,-0.00625,-0.126262626263,1.56182091246,,,,,,,,
A,specificity_equal,repeated,shared,2000,0.05,0,0.8,0.7,0.99,0.99,10000,10000,0,0.0495115,0.0446081,-0.0049034,-0.0049034,-0,0.00662876402441,6.62876402441e-05,-0.0903535507561,-0.0990355775931,-0.318974572588,0.195402298851,-0.018,0.0085,0.6519,0.00476367914537,0.642506641653,0.661176699642,0.1393,0.00346259310344,0.13265184003,0.146225176395,0.4984,0.00499997439993,0.488602726359,0.508198502436,0.0812,0.00273142014344,0.0760059459629,0.0867156910724,0.2145,0.00410475029691,0.206565266516,0.222653996553,0.0311,0.00173587989216,0.0278736859331,0.0346864277389,0.0262273655755,0.1102,0.00313138882926,0.104211626379,0.116487738751,0.0495,0.0445,-0.005,-0.10101010101,1.45728524419,,,,,,,,
A,specificity_equal,repeated,shared,2000,0.05,0,0.8,0.725,0.99,0.99,10000,10000,0,0.0495115,0.0458237,-0.0036878,-0.0036878,-0,0.00667139280122,6.67139280122e-05,-0.0655681281985,-0.0744837058057,-0.302772771953,0.216880565741,-0.017,0.0095,0.5794,0.00493655385872,0.56969585257,0.589043168488,0.1887,0.00391270124083,0.181151325922,0.196487751464,0.4194,0.00493460879908,0.409761102342,0.429100798196,0.1105,0.00313511961494,0.104504205354,0.116794929377,0.2807,0.0044934119553,0.271978573652,0.289589848033,0.0342,0.00181742565185,0.0308129727766,0.0379447601056,0.0263887575663,0.0812,0.00273142014344,0.0760059459629,0.0867156910724,0.0495,0.04575,-0.00375,-0.0757575757576,0.932339046033,,,,,,,,
A,specificity_equal,repeated,shared,2000,0.05,0,0.8,0.75,0.99,0.99,10000,10000,0,0.0495115,0.0470778,-0.0024337,-0.0024337,-0,0.0067772817165,6.7772817165e-05,-0.0397884957839,-0.0491542368945,-0.283018867925,0.253164556962,-0.016,0.011,0.4997,0.0049999991,0.489902178778,0.509498051621,0.2399,0.00427022235955,0.231631406989,0.248368348964,0.3506,0.00477157877437,0.341306866587,0.360007872126,0.1519,0.00358923933446,0.144998970729,0.159068368937,0.3472,0.00476079993278,0.337929285748,0.356588064154,0.0452,0.00207742532958,0.0413000010868,0.0494492838312,0.0265541370961,0.0624,0.00241880631717,0.0578251970299,0.0673108783441,0.0495,0.047,-0.0025,-0.0505050505051,0.978268320153,,,,,,,,
A,specificity_equal,repeated,shared,2000,0.05,0,0.8,0.775,0.99,0.99,10000,10000,0,0.0495115,0.04833535,-0.00117615,-0.00117615,-0,0.00667573237314,6.67573237314e-05,-0.0145731147546,-0.023755087202,-0.254721605623,0.276322788354,-0.014,0.012,0.4234,0.00494097601694,0.413747094079,0.433111734472,0.2999,0.00458213912927,0.290997406123,0.308956270025,0.2759,0.00446966654237,0.267226928008,0.284745180062,0.1941,0.0039550624521,0.186466283505,0.201968646698,0.4159,0.00492876444964,0.406273894392,0.425590694134,0.0494,0.00216701730496,0.0453230456055,0.0538230137261,0.026717463159,0.0492,0.0021628536705,0.0451312715006,0.0536149414304,0.0495,0.04825,-0.00125,-0.0252525252525,1.10624566523,,,,,,,,
A,specificity_equal,repeated,shared,2000,0.05,0,0.8,0.8,0.99,0.99,10000,10000,0,0.0495115,0.04957125,5.975e-05,5.975e-05,-0,0.00683682522487,6.83682522487e-05,0.0109287547413,0.00120679034164,-0.237714676034,0.309535714286,-0.0135,0.0135,0.3558,0.00478755010418,0.34647358516,0.36523715997,0.3674,0.00482096712289,0.358003673393,0.376898162975,0.2217,0.00415390310431,0.213666228098,0.229947505395,0.2478,0.00431735057645,0.239436063304,0.256357625475,0.4888,0.00499874544261,0.479008820068,0.498599781495,0.0527,0.00223433905216,0.0484900114917,0.0572535134507,0.0268776754333,0.0478,0.00213342822706,0.0437893998612,0.0521578882652,0.0495,0.0495,0,0,0.873943651253,,,,,,,,
A,specificity_equal,repeated,shared,2000,0.05,0,0.8,0.825,0.99,0.99,10000,10000,0,0.0495115,0.05082005,0.00130855,0.00130855,-0,0.00684848246466,6.84848246466e-05,0.0363899211488,0.0264292134151,-0.213126691071,0.346153846154,-0.012,0.0145,0.2842,0.00451032548715,0.275444100322,0.293121633374,0.4311,0.00495230037457,0.421421954834,0.440830960142,0.1668,0.0037279721029,0.159621539826,0.174234356688,0.3049,0.00460365061663,0.295953350171,0.313996485993,0.5595,0.00496447127094,0.54974880874,0.569205495454,0.0609,0.00239146795923,0.0563792902417,0.0657579371274,0.0270378512125,0.0517,0.00221420662992,0.0475298009322,0.056214492007,0.0495,0.05075,0.00125,0.0252525252525,0.854933925905,,,,,,,,
A,specificity_equal,repeated,shared,2000,0.05,0,0.8,0.85,0.99,0.99,10000,10000,0,0.0495115,0.0521017,0.0025902,0.0025902,-0,0.00692927236018,6.92927236018e-05,0.0626067561296,0.0523151187098,-0.2,0.378967355097,-0.011,0.016,0.2224,0.00415858437452,0.21435679025,0.230656405645,0.5143,0.00499795468167,0.50450057708,0.524088440567,0.1256,0.00331398008443,0.119248143359,0.132239394621,0.3775,0.00484761539316,0.36804759614,0.387046483461,0.6362,0.00481092049404,0.626720134027,0.645575264817,0.0544,0.00226805290944,0.0501233686218,0.0590188507261,0.0272007505697,0.0639,0.00244574712511,0.0592718810868,0.0688630422921,0.0495,0.052,0.0025,0.0505050505051,1.30172398069,,,,,,,,
A,specificity_equal,repeated,shared,2000,0.05,0,0.8,0.875,0.99,0.99,10000,10000,0,0.0495115,0.0533072,0.0037957,0.0037957,-0,0.0068656846179,6.8656846179e-05,0.086934053195,0.0766629974854,-0.173245463882,0.406258585165,-0.0095,0.017,0.1697,0.00375369031754,0.162470056094,0.17718361323,0.5733,0.00494597927614,0.563579732206,0.582963973633,0.0885,0.00284020685866,0.0830901384083,0.0942258922508,0.4341,0.0049563816439,0.424412808333,0.443837802652,0.6938,0.00460913831426,0.684693264078,0.702757898154,0.0557,0.00229341470301,0.0513732261167,0.0603679948355,0.0273522254922,0.0818,0.00274059774502,0.0765877462256,0.0873334300116,0.0495,0.05325,0.00375,0.0757575757576,0.665629176744,,,,,,,,
A,specificity_equal,repeated,shared,2000,0.05,0,0.8,0.9,0.99,0.99,10000,10000,0,0.0495115,0.05456945,0.00505795,0.00505795,-0,0.00694583985322,6.94583985322e-05,0.11274199564,0.102157074619,-0.151785714286,0.43040456689,-0.0085,0.0185,0.1353,0.00342043725275,0.12873593478,0.142144153632,0.6421,0.00479382509068,0.632651354973,0.65143951269,0.0654,0.00247230337944,0.060719317043,0.0704144543407,0.51,0.00499899989998,0.500200180863,0.51979213917,0.7525,0.00431559671424,0.743945694627,0.760860386195,0.0529,0.00223833844626,0.0486821065461,0.0574612647969,0.0275100050023,0.1057,0.00307453264741,0.099824692132,0.111878128983,0.0495,0.0545,0.005,0.10101010101,0.834312354223,,,,,,,,
A,specificity_equal,repeated,shared,2000,0.05,0,0.8,0.925,0.99,0.99,10000,10000,0,0.0495115,0.05584765,0.00633615,0.00633615,-0,0.0069869456788,6.9869456788e-05,0.138948237159,0.127973299133,-0.129640921409,0.480519480519,-0.0075,0.0205,0.0953,0.00293628864385,0.0896993909883,0.101211417293,0.7015,0.00457599989073,0.69245521769,0.710390030967,0.0445,0.00206203176503,0.040630395382,0.0487194271337,0.5743,0.0049444869299,0.564582271456,0.583960666387,0.8093,0.0039285303868,0.801482013574,0.816880445034,0.0466,0.00210780549387,0.0426400074901,0.0509082022324,0.0276686371107,0.1434,0.00350480299018,0.136667600249,0.150406267389,0.0495,0.05575,0.00625,0.126262626263,1.23301373677,,,,,,,,
A,specificity_equal,repeated,shared,2000,0.05,0,0.8,0.95,0.99,0.99,10000,10000,0,0.0495115,0.05707505,0.00756355,0.00756355,-0,0.00703497942364,7.03497942364e-05,0.163920449279,0.152763499389,-0.113821138211,0.494256102286,-0.0065,0.021,0.0759,0.0026483804485,0.0708705655803,0.0812551418377,0.7639,0.004246843416,0.755475984011,0.772121341649,0.0326,0.00177587274319,0.0292948772531,0.0362640844238,0.6416,0.0047953043699,0.632148649357,0.650942602304,0.8553,0.00351798109716,0.848268423162,0.862058707596,0.0363,0.0018703558485,0.0328086111183,0.0401475089707,0.027819203576,0.184,0.00387484193226,0.17652728162,0.19171540535,0.0495,0.057,0.0075,0.151515151515,0.903343082802,,,,,,,,
A,specificity_equal,repeated,shared,2000,0.05,0,0.8,0.975,0.99,0.99,10000,10000,0,0.0495115,0.0583268,0.0088153,0.0088153,-0,0.00710072024043,7.10072024043e-05,0.189506639875,0.17804550458,-0.0934719226775,0.535714285714,-0.0055,0.0225,0.0509,0.00219793516738,0.0467619559573,0.0553829513793,0.8099,0.00392379905194,0.802091049974,0.817470947836,0.0217,0.00145702127644,0.0190226042045,0.0247447286369,0.6993,0.00458562438497,0.690237210381,0.708209727868,0.8892,0.00313884309898,0.882897894288,0.895203201381,0.0355,0.00185039860571,0.0320479646366,0.0393087698498,0.0279716416866,0.2328,0.00422615853938,0.224620440753,0.241184767976,0.0495,0.05825,0.00875,0.176767676768,0.91962502097,,,,,,,,
A,specificity_equal,repeated,shared,2000,0.05,0,0.8,1,0.99,0.99,10000,10000,0,0.0495115,0.0595971,0.0100856,0.0100856,-0,0.00706274457106,7.06274457106e-05,0.215214715061,0.203702170203,-0.0648148148148,0.564102564103,-0.0035,0.024,0.0322,0.0017653090381,0.0289156957553,0.0358435731203,0.851,0.00356088472153,0.843886049288,0.857844383856,0.0125,0.00111102430216,0.0105020165061,0.0148723819053,0.7523,0.00431676626655,0.743743480617,0.760662753805,0.9196,0.00271911456176,0.914108095392,0.924769653175,0.0288,0.00167244013346,0.0256986559553,0.0322632241093,0.0281248797738,0.2873,0.00452502718224,0.278514112974,0.296249239933,0.0495,0.0595,0.01,0.20202020202,1.21199342747,,,,,,,,
A,specificity_drift,paired,shared,2000,0.05,0,0.8,0.6,1,0.995,10000,10000,0,0.0400181,0.03474975,-0.00526835,-0.00526835,-0,0.00270999034726,2.70999034726e-05,-0.130143934945,-0.131649178747,-0.253012048193,0,-0.0105,0,0.8963,0.00304870972708,0.890171669681,0.90212397321,0.0038,0.00061526904684,0.00276990312478,0.00521117685828,0.6874,0.00463552844884,0.678244029432,0.696412047979,0.0007,0.0002644825136,0.000339126331688,0.00144433444127,0.0184,0.00134392856953,0.0159449025598,0.0212249646708,0.013,0.00113274004079,0.0109594401953,0.0154145742177,0.0105914548085,0.5057,0.00499967508944,0.495900509471,0.515495112948,0.04,0.03475,-0.00525,-0.13125,-0.677124183063,,,,,,,,
A,specificity_drift,paired,shared,2000,0.05,0,0.8,0.625,1,0.995,10000,10000,0,0.04004055,0.03600305,-0.0040375,-0.0040375,-0,0.00258335269004,2.58335269004e-05,-0.0993271478638,-0.100835278237,-0.216216216216,0.0266666666667,-0.009,0.001,0.795,0.00403701622489,0.786975022388,0.802798418573,0.0116,0.00107076794872,0.00968091637647,0.013894173232,0.5039,0.00499984789769,0.494100862165,0.513696142648,0.0021,0.000457776146168,0.00137399170498,0.00320839387254,0.0488,0.00215449669297,0.0447477813394,0.0531987387903,0.0231,0.00150221136995,0.0203337232629,0.0262325343831,0.0101410667398,0.3528,0.00477841145152,0.34349263795,0.36222041117,0.04,0.036,-0.004,-0.1,-1.45160202649,,,,,,,,
A,specificity_drift,paired,shared,2000,0.05,0,0.8,0.65,1,0.995,10000,10000,0,0.0400299,0.03723235,-0.00279755,-0.00279755,-0,0.00249909254408,2.49909254408e-05,-0.068386036349,-0.0698865098339,-0.181842619746,0.0555555555556,-0.0075,0.002,0.6272,0.00483549542446,0.617675452464,0.63662685835,0.0299,0.00170311449997,0.026738237048,0.0334227982201,0.3051,0.00460449769247,0.296151614147,0.314198068418,0.0055,0.000739577582137,0.00422823325627,0.00715154113233,0.1095,0.00312265512025,0.103528997963,0.115770904765,0.0417,0.00199902751357,0.0379547656788,0.0457972072278,0.00965935198886,0.2113,0.00408230706831,0.203410453745,0.219411266914,0.04,0.03725,-0.00275,-0.06875,-1.90269064316,,,,,,,,
A,specificity_drift,paired,shared,2000,0.05,0,0.8,0.675,1,0.995,10000,10000,0,0.04003585,0.03849125,-0.0015446,-0.0015446,-0,0.00233716860233,2.33716860233e-05,-0.0371311009753,-0.0385804222965,-0.144945124525,0.0823774509804,-0.006,0.003,0.426,0.00494493680445,0.416338337188,0.435718494571,0.0719,0.00258322259978,0.0669996700647,0.0771291093402,0.1378,0.00344689947634,0.131183150797,0.144695017622,0.0129,0.00112843209809,0.0108678872362,0.0153062039765,0.2229,0.00416191770702,0.214850069359,0.231162742538,0.0706,0.00256155499648,0.0657425899049,0.0757871878959,0.00914607607929,0.1057,0.00307453264741,0.099824692132,0.111878128983,0.04,0.0385,-0.0015,-0.0375,-1.90829193733,,,,,,,,
A,specificity_drift,paired,shared,2000,0.05,0,0.8,0.7,1,0.995,10000,10000,0,0.04002335,0.03976,-0.00026335,-0.00026335,-0,0.00219374178695,2.19374178695e-05,-0.00506204984964,-0.00657990897813,-0.111111111111,0.108116248779,-0.0045,0.004,0.2114,0.00408301408276,0.203509030553,0.219512613306,0.1599,0.00366513287617,0.152847261498,0.167213934194,0.0395,0.00194781287602,0.0358558272619,0.0434978352375,0.0326,0.00177587274319,0.0292948772531,0.0362640844238,0.4073,0.00491331568292,0.397707458177,0.416963735121,0.0942,0.00292106761305,0.0886296179218,0.100082035156,0.00860374625126,0.0541,0.00226214919932,0.0498350396272,0.0587074101198,0.04,0.03975,-0.00025,-0.00625,-0.608549286859,,,,,,,,
A,specificity_drift,paired,shared,2000,0.05,0,0.8,0.725,1,0.995,10000,10000,0,0.04008935,0.04107475,0.0009854,0.0009854,-0,0.002067731702,2.067731702e-05,0.0261348300396,0.0245800942145,-0.0731707317073,0.134348527632,-0.003,0.005,0.069,0.00253454137863,0.0641960905885,0.0741349160071,0.3177,0.00465582119502,0.308646244694,0.326893761112,0.0055,0.000739577582137,0.00422823325627,0.00715154113233,0.0826,0.00275276660834,0.0773636128119,0.0881569490279,0.6385,0.00480434959178,0.629032121943,0.647861510508,0.0896,0.0028560784303,0.0841586386374,0.0953565472252,0.00803350246651,0.0757,0.00264517504147,0.0706769181497,0.0810489428677,0.04,0.041,0.001,0.025,-0.706087737877,,,,,,,,
A,specificity_drift,paired,shared,2000,0.05,0,0.8,0.75,1,0.995,10000,10000,0,0.04002885,0.04224645,0.0022176,0.0022176,-0,0.00193144331714,1.93144331714e-05,0.0569541610584,0.0554000427192,-0.0375,0.16049382716,-0.0015,0.006,0.0121,0.0010933247459,0.0101367110038,0.0144379946063,0.5468,0.00497804941719,0.537027088229,0.556536969524,0.0002,0.000141407213395,5.48489273209e-05,0.000728995844007,0.1863,0.00389348571334,0.178789882937,0.194051037641,0.8508,0.00356285503494,0.843682267288,0.857648319456,0.0514,0.00220812227922,0.0472418249706,0.0559026983676,0.00739745954444,0.2058,0.00404284998485,0.19798984802,0.213836096621,0.04,0.04225,0.00225,0.05625,-1.67750198582,,,,,,,,
A,specificity_drift,paired,shared,2000,0.05,0,0.8,0.775,1,0.995,10000,10000,0,0.04002605,0.04350075,0.0034747,0.0034747,-0,0.00171426479296,1.71426479296e-05,0.0882776842101,0.0868109643595,0.0100984848485,0.183908045977,0.0005,0.007,0.0003,0.000173179098046,0.000102032199418,0.000881735772236,0.8,0.004,0.792045603449,0.807723997529,0,0,0,0.000383998370677,0.3733,0.00483680793499,0.363870378693,0.382826926494,0.9758,0.00153669645669,0.972600464544,0.978634122606,0.0144,0.00119132867002,0.0122445213706,0.016928417847,0.00670400672381,0.519,0.00499638869585,0.509201839795,0.528783568267,0.04,0.0435,0.0035,0.0875,-1.47585134478,,,,,,,,
A,specificity_drift,paired,shared,2000,0.05,0,0.8,0.8,1,0.995,10000,10000,0,0.04004415,0.0448304,0.00478625,0.00478625,-0,0.00152858417971,1.52858417971e-05,0.121100377927,0.119524325026,0.05,0.212121212121,0.002,0.008,0,0,0,0.000383998370677,0.9751,0.00155820377358,0.971858680211,0.977976444537,0,0,0,0.000383998370677,0.6717,0.00469594623053,0.662431713105,0.680836421855,1,0,0.999616001629,1,0,0,0,0.000383998370677,0.00596884076112,0.9862,0.00116660018858,0.983719633548,0.988306966437,0.04,0.04475,0.00475,0.11875,2.37147554457,,,,,,,,
A,specificity_drift,paired,shared,2000,0.05,0,0.8,0.825,1,0.995,10000,10000,0,0.0400107,0.046005,0.0059943,0.0059943,-0,0.00173640980817,1.73640980817e-05,0.151690102244,0.149817423839,0.0697674418605,0.253521126761,0.003,0.0095,0,0,0,0.000383998370677,0.9944,0.000746233207516,0.992735569485,0.995684732926,0,0,0,0.000383998370677,0.8662,0.00340437307004,0.859386730529,0.872732029064,1,0,0.999616001629,1,0,0,0,0.000383998370677,0.0066929012177,0.9973,0.000518913287554,0.996074405846,0.998143669374,0.04,0.046,0.006,0.15,-0.328263522423,,,,,,,,
A,specificity_drift,paired,shared,2000,0.05,0,0.8,0.85,1,0.995,10000,10000,0,0.0400107,0.04725995,0.00724925,0.00724925,-0,0.00191237160458,1.91237160458e-05,0.183453096606,0.181182783605,0.0909090909091,0.296875,0.004,0.011,0,0,0,0.000383998370677,0.9992,0.000282729552753,0.998422049747,0.99959456628,0,0,0,0.000383998370677,0.9587,0.00198983190245,0.954620633609,0.962427086285,1,0,0.999616001629,1,0,0,0,0.000383998370677,0.00737000363051,0.9998,0.000141407213395,0.999271004156,0.999945151073,0.04,0.04725,0.00725,0.18125,-0.0392183191908,,,,,,,,
A,specificity_drift,paired,shared,2000,0.05,0,0.8,0.875,1,0.995,10000,10000,0,0.0400107,0.048519,0.0085083,0.0085083,-0,0.0020722115037,2.0722115037e-05,0.215313320926,0.21265061596,0.1125,0.338764662757,0.0045,0.013,0,0,0,0.000383998370677,0.9999,9.9994999875e-05,0.999433731103,0.999982347326,0,0,0,0.000383998370677,0.9892,0.00103360340557,0.986978018894,0.9910462771,1,0,0.999616001629,1,0,0,0,0.000383998370677,0.00799032362248,1,0,0.999616001629,1,0.04,0.0485,0.0085,0.2125,0.400538264805,,,,,,,,
A,specificity_drift,paired,shared,2000,0.05,0,0.8,0.9,1,0.995,10000,10000,0,0.0400107,0.04977195,0.00976125,0.00976125,-0,0.00221588908882,2.21588908882e-05,0.247024900401,0.243965989098,0.135135135135,0.383339041096,0.0055,0.0145,0,0,0,0.000383998370677,1,0,0.999616001629,1,0,0,0,0.000383998370677,0.9974,0.000509238647394,0.996192986791,0.99822501163,1,0,0.999616001629,1,0,0,0,0.000383998370677,0.008561862373,1,0,0.999616001629,1,0.04,0.04975,0.00975,0.24375,0.507696890461,,,,,,,,
A,specificity_drift,paired,shared,2000,0.05,0,0.8,0.925,1,0.995,10000,10000,0,0.0400107,0.0510095,0.0109988,0.0109988,-0,0.00234409855591,2.34409855591e-05,0.278307365971,0.274896465196,0.159090909091,0.424657534247,0.0065,0.016,0,0,0,0.000383998370677,1,0,0.999616001629,1,0,0,0,0.000383998370677,0.9991,0.000299864969611,0.998290269887,0.999526422939,1,0,0.999616001629,1,0,0,0,0.000383998370677,0.00908968096607,1,0,0.999616001629,1,0.04,0.051,0.011,0.275,-0.0511923868123,,,,,,,,
A,specificity_drift,paired,shared,2000,0.05,0,0.8,0.95,1,0.995,10000,10000,0,0.0400107,0.05226855,0.01225785,0.01225785,-0,0.0024725694606,2.4725694606e-05,0.31016759029,0.30636429755,0.181818181818,0.465523145961,0.0075,0.0175,0,0,0,0.000383998370677,1,0,0.999616001629,1,0,0,0,0.000383998370677,0.9995,0.000223550889061,0.998829974054,0.999786411574,1,0,0.999616001629,1,0,0,0,0.000383998370677,0.00959569241343,1,0,0.999616001629,1,0.04,0.05225,0.01225,0.30625,0.317483497435,,,,,,,,
A,specificity_drift,paired,shared,2000,0.05,0,0.8,0.975,1,0.995,10000,10000,0,0.0400107,0.0535235,0.0135128,0.0135128,-0,0.00259660555265,2.59660555265e-05,0.341930584652,0.337729657317,0.20652173913,0.507462686567,0.0085,0.019,0,0,0,0.000383998370677,1,0,0.999616001629,1,0,0,0,0.000383998370677,0.9999,9.9994999875e-05,0.999433731103,0.999982347326,1,0,0.999616001629,1,0,0,0,0.000383998370677,0.0100734654871,1,0,0.999616001629,1,0.04,0.0535,0.0135,0.3375,0.492951268126,,,,,,,,
A,specificity_drift,paired,shared,2000,0.05,0,0.8,1,1,0.995,10000,10000,0,0.0400107,0.05478305,0.01477235,0.01477235,-0,0.00271347319338,2.71347319338e-05,0.373811313632,0.369209986329,0.228915662651,0.547627201566,0.0095,0.0205,0,0,0,0.000383998370677,1,0,0.999616001629,1,0,0,0,0.000383998370677,0.9999,9.9994999875e-05,0.999433731103,0.999982347326,1,0,0.999616001629,1,0,0,0,0.000383998370677,0.0105302019456,1,0,0.999616001629,1,0.04,0.05475,0.01475,0.36875,0.823667617375,,,,,,,,
A,specificity_drift,repeated,shared,2000,0.05,0,0.8,0.6,1,0.995,10000,10000,0,0.04005375,0.0347829,-0.00527085,-0.00527085,-0,0.00599950953737,5.99950953737e-05,-0.121057021557,-0.131594419998,-0.370795204448,0.19696969697,-0.017,0.0065,0.7136,0.00452078577241,0.704658722337,0.722377233559,0.1206,0.00325661849163,0.114362396866,0.127128981098,0.5903,0.00491778313877,0.580628435524,0.59990221437,0.0685,0.00252601959612,0.0637129660526,0.0736184245413,0.1756,0.00380479486963,0.168267699531,0.183181438612,0.0227,0.00148945325539,0.0199588192339,0.0258077456107,0.0234995436812,0.1406,0.00347608457895,0.133924918719,0.14755109931,0.04,0.03475,-0.00525,-0.13125,-0.347528408283,,,,,,,,
A,specificity_drift,repeated,shared,2000,0.05,0,0.8,0.625,1,0.995,10000,10000,0,0.04005375,0.0360486,-0.00400515,-0.00400515,-0,0.00601135276903,6.01135276903e-05,-0.0892292972199,-0.0999943825485,-0.344086021505,0.228571428571,-0.016,0.008,0.631,0.0048253393663,0.621493887041,0.640405505386,0.1678,0.00373688586928,0.160603697892,0.175251430625,0.5002,0.0049999996,0.490401985799,0.509997860601,0.0989,0.00298527703907,0.0932020825076,0.104905960985,0.2414,0.00427932284363,0.233113005903,0.249885598054,0.0258,0.0015853819729,0.0228700652289,0.0290941188259,0.0236907522366,0.0992,0.00298930359783,0.0934940826699,0.105213730424,0.04,0.036,-0.004,-0.1,-0.085671232381,,,,,,,,
A,specificity_drift,repeated,shared,2000,0.05,0,0.8,0.65,1,0.995,10000,10000,0,0.04005375,0.03730735,-0.0027464,-0.0027464,-0,0.00614130756483,6.14130756483e-05,-0.056987543367,-0.0685678619355,-0.319587628866,0.27633097166,-0.015,0.009,0.5474,0.00497748169258,0.537627969907,0.557135627048,0.2302,0.00420960758266,0.222053857222,0.238553348298,0.4171,0.0049307969944,0.407469452195,0.426794214734,0.1466,0.00353706714666,0.139803183623,0.153668226425,0.3149,0.00464476038133,0.305868985551,0.324073170646,0.0309,0.00173046785581,0.0276843491466,0.0344759181248,0.0238798230295,0.0762,0.00265317847119,0.0711610564576,0.0815644205613,0.04,0.03725,-0.00275,-0.06875,0.0586194383199,,,,,,,,
A,specificity_drift,repeated,shared,2000,0.05,0,0.8,0.675,1,0.995,10000,10000,0,0.04005375,0.03854395,-0.0015098,-0.0015098,-0,0.00612316938197,6.12316938197e-05,-0.0260470432751,-0.0376943482196,-0.294736842105,0.311475409836,-0.014,0.0105,0.4679,0.00498968526062,0.458134593029,0.477690059666,0.2936,0.00455410847477,0.284754730657,0.30260378387,0.3333,0.00471392734352,0.324126436992,0.342601588065,0.1965,0.00397350915439,0.188829231958,0.204403855053,0.3868,0.00487017207088,0.377299840641,0.39638709659,0.0324,0.00177059989834,0.0291052689302,0.036053846346,0.0240624015572,0.0604,0.00238226446895,0.0558974986448,0.0652401127227,0.04,0.0385,-0.0015,-0.0375,-0.160047834523,,,,,,,,
A,specificity_drift,repeated,shared,2000,0.05,0,0.8,0.7,1,0.995,10000,10000,0,0.04005375,0.039757,-0.00029675,-0.00029675,-0,0.00623933549092,6.23933549092e-05,0.00490704043148,-0.00740879443248,-0.270006756757,0.345460157127,-0.0125,0.012,0.3896,0.00487659553377,0.380086183068,0.399198603772,0.3642,0.00481205112192,0.354822366904,0.373681927054,0.2674,0.00442602801618,0.258815668346,0.276162967696,0.2545,0.00435579786032,0.246058183386,0.263130359814,0.4667,0.00498889877628,0.456936594419,0.476488979872,0.0303,0.00171411522366,0.0271165660693,0.0338441620002,0.0242406044097,0.0499,0.00217738352157,0.0458025646341,0.0543431106992,0.04,0.03975,-0.00025,-0.00625,-0.749278509996,,,,,,,,
A,specificity_drift,repeated,shared,2000,0.05,0,0.8,0.725,1,0.995,10000,10000,0,0.04005375,0.04106865,0.0010149,0.0010149,-0,0.00626045903467,6.26045903467e-05,0.0379274398626,0.0253384514559,-0.25,0.391304347826,-0.0115,0.0135,0.3072,0.00461333025048,0.298233506813,0.316314562959,0.4407,0.00496471056558,0.430993959009,0.450451583197,0.197,0.00397732322046,0.189321569667,0.204911133346,0.3215,0.00467052191944,0.312415990031,0.330721097387,0.5534,0.00497140261898,0.543637573796,0.563121415178,0.0329,0.00178374858094,0.0295793549602,0.0365793763177,0.0244307231023,0.0552,0.0022837022573,0.0508924294279,0.0598491755227,0.04,0.041,0.001,0.025,0.238001717087,,,,,,,,
A,specificity_drift,repeated,shared,2000,0.05,0,0.8,0.75,1,0.995,10000,10000,0,0.04005375,0.04228535,0.0022316,0.0022316,-0,0.00631987385322,6.31987385322e-05,0.0687716908994,0.0557151327903,-0.21686746988,0.421891505282,-0.01,0.0145,0.2489,0.00432375750939,0.240523091597,0.257469752385,0.5147,0.00499783863285,0.504900650801,0.524488059647,0.1525,0.00359504867839,0.14558736283,0.159679516037,0.3943,0.00488699815838,0.384764001441,0.403917175815,0.6222,0.00484837251044,0.612652148689,0.63165400211,0.0296,0.00169481090391,0.0264545937508,0.0331066719163,0.0246056096022,0.0649,0.00246349325146,0.0602367563524,0.0698973990297,0.04,0.04225,0.00225,0.05625,-0.291145051742,,,,,,,,
A,specificity_drift,repeated,shared,2000,0.05,0,0.8,0.775,1,0.995,10000,10000,0,0.04005375,0.04354345,0.0034897,0.0034897,-0,0.00632148637814,6.32148637814e-05,0.10027579312,0.0871254252099,-0.19387755102,0.462713605884,-0.009,0.016,0.1839,0.00387402620022,0.176428917701,0.191613846069,0.5901,0.00491814995705,0.580427793792,0.599703009702,0.1069,0.00308986067647,0.100994215653,0.113107683866,0.4701,0.00499105189314,0.460331071227,0.479891891876,0.6948,0.00460492084623,0.685701141122,0.703749253113,0.0267,0.00161205179818,0.0237175657034,0.0300459271542,0.0247839763896,0.0837,0.00276937375592,0.0784306739764,0.089289043067,0.04,0.0435,0.0035,0.0875,-0.162936363125,,,,,,,,
A,specificity_drift,repeated,shared,2000,0.05,0,0.8,0.8,1,0.995,10000,10000,0,0.04005375,0.04479575,0.004742,0.004742,-0,0.00642242249864,6.42242249864e-05,0.132255894756,0.118390912212,-0.168319437207,0.507462686567,-0.008,0.0175,0.1419,0.00348947546201,0.135198194331,0.148876825302,0.6622,0.00472959998309,0.652869440526,0.671405990403,0.0771,0.00266750051546,0.0720326699659,0.082492115856,0.5423,0.00498207496933,0.53252093084,0.552046582897,0.7561,0.00429433103056,0.747585965411,0.764417350623,0.0242,0.00153669645669,0.0213658773938,0.0273995354558,0.0249606999879,0.1198,0.00324727516543,0.113581001309,0.126310991052,0.04,0.04475,0.00475,0.11875,-0.124563589544,,,,,,,,
A,specificity_drift,repeated,shared,2000,0.05,0,0.8,0.825,1,0.995,10000,10000,0,0.04005375,0.04603775,0.005984,0.005984,-0,0.00645639702204,6.45639702204e-05,0.16357214428,0.149399244765,-0.147368421053,0.559354134566,-0.007,0.0185,0.1022,0.00302911142086,0.0964149800618,0.108290529042,0.7311,0.00443387855043,0.722322231207,0.739700284746,0.0523,0.00222631332027,0.0481058740393,0.0568379581018,0.6169,0.00486142355694,0.607328619329,0.626381601852,0.8159,0.00387565723459,0.808183036211,0.823374353619,0.0189,0.00136171913404,0.0164099461824,0.0217595370499,0.0251337773571,0.1508,0.00357853824906,0.143920350981,0.157947833481,0.04,0.046,0.006,0.15,-0.247816234742,,,,,,,,
A,specificity_drift,repeated,shared,2000,0.05,0,0.8,0.85,1,0.995,10000,10000,0,0.04005375,0.04729885,0.0072451,0.0072451,-0,0.0065028497365,6.5028497365e-05,0.195441598863,0.180884436538,-0.117647058824,0.58904109589,-0.0055,0.02,0.0733,0.0026062829854,0.0683539844864,0.0785737197231,0.7861,0.00410057057005,0.777953959681,0.794026316451,0.0339,0.00180971793382,0.0305281670261,0.037629796255,0.6807,0.00466205437549,0.671494643868,0.689766579121,0.8581,0.00348947546201,0.851123174698,0.864801805669,0.0196,0.00138621210498,0.0170618120835,0.0225071335511,0.0253078407515,0.2026,0.00401936860713,0.194837068209,0.210591334022,0.04,0.04725,0.00725,0.18125,-0.0753515796697,,,,,,,,
A,specificity_drift,repeated,shared,2000,0.05,0,0.8,0.875,1,0.995,10000,10000,0,0.04005375,0.04856165,0.0085079,0.0085079,-0,0.00658109935169,6.58109935169e-05,0.227500571753,0.212412071279,-0.0952380952381,0.630769230769,-0.0045,0.0215,0.0504,0.00218768919182,0.0462822019716,0.0548630893633,0.8313,0.00374486728737,0.823833283051,0.838512279629,0.0225,0.001483028995,0.0197714552453,0.0255952631987,0.746,0.0043529759935,0.73737497542,0.754436097381,0.8947,0.0030693958689,0.888531776335,0.900565095351,0.0157,0.00124312147435,0.0134428765415,0.0183290642804,0.0254806694409,0.2575,0.00437257075414,0.249024178028,0.266162061182,0.04,0.0485,0.0085,0.2125,0.120040734501,,,,,,,,
A,specificity_drift,repeated,shared,2000,0.05,0,0.8,0.9,1,0.995,10000,10000,0,0.04005375,0.04983585,0.0097821,0.0097821,-0,0.00661479365812,6.61479365812e-05,0.259595807613,0.244224323565,-0.0693069306931,0.671428571429,-0.003,0.0225,0.0346,0.00182764438554,0.031192827398,0.0383645982855,0.8735,0.00332412018435,0.866841093032,0.879872060185,0.0146,0.00119945154133,0.01242858336,0.0171442022583,0.7975,0.00401862849739,0.789510077178,0.805261443791,0.9236,0.00265637045609,0.918229406722,0.928645269859,0.0126,0.00111540306616,0.0105934322319,0.0149808893799,0.0256530721751,0.3236,0.00467849377471,0.314499568517,0.332835906109,0.04,0.04975,0.00975,0.24375,0.4852759082,,,,,,,,
A,specificity_drift,repeated,shared,2000,0.05,0,0.8,0.925,1,0.995,10000,10000,0,0.04005375,0.0510484,0.01099465,0.01099465,-0,0.00657782434813,6.57782434813e-05,0.290047214357,0.274497394127,-0.0381137309293,0.696979665072,-0.002,0.024,0.0211,0.00143717744207,0.0184616240216,0.0241061696178,0.9115,0.00284020685866,0.905774107749,0.916909861592,0.0082,0.00090181816349,0.00661159660079,0.0101661041966,0.8454,0.0036152294533,0.838181766555,0.85235296737,0.9522,0.00213342822706,0.947842111735,0.956210600139,0.0082,0.00090181816349,0.00661159660079,0.0101661041966,0.0258157727431,0.3861,0.00486853971946,0.376603306914,0.395684167915,0.04,0.051,0.011,0.275,-0.0813338836195,,,,,,,,
A,specificity_drift,repeated,shared,2000,0.05,0,0.8,0.95,1,0.995,10000,10000,0,0.04005375,0.05230735,0.0122536,0.0122536,-0,0.00667919891977,6.67919891977e-05,0.322019144902,0.30592890803,-0.0215053763441,0.735294117647,-0.001,0.025,0.0148,0.00120751645952,0.0126127578075,0.0173598742115,0.931,0.00253454137863,0.925865083993,0.935803909412,0.0052,0.000719232924719,0.00396785292163,0.00681215186599,0.8829,0.00321539406605,0.876450405259,0.889055528789,0.9621,0.00190954418645,0.958176430208,0.965668678498,0.007,0.000833726573884,0.00554461930955,0.00883400308393,0.0259832280764,0.4599,0.00498389395955,0.450149009209,0.469681787461,0.04,0.05225,0.01225,0.30625,0.0538986792166,,,,,,,,
A,specificity_drift,repeated,shared,2000,0.05,0,0.8,0.975,1,0.995,10000,10000,0,0.04005375,0.05356995,0.0135162,0.0135162,-0,0.00672378304869,6.72378304869e-05,0.353991452517,0.33745154948,0,0.791044776119,0,0.0265,0.0115,0.00106619651097,0.00958987375405,0.0137852926541,0.9522,0.00213342822706,0.947842111735,0.956210600139,0.0051,0.000712319450808,0.00388131108356,0.00669877050373,0.9127,0.00282274175227,0.90700784431,0.918075203435,0.9749,0.00156428865623,0.971646858856,0.977788419492,0.0044,0.000661864034376,0.0032794410394,0.00590117814561,0.0261497344204,0.5275,0.00499243177219,0.517706326767,0.537272553323,0.04,0.0535,0.0135,0.3375,0.240935792882,,,,,,,,
A,specificity_drift,repeated,shared,2000,0.05,0,0.8,1,1,0.995,10000,10000,0,0.04005375,0.05480875,0.014755,0.014755,-0,0.00674856498175,6.74856498175e-05,0.385096426526,0.368379989389,0.0361338209983,0.826086956522,0.0015,0.028,0.0064,0.00079743589084,0.00501544280103,0.0081636403905,0.9693,0.00172503652135,0.965734629132,0.972504949998,0.0023,0.000479031314217,0.00153315449588,0.00344907748229,0.935,0.00246525860712,0.929999183397,0.939666738021,0.9846,0.00123137484139,0.981993762801,0.986834065978,0.004,0.000631189353522,0.00293901373773,0.00544191264598,0.0263110970558,0.5994,0.00490020040407,0.58975938257,0.608964278554,0.04,0.05475,0.01475,0.36875,0.0740898252224,,,,,,,,
A,specificity_drift,paired,shared,2000,0.05,0,0.8,0.6,1,0.99,10000,10000,0,0.04001615,0.0395354,-0.00048075,-0.00048075,-0,0.00310813778484,3.10813778484e-05,-0.00886848395179,-0.0120138993881,-0.153846153846,0.155844155844,-0.0065,0.0055,0.3124,0.00463471940898,0.303389613547,0.321554462642,0.2204,0.00414516392921,0.212383844414,0.228630887475,0.117,0.00321420285607,0.110846842359,0.123447300393,0.0894,0.00285320241133,0.0839643468488,0.0951509926132,0.4019,0.00490281949494,0.392330091921,0.411545248559,0.0619,0.00240973836754,0.057343140441,0.0667933189314,0.0122048880245,0.0506,0.00219179469841,0.0464740896597,0.0550710480758,0.04,0.0395,-0.0005,-0.0125,0.619341912508,,,,,,,,
A,specificity_drift,paired,shared,2000,0.05,0,0.8,0.625,1,0.99,10000,10000,0,0.04001835,0.04078115,0.0007628,0.0007628,-0,0.00303265656819,3.03265656819e-05,0.0220785001253,0.019061255649,-0.120879120879,0.187518382353,-0.005,0.007,0.1755,0.00380394203426,0.168169408261,0.183079806681,0.3441,0.00475073878465,0.334850183875,0.353469546817,0.0497,0.00217324434889,0.0456107427312,0.0541350862015,0.155,0.00361904683584,0.148039402715,0.162225556161,0.5653,0.004957175708,0.555560872311,0.574988977501,0.0667,0.00249501723441,0.0619743512041,0.071758421784,0.0118064175707,0.0578,0.00233364864536,0.0533936635513,0.0625459446077,0.04,0.04075,0.00075,0.01875,0.422072190246,,,,,,,,
A,specificity_drift,paired,shared,2000,0.05,0,0.8,0.65,1,0.99,10000,10000,0,0.039991,0.04203445,0.00204345,0.00204345,-0,0.00290896602005,2.90896602005e-05,0.054170822662,0.0510977469931,-0.0864197530864,0.212121212121,-0.0035,0.008,0.0774,0.00267225073674,0.0723232543419,0.082801301081,0.5108,0.00499883346392,0.501000199685,0.52059150595,0.015,0.00121552457811,0.0127970424891,0.0175754359304,0.2595,0.00438360297016,0.251001801001,0.268182902215,0.7292,0.00444372996479,0.720403664504,0.737820310643,0.0578,0.00233364864536,0.0533936635513,0.0625459446077,0.0113924263834,0.1044,0.00305778743539,0.0985579819955,0.110545837515,0.04,0.042,0.002,0.05,1.49365787364,,,,,,,,
A,specificity_drift,paired,shared,2000,0.05,0,0.8,0.675,1,0.99,10000,10000,0,0.0399888,0.043241,0.0032522,0.0032522,-0,0.00278065969993,2.78065969993e-05,0.0843019834048,0.0813277717761,-0.0506329113924,0.238805970149,-0.002,0.0085,0.0259,0.00158836991913,0.0229641839419,0.0291999233132,0.6666,0.00471428085714,0.657297757877,0.675774293866,0.0022,0.000468525346166,0.00145334957779,0.00332895920005,0.4022,0.00490341880732,0.392628802776,0.411846307305,0.8587,0.00348330747997,0.851735023908,0.865389495661,0.038,0.00191196234273,0.0344265516422,0.0419282628523,0.0109520300601,0.2126,0.0040914696626,0.204692008247,0.220728714017,0.04,0.04325,0.00325,0.08125,0.0791179157971,,,,,,,,
A,specificity_drift,paired,shared,2000,0.05,0,0.8,0.7,1,0.99,10000,10000,0,0.0399583,0.04444955,0.00449125,0.00449125,-0,0.00272691071392,2.72691071392e-05,0.115584579929,0.112398425358,-0.02,0.267605633803,-0.001,0.01,0.0074,0.000857043756176,0.00589908635958,0.00927922883521,0.8178,0.003860092745,0.810112790956,0.82524313968,0.0007,0.0002644825136,0.000339126331688,0.00144433444127,0.5636,0.0049593854458,0.553857196611,0.573293958797,0.9426,0.00232605330979,0.937868769514,0.946991315128,0.0203,0.00141024501417,0.0177145729678,0.023253835069,0.0105027831713,0.3996,0.00489816128767,0.390040099706,0.409237007167,0.04,0.0445,0.0045,0.1125,-0.320875925835,,,,,,,,
A,specificity_drift,paired,shared,2000,0.05,0,0.8,0.725,1,0.99,10000,10000,0,0.0400254,0.04575825,0.00573285,0.00573285,-0,0.00256482235425,2.56482235425e-05,0.146318368744,0.14323029876,0.02,0.293109195402,0.001,0.011,0.0006,0.00024487547856,0.000275013476331,0.0013085240963,0.9234,0.00265955710599,0.91802324444,0.92845158574,0.0001,9.9994999875e-05,1.76526736011e-05,0.000566268897401,0.7412,0.0043797552443,0.73252436561,0.749690393576,0.9857,0.00118724513054,0.983179517246,0.987847466737,0.0064,0.00079743589084,0.00501544280103,0.0081636403905,0.0100268761466,0.6339,0.00481737262416,0.624408378754,0.643288786482,0.04,0.04575,0.00575,0.14375,-0.668662294352,,,,,,,,
A,specificity_drift,paired,shared,2000,0.05,0,0.8,0.75,1,0.99,10000,10000,0,0.0400026,0.0469966,0.006994,0.006994,-0,0.00243400008949,2.43400008949e-05,0.177839273469,0.174838635489,0.0543404817861,0.320524691358,0.0025,0.012,0,0,0,0.000383998370677,0.9801,0.00139656686199,0.977172744624,0.982658540141,0,0,0,0.000383998370677,0.8812,0.00323553025021,0.874711625211,0.887395614431,0.9983,0.00041195994951,0.997279014585,0.998938292639,0.0008,0.000282729552753,0.000405433719897,0.00157795025339,0.00952395988511,0.8542,0.00352905596442,0.847147155941,0.860980819613,0.04,0.047,0.007,0.175,-0.246507797017,,,,,,,,
A,specificity_drift,paired,shared,2000,0.05,0,0.8,0.775,1,0.99,10000,10000,0,0.04001955,0.04825425,0.0082347,0.0082347,-0,0.00231390391441,2.31390391441e-05,0.208784616542,0.205766931412,0.0957446808511,0.347826086957,0.004,0.013,0,0,0,0.000383998370677,0.9977,0.000479031314217,0.996550922518,0.998466845504,0,0,0,0.000383998370677,0.9692,0.00172775461221,0.965629350776,0.972410305153,0.9999,9.9994999875e-05,0.999433731103,0.999982347326,0.0001,9.9994999875e-05,1.76526736011e-05,0.000566268897401,0.00899808224395,0.9769,0.00150221136995,0.973767465617,0.979666276737,0.04,0.04825,0.00825,0.20625,-0.661220196081,,,,,,,,
A,specificity_drift,paired,shared,2000,0.05,0,0.8,0.8,1,0.99,10000,10000,0,0.03999205,0.04945325,0.0094612,0.0094612,-0,0.00217114392581,2.17114392581e-05,0.239569082097,0.236577019683,0.130423913043,0.373333333333,0.0055,0.014,0,0,0,0.000383998370677,1,0,0.999616001629,1,0,0,0,0.000383998370677,0.9965,0.000590571756859,0.995136468124,0.997482221494,1,0,0.999616001629,1,0,0,0,0.000383998370677,0.00842922012855,1,0,0.999616001629,1,0.04,0.0495,0.0095,0.2375,-1.78707636738,,,,,,,,
A,specificity_drift,paired,shared,2000,0.05,0,0.8,0.825,1,0.99,10000,10000,0,0.04000405,0.05072705,0.010723,0.010723,-0,0.00229882566976,2.29882566976e-05,0.271338805735,0.268047860154,0.154527972028,0.41095890411,0.0065,0.0155,0,0,0,0.000383998370677,1,0,0.999616001629,1,0,0,0,0.000383998370677,0.9987,0.000360320690497,0.997776911898,0.999240088127,1,0,0.999616001629,1,0,0,0,0.000383998370677,0.00897577615943,1,0,0.999616001629,1,0.04,0.05075,0.01075,0.26875,-1.17451272427,,,,,,,,
A,specificity_drift,paired,shared,2000,0.05,0,0.8,0.85,1,0.99,10000,10000,0,0.04000405,0.0519756,0.01197155,0.01197155,-0,0.00242963081724,2.42963081724e-05,0.302930126475,0.299258450082,0.17776371308,0.452054794521,0.0075,0.017,0,0,0,0.000383998370677,1,0,0.999616001629,1,0,0,0,0.000383998370677,0.9995,0.000223550889061,0.998829974054,0.999786411574,1,0,0.999616001629,1,0,0,0,0.000383998370677,0.00948386897233,1,0,0.999616001629,1,0.04,0.052,0.012,0.3,-1.17095979348,,,,,,,,
A,specificity_drift,paired,shared,2000,0.05,0,0.8,0.875,1,0.99,10000,10000,0,0.04000405,0.0532236,0.01321955,0.01321955,-0,0.00255389409236,2.55389409236e-05,0.334526195251,0.330455291402,0.202380952381,0.49296256994,0.0085,0.0185,0,0,0,0.000383998370677,1,0,0.999616001629,1,0,0,0,0.000383998370677,0.9999,9.9994999875e-05,0.999433731103,0.999982347326,1,0,0.999616001629,1,0,0,0,0.000383998370677,0.0099646885787,1,0,0.999616001629,1,0.04,0.05325,0.01325,0.33125,-1.19229689638,,,,,,,,
A,specificity_drift,paired,shared,2000,0.05,0,0.8,0.9,1,0.99,10000,10000,0,0.04000405,0.0544716,0.01446755,0.01446755,-0,0.00266960384251,2.66960384251e-05,0.366105281131,0.361652132722,0.226666666667,0.535714285714,0.0095,0.02,0,0,0,0.000383998370677,1,0,0.999616001629,1,0,0,0,0.000383998370677,1,0,0.999616001629,1,1,0,0.999616001629,1,0,0,0,0.000383998370677,0.010422285525,1,0,0.999616001629,1,0.04,0.0545,0.0145,0.3625,-1.21553615871,,,,,,,,
A,specificity_drift,paired,shared,2000,0.05,0,0.8,0.925,1,0.99,10000,10000,0,0.04000405,0.0557524,0.01574835,0.01574835,-0,0.0027744039016,2.7744039016e-05,0.398583746315,0.393668891025,0.252873563218,0.578947368421,0.0105,0.0215,0,0,0,0.000383998370677,1,0,0.999616001629,1,0,0,0,0.000383998370677,1,0,0.999616001629,1,1,0,0.999616001629,1,0,0,0,0.000383998370677,0.010871209397,1,0,0.999616001629,1,0.04,0.05575,0.01575,0.39375,-0.0594722347044,,,,,,,,
A,specificity_drift,paired,shared,2000,0.05,0,0.8,0.95,1,0.99,10000,10000,0,0.04000405,0.0570004,0.01699635,0.01699635,-0,0.00288315676591,2.88315676591e-05,0.430179815091,0.424865732345,0.277224740546,0.621212121212,0.0115,0.023,0,0,0,0.000383998370677,1,0,0.999616001629,1,0,0,0,0.000383998370677,1,0,0.999616001629,1,1,0,0.999616001629,1,0,0,0,0.000383998370677,0.0112898379793,1,0,0.999616001629,1,0.04,0.057,0.017,0.425,-0.12659734785,,,,,,,,
A,specificity_drift,paired,shared,2000,0.05,0,0.8,0.975,1,0.99,10000,10000,0,0.04000405,0.05824895,0.0182449,0.0182449,-0,0.00298746824027,2.98746824027e-05,0.461771135832,0.456076322272,0.301201580516,0.661296526055,0.0125,0.0245,0,0,0,0.000383998370677,1,0,0.999616001629,1,0,0,0,0.000383998370677,1,0,0.999616001629,1,1,0,0.999616001629,1,0,0,0,0.000383998370677,0.0116926878469,1,0,0.999616001629,1,0.04,0.05825,0.01825,0.45625,-0.1707131119,,,,,,,,
A,specificity_drift,paired,shared,2000,0.05,0,0.8,1,1,0.99,10000,10000,0,0.04000405,0.05949025,0.0194862,0.0194862,-0,0.00308769541022,3.08769541022e-05,0.493175281551,0.48710568055,0.325301204819,0.700032467532,0.0135,0.0255,0,0,0,0.000383998370677,1,0,0.999616001629,1,0,0,0,0.000383998370677,1,0,0.999616001629,1,1,0,0.999616001629,1,0,0,0,0.000383998370677,0.0120788630568,1,0,0.999616001629,1,0.04,0.0595,0.0195,0.4875,-0.44693527588,,,,,,,,
A,specificity_drift,repeated,shared,2000,0.05,0,0.8,0.6,1,0.99,10000,10000,0,0.0400036,0.0395392,-0.0004644,-0.0004644,-0,0.00615291138176,6.15291138176e-05,0.000419220877715,-0.011608955194,-0.273687343358,0.342465753425,-0.0125,0.0115,0.3935,0.0048852609961,0.383967711423,0.40311408023,0.3515,0.00477438739526,0.342201019466,0.36091302805,0.2734,0.0044570443121,0.264752611662,0.282221416399,0.2447,0.00429909188085,0.236373017091,0.253223052477,0.4561,0.00498069061476,0.446356743218,0.465876971839,0.0296,0.00169481090391,0.0264545937508,0.0331066719163,0.0242014830238,0.0485,0.00214820273717,0.044460214955,0.0528865355738,0.04,0.0395,-0.0005,-0.0125,0.578587887768,,,,,,,,
A,specificity_drift,repeated,shared,2000,0.05,0,0.8,0.625,1,0.99,10000,10000,0,0.0400036,0.04079495,0.00079135,0.00079135,-0,0.0061990146762,6.1990146762e-05,0.0323008499413,0.0197819696227,-0.244186046512,0.393939393939,-0.0115,0.013,0.32,0.00466476151588,0.310927849391,0.329210390023,0.4208,0.00493687512502,0.411156125407,0.430504699935,0.2078,0.00405732867784,0.199960721504,0.215863687144,0.3093,0.00462205051898,0.300315619413,0.318430837565,0.5325,0.00498942631973,0.522710293957,0.542264746149,0.033,0.00178636502429,0.0296741981023,0.0366844563759,0.0243843122243,0.0519,0.00221825133833,0.0477218074297,0.0564223319101,0.04,0.04075,0.00075,0.01875,0.667041492235,,,,,,,,
A,specificity_drift,repeated,shared,2000,0.05,0,0.8,0.65,1,0.99,10000,10000,0,0.0400036,0.0420285,0.0020249,0.0020249,-0,0.0062284074446,6.2284074446e-05,0.0633338062633,0.050617944385,-0.221057289241,0.417946557535,-0.01,0.014,0.2508,0.00433473597812,0.242400858368,0.25939052642,0.5058,0.00499966358868,0.496000493599,0.51559505202,0.155,0.00361904683584,0.148039402715,0.162225556161,0.3832,0.00486166391269,0.373717888936,0.392771813083,0.6109,0.00487546090129,0.601303426765,0.620411402397,0.0287,0.00166962001665,0.025604210083,0.0321577467812,0.0245614492059,0.0579,0.00233554254939,0.0534899178579,0.0626496135014,0.04,0.042,0.002,0.05,0.399781167521,,,,,,,,
A,specificity_drift,repeated,shared,2000,0.05,0,0.8,0.675,1,0.99,10000,10000,0,0.0400036,0.0432583,0.0032547,0.0032547,-0,0.0063221534996,6.3221534996e-05,0.0946436683223,0.081360177584,-0.2,0.460376687989,-0.0095,0.0155,0.1946,0.00395892460145,0.186958527058,0.202476019146,0.578,0.00493878527575,0.568292019211,0.587648077043,0.1146,0.00318538600487,0.108504195797,0.120991790147,0.4559,0.0049805139293,0.446157166115,0.465676702541,0.6877,0.00463431451242,0.678546292059,0.696709554953,0.0257,0.00158238775273,0.0227759587425,0.0289883021119,0.0247370124931,0.0786,0.00269113433332,0.0734858212657,0.0840378125611,0.04,0.04325,0.00325,0.08125,0.074341757129,,,,,,,,
A,specificity_drift,repeated,shared,2000,0.05,0,0.8,0.7,1,0.99,10000,10000,0,0.0400036,0.04450385,0.00450025,0.00450025,-0,0.00636393155997,6.36393155997e-05,0.12611887436,0.112496125349,-0.178947368421,0.5,-0.008,0.017,0.1461,0.00353206441051,0.139313173275,0.153158620772,0.6543,0.00475595952464,0.644920841221,0.663560656882,0.0836,0.00276786993914,0.0783336568272,0.0891861370159,0.531,0.004990380747,0.52120900039,0.540767191711,0.7512,0.00432317660986,0.742631347028,0.75957573219,0.0235,0.00151485147787,0.0207088571118,0.0266570933355,0.0249126798313,0.1097,0.00312515455618,0.103724026648,0.115975722481,0.04,0.0445,0.0045,0.1125,0.00392838919852,,,,,,,,
A,specificity_drift,repeated,shared,2000,0.05,0,0.8,0.725,1,0.99,10000,10000,0,0.0400036,0.04579255,0.00578895,0.00578895,-0,0.00639039643638,6.39039643638e-05,0.158669954339,0.144710726035,-0.147368421053,0.546901755137,-0.0065,0.0185,0.1024,0.00303173613628,0.0966097635766,0.108495591928,0.7227,0.00447665846363,0.713841662171,0.731387304955,0.0521,0.00222228688517,0.0479138318312,0.0566301539093,0.6046,0.00488936437587,0.594978611595,0.614141055946,0.8065,0.00395041453521,0.798640226357,0.814124382642,0.0221,0.0014700880926,0.0193969071497,0.0251701184929,0.0250926488425,0.1466,0.00353706714666,0.139803183623,0.153668226425,0.04,0.04575,0.00575,0.14375,0.609508351911,,,,,,,,
A,specificity_drift,repeated,shared,2000,0.05,0,0.8,0.75,1,0.99,10000,10000,0,0.0400036,0.04699735,0.00699375,0.00699375,-0,0.00645402598249,6.45402598249e-05,0.189165821806,0.174828015479,-0.126436781609,0.584615384615,-0.006,0.0195,0.0773,0.00267066864287,0.0722263903145,0.082698241908,0.7774,0.00415991874921,0.769141057558,0.785445900146,0.0374,0.00189739927269,0.0338552764822,0.0412999988103,0.675,0.0046837484988,0.665754338629,0.684111261941,0.855,0.00352100837829,0.847962609575,0.861764751581,0.0171,0.00129644089723,0.0147381847877,0.0198326808387,0.0252594049199,0.1942,0.00395583568921,0.186564730635,0.202070122769,0.04,0.047,0.007,0.175,-0.0968387796542,,,,,,,,
A,specificity_drift,repeated,shared,2000,0.05,0,0.8,0.775,1,0.99,10000,10000,0,0.0400036,0.04824085,0.00823725,0.00823725,-0,0.00647157442707,6.47157442707e-05,0.220599503584,0.205912717855,-0.0957704186685,0.622956759325,-0.0045,0.021,0.0539,0.00225820260384,0.0496428413836,0.0584997619627,0.8285,0.00376945287807,0.820986206255,0.835761506816,0.0234,0.00151170235166,0.0206150524188,0.0265509748281,0.7357,0.00440959760069,0.726968024648,0.74425095852,0.8922,0.00310127651137,0.885970306899,0.89812848478,0.0144,0.00119132867002,0.0122445213706,0.016928417847,0.025429941015,0.2414,0.00427932284363,0.233113005903,0.249885598054,0.04,0.04825,0.00825,0.20625,-0.197015427138,,,,,,,,
A,specificity_drift,repeated,shared,2000,0.05,0,0.8,0.8,1,0.99,10000,10000,0,0.0400036,0.0494991,0.0094955,0.0094955,-0,0.00652282795101,6.52282795101e-05,0.252468658129,0.237366137048,-0.0697674418605,0.652173913043,-0.003,0.022,0.0354,0.00184788636014,0.0319529181589,0.0392038931271,0.8665,0.00340114319016,0.859692940724,0.87302558847,0.0143,0.00118724513054,0.0121525332635,0.0168204827538,0.791,0.00406594392485,0.782919899476,0.798856613473,0.9193,0.00272373842356,0.913799157337,0.92447882163,0.0132,0.00114130451677,0.011142645756,0.0156312150576,0.0256008469692,0.3103,0.00462616374548,0.301307178544,0.319438510438,0.04,0.0495,0.0095,0.2375,-0.0689884822014,,,,,,,,
A,specificity_drift,repeated,shared,2000,0.05,0,0.8,0.825,1,0.99,10000,10000,0,0.0400036,0.0507919,0.0107883,0.0107883,-0,0.00662807485229,6.62807485229e-05,0.285446806855,0.269683228509,-0.0459849936143,0.716707746479,-0.002,0.024,0.0237,0.00152112819973,0.0208965084337,0.0268692884142,0.9016,0.00297854729692,0.895607024888,0.90728454762,0.0096,0.000975081535052,0.00786829801467,0.0117083275873,0.8383,0.00368175379405,0.830954204694,0.845385982009,0.9424,0.00232985493111,0.937661404725,0.946798833517,0.0104,0.00101448706251,0.008591159114,0.0125848520906,0.0257750651564,0.3781,0.00484912765351,0.368644403508,0.387649215295,0.04,0.05075,0.01075,0.26875,0.577845013122,,,,,,,,
A,specificity_drift,repeated,shared,2000,0.05,0,0.8,0.85,1,0.99,10000,10000,0,0.0400036,0.05200525,0.01200165,0.01200165,-0,0.00660840672034,6.60840672034e-05,0.315848475308,0.300014248718,-0.0217574499267,0.734375,-0.001,0.0245,0.0162,0.00126244049365,0.0139049497819,0.0188666070416,0.9297,0.00255651931344,0.924522555646,0.934547436155,0.0053,0.000726079196782,0.00405452288778,0.00692540510017,0.8744,0.00331398008443,0.867760605379,0.880751856641,0.962,0.00191196234273,0.958071737148,0.965573448358,0.0065,0.000803601269287,0.00510341462983,0.00827559176203,0.0259364039341,0.4446,0.00496921361988,0.434883640697,0.454358906322,0.04,0.052,0.012,0.3,0.0249681968714,,,,,,,,
A,specificity_drift,repeated,shared,2000,0.05,0,0.8,0.875,1,0.99,10000,10000,0,0.0400036,0.05323395,0.01323035,0.01323035,-0,0.00665172071094,6.65172071094e-05,0.346998418318,0.330728984391,0,0.784642857143,0,0.0265,0.0091,0.000949588858401,0.00741817853778,0.0111588310626,0.9484,0.00221218082444,0.943889434689,0.952566195572,0.0035,0.000590571756859,0.00251777850562,0.00486353187646,0.9083,0.0028860199237,0.902485631601,0.913800795329,0.9721,0.00164686338231,0.968686453419,0.975150975319,0.0063,0.000791221208007,0.00492756545833,0.00805159453288,0.0260988204816,0.5153,0.00499765855176,0.505500773151,0.525087476499,0.04,0.05325,0.01325,0.33125,-0.295412282835,,,,,,,,
A,specificity_drift,repeated,shared,2000,0.05,0,0.8,0.9,1,0.99,10000,10000,0,0.0400036,0.05448225,0.01447865,0.01447865,-0,0.00673676536464,6.73676536464e-05,0.378709646628,0.361933675969,0.0229819749216,0.816901408451,0.001,0.028,0.0076,0.000868460707229,0.00607678426402,0.00950137733142,0.9643,0.00185541127516,0.960481499778,0.967761919335,0.0029,0.000537735064879,0.00201999663356,0.00416177454657,0.9332,0.00249675309152,0.928138218323,0.937929085488,0.9808,0.00137227402511,0.977919951822,0.983310795345,0.0035,0.000590571756859,0.00251777850562,0.00486353187646,0.0262623684616,0.5839,0.00492910529407,0.574208715011,0.593526850062,0.04,0.0545,0.0145,0.3625,-0.316917672568,,,,,,,,
A,specificity_drift,repeated,shared,2000,0.05,0,0.8,0.925,1,0.99,10000,10000,0,0.0400036,0.05576855,0.01576495,0.01576495,-0,0.00671419276875,6.71419276875e-05,0.41113963698,0.394088282055,0.0565931736273,0.867677193828,0.0025,0.029,0.0035,0.000590571756859,0.00251777850562,0.00486353187646,0.9767,0.00150854598869,0.973555157774,0.979478738179,0.0011,0.000331480014481,0.00061435065423,0.00196880292003,0.9535,0.00210565310533,0.949195971797,0.957455741681,0.989,0.00104302444842,0.986759719547,0.990864730047,0.0035,0.000590571756859,0.00251777850562,0.00486353187646,0.0264291770756,0.6502,0.00476906657534,0.640796741566,0.659487905323,0.04,0.05575,0.01575,0.39375,0.222662656776,,,,,,,,
A,specificity_drift,repeated,shared,2000,0.05,0,0.8,0.95,1,0.99,10000,10000,0,0.0400036,0.0569895,0.0169859,0.0169859,-0,0.00681356321277,6.81356321277e-05,0.442301429384,0.424609285164,0.0792079207921,0.913793103448,0.0035,0.0305,0.0019,0.000435475602072,0.00121674415963,0.00296579501724,0.9841,0.00125088728509,0.981455844421,0.986372368356,0.0003,0.000173179098046,0.000102032199418,0.000881735772236,0.9667,0.00179418811723,0.963000354643,0.970041221278,0.9924,0.000868460707229,0.990498622669,0.993923215736,0.0021,0.000457776146168,0.00137399170498,0.00320839387254,0.0265863390133,0.7085,0.00454453242919,0.699514166879,0.717325705801,0.04,0.057,0.017,0.425,-0.206940180339,,,,,,,,
A,specificity_drift,repeated,shared,2000,0.05,0,0.8,0.975,1,0.99,10000,10000,0,0.0400036,0.058242,0.0182384,0.0182384,-0,0.00670913680675,6.70913680675e-05,0.473317819261,0.455918967293,0.109734967399,0.932454954955,0.005,0.0315,0.0006,0.00024487547856,0.000275013476331,0.0013085240963,0.992,0.000890842298053,0.990055195654,0.993566949949,0.0002,0.000141407213395,5.48489273209e-05,0.000728995844007,0.9781,0.00146357063376,0.975042545384,0.980790275374,0.9969,0.00055591276294,0.995603246944,0.997815135475,0.0012,0.000346202253026,0.00068660431877,0.00209647245582,0.0267452793356,0.7682,0.00421981942742,0.759827264343,0.776366758931,0.04,0.05825,0.01825,0.45625,-0.172898546179,,,,,,,,
A,specificity_drift,repeated,shared,2000,0.05,0,0.8,1,1,0.99,10000,10000,0,0.0400036,0.0594617,0.0194581,0.0194581,-0,0.00682001800984,6.82001800984e-05,0.504418127587,0.486408723215,0.135778193924,0.971830985915,0.006,0.033,0.0005,0.000223550889061,0.000213588426164,0.00117002594614,0.9936,0.00079743589084,0.991836359609,0.994984557199,0,0,0,0.000383998370677,0.9847,0.00122743268655,0.982101423495,0.986926328485,0.9976,0.000489309717868,0.996431223631,0.998386621191,0.0009,0.000299864969611,0.000473577060585,0.00170973011302,0.0268996159592,0.8108,0.00391667409928,0.803004659304,0.818356647309,0.04,0.0595,0.0195,0.4875,-0.614367879081,,,,,,,,
A,baseline_capture,paired,shared,2000,0.05,0,0.6,0.6,1,1,10000,10000,0,0.03002305,0.03002305,0,0,-0,0,0,0,0,0,0,0,0,0,0,0,0.000383998370677,0,0,0,0.000383998370677,0,0,0,0.000383998370677,0,0,0,0.000383998370677,0,0,0,0.000383998370677,1,0,0.999616001629,1,0,0,0,0,0.000383998370677,0.03,0.03,0,0,0,,,,,,,,
A,baseline_capture,paired,shared,2000,0.05,0,0.6,0.625,1,1,10000,10000,0,0.0299818,0.03123815,0.00125635,0.00125635,-0,0.000783020427319,7.83020427319e-06,0.0426923006798,0.0419037549447,0,0.105283094099,0,0.003,0,0,0,0.000383998370677,0.3605,0.00480145550849,0.351144542431,0.369962593115,0,0,0,0.000383998370677,0.0341,0.00181486060071,0.0307180293535,0.0378397803283,0.9229,0.00266750051546,0.917507884144,0.927967330034,0.0771,0.00266750051546,0.0720326699659,0.082492115856,0.00287935396168,0.2429,0.00428835154809,0.234594745392,0.251402706571,0.03,0.03125,0.00125,0.0416666666667,0.810962240377,,,,,,,,
A,baseline_capture,paired,shared,2000,0.05,0,0.6,0.65,1,1,10000,10000,0,0.0299818,0.0324958,0.002514,0.002514,-0,0.00110692209647,1.10692209647e-05,0.0853830260783,0.0838508695275,0.0175438596491,0.173913043478,0.0005,0.005,0,0,0,0.000383998370677,0.8146,0.00388621718384,0.806862852829,0.822095535396,0,0,0,0.000383998370677,0.3228,0.00467546960208,0.313705799408,0.332030289614,0.9947,0.000726079196782,0.9930745949,0.995945477112,0.0053,0.000726079196782,0.00405452288778,0.00692540510017,0.00426818247093,0.7421,0.00437478673766,0.733433751927,0.750580316062,0.03,0.0325,0.0025,0.0833333333333,1.26476831971,,,,,,,,
A,baseline_capture,paired,shared,2000,0.05,0,0.6,0.675,1,1,10000,10000,0,0.0299818,0.03374665,0.00376485,0.00376485,-0,0.00135492179066,1.35492179066e-05,0.127841293414,0.125571179849,0.044776119403,0.239130434783,0.0015,0.0065,0,0,0,0.000383998370677,0.9635,0.00187530664159,0.959642881431,0.96700115208,0,0,0,0.000383998370677,0.6923,0.00461541666591,0.683181542233,0.701270771994,0.9996,0.000199959995999,0.998971871665,0.999844437163,0.0004,0.000199959995999,0.000155562836623,0.00102812833536,0.00527549240453,0.9438,0.00230307533529,0.939113287127,0.94814587592,0.03,0.03375,0.00375,0.125,1.09600421975,,,,,,,,
A,baseline_capture,paired,shared,2000,0.05,0,0.6,0.7,1,1,10000,10000,0,0.0299818,0.0350015,0.0050197,0.0050197,-0,0.0015641632174,1.5641632174e-05,0.170441555149,0.167424904442,0.0714285714286,0.301886792453,0.002,0.0085,0,0,0,0.000383998370677,0.9951,0.000698282893962,0.993528391576,0.996291373237,0,0,0,0.000383998370677,0.8994,0.00300798337761,0.893350229065,0.905143033036,1,0,0.999616001629,1,0,0,0,0.000383998370677,0.006116433271,0.9914,0.000923365583071,0.989392074806,0.993030531595,0.03,0.035,0.005,0.166666666667,1.25945935698,,,,,,,,
A,baseline_capture,paired,shared,2000,0.05,0,0.6,0.725,1,1,10000,10000,0,0.0299818,0.03624895,0.00626715,0.00626715,-0,0.00174473788534,1.74473788534e-05,0.212785016254,0.209031812633,0.0985915492958,0.36066712204,0.003,0.01,0,0,0,0.000383998370677,0.9996,0.000199959995999,0.998971871665,0.999844437163,0,0,0,0.000383998370677,0.9732,0.00161498482965,0.969848375387,0.976188208555,1,0,0.999616001629,1,0,0,0,0.000383998370677,0.0068485195205,0.9987,0.000360320690497,0.997776911898,0.999240088127,0.03,0.03625,0.00625,0.208333333333,0.982955671688,,,,,,,,
A,baseline_capture,paired,shared,2000,0.05,0,0.6,0.75,1,1,10000,10000,0,0.0299818,0.0375033,0.0075215,0.0075215,-0,0.00191129617153,1.91129617153e-05,0.255344332605,0.250868860442,0.128571428571,0.422222222222,0.004,0.0115,0,0,0,0.000383998370677,1,0,0.999616001629,1,0,0,0,0.000383998370677,0.9944,0.000746233207516,0.992735569485,0.995684732926,1,0,0.999616001629,1,0,0,0,0.000383998370677,0.00751104705662,0.9999,9.9994999875e-05,0.999433731103,0.999982347326,0.03,0.0375,0.0075,0.25,1.12489107236,,,,,,,,
A,baseline_capture,paired,shared,2000,0.05,0,0.6,0.775,1,1,10000,10000,0,0.0299818,0.03875075,0.00876895,0.00876895,-0,0.00206509500005,2.06509500005e-05,0.297681066568,0.292475768633,0.157142857143,0.48,0.005,0.013,0,0,0,0.000383998370677,1,0,0.999616001629,1,0,0,0,0.000383998370677,0.9991,0.000299864969611,0.998290269887,0.999526422939,1,0,0.999616001629,1,0,0,0,0.000383998370677,0.0081147468453,1,0,0.999616001629,1,0.03,0.03875,0.00875,0.291666666667,0.917633329194,,,,,,,,
A,baseline_capture,paired,shared,2000,0.05,0,0.6,0.8,1,1,10000,10000,0,0.02996185,0.03992685,0.009965,0.009965,-0,0.00221192546471,2.21192546471e-05,0.338348033811,0.332589609787,0.185714285714,0.531923472889,0.006,0.0145,0,0,0,0.000383998370677,1,0,0.999616001629,1,0,0,0,0.000383998370677,0.9997,0.000173179098046,0.999118264228,0.999897967801,1,0,0.999616001629,1,0,0,0,0.000383998370677,0.00865224139819,1,0,0.999616001629,1,0.03,0.04,0.01,0.333333333333,-1.58233179908,,,,,,,,
A,baseline_capture,paired,shared,2000,0.05,0,0.6,0.825,1,1,10000,10000,0,0.0299818,0.0411987,0.0112169,0.0112169,-0,0.00236010834521,2.36010834521e-05,0.380568263194,0.374123635005,0.215167269439,0.590909090909,0.007,0.016,0,0,0,0.000383998370677,1,0,0.999616001629,1,0,0,0,0.000383998370677,0.9999,9.9994999875e-05,0.999433731103,0.999982347326,1,0,0.999616001629,1,0,0,0,0.000383998370677,0.00917989240589,1,0,0.999616001629,1,0.03,0.04125,0.01125,0.375,-1.40247798654,,,,,,,,
A,baseline_capture,paired,shared,2000,0.05,0,0.6,0.85,1,1,10000,10000,0,0.0299818,0.04244615,0.01246435,0.01246435,-0,0.00248774455377,2.48774455377e-05,0.422904997158,0.415730543196,0.246147540984,0.645863970588,0.008,0.0175,0,0,0,0.000383998370677,1,0,0.999616001629,1,0,0,0,0.000383998370677,1,0,0.999616001629,1,1,0,0.999616001629,1,0,0,0,0.000383998370677,0.00967638636144,1,0,0.999616001629,1,0.03,0.0425,0.0125,0.416666666667,-1.43302494406,,,,,,,,
A,baseline_capture,paired,shared,2000,0.05,0,0.6,0.875,1,1,10000,10000,0,0.0299818,0.0437005,0.0137187,0.0137187,-0,0.0026073070619,2.6073070619e-05,0.465464313508,0.457567591005,0.276304446461,0.704545454545,0.009,0.019,0,0,0,0.000383998370677,1,0,0.999616001629,1,0,0,0,0.000383998370677,1,0,0.999616001629,1,1,0,0.999616001629,1,0,0,0,0.000383998370677,0.010150077717,1,0,0.999616001629,1,0.03,0.04375,0.01375,0.458333333333,-1.20047233628,,,,,,,,
A,baseline_capture,paired,shared,2000,0.05,0,0.6,0.9,1,1,10000,10000,0,0.0299818,0.04494795,0.01496615,0.01496615,-0,0.00272570580304,2.72570580304e-05,0.507807774613,0.499174499196,0.307692307692,0.760895445135,0.01,0.0205,0,0,0,0.000383998370677,1,0,0.999616001629,1,0,0,0,0.000383998370677,1,0,0.999616001629,1,1,0,0.999616001629,1,0,0,0,0.000383998370677,0.0105989149146,1,0,0.999616001629,1,0.03,0.045,0.015,0.5,-1.24188017512,,,,,,,,
A,baseline_capture,paired,shared,2000,0.05,0,0.6,0.925,1,1,10000,10000,0,0.0299818,0.0462028,0.016221,0.016221,-0,0.00283426574376,2.83426574376e-05,0.550408036348,0.541028223789,0.338983050847,0.82,0.011,0.022,0,0,0,0.000383998370677,1,0,0.999616001629,1,0,0,0,0.000383998370677,1,0,0.999616001629,1,1,0,0.999616001629,1,0,0,0,0.000383998370677,0.0110310278695,1,0,0.999616001629,1,0.03,0.04625,0.01625,0.541666666667,-1.02319269334,,,,,,,,
A,baseline_capture,paired,shared,2000,0.05,0,0.6,0.95,1,1,10000,10000,0,0.0299818,0.04745365,0.01747185,0.01747185,-0,0.00294287251293,2.94287251293e-05,0.592866303684,0.582748534111,0.373134328358,0.877551020408,0.012,0.0235,0,0,0,0.000383998370677,1,0,0.999616001629,1,0,0,0,0.000383998370677,1,0,0.999616001629,1,1,0,0.999616001629,1,0,0,0,0.000383998370677,0.0114443916581,1,0,0.999616001629,1,0.03,0.0475,0.0175,0.583333333333,-0.956548402159,,,,,,,,
A,baseline_capture,paired,shared,2000,0.05,0,0.6,0.975,1,1,10000,10000,0,0.0299818,0.0487113,0.0187295,0.0187295,-0,0.00304199032223,3.04199032223e-05,0.635557029082,0.624695648694,0.40350877193,0.933333333333,0.013,0.025,0,0,0,0.000383998370677,1,0,0.999616001629,1,0,0,0,0.000383998370677,1,0,0.999616001629,1,1,0,0.999616001629,1,0,0,0,0.000383998370677,0.0118445856154,1,0,0.999616001629,1,0.03,0.04875,0.01875,0.625,-0.67390089476,,,,,,,,
A,baseline_capture,paired,shared,2000,0.05,0,0.6,1,1,1,10000,10000,0,0.0299818,0.04996765,0.01998585,0.01998585,-0,0.00313405599953,3.13405599953e-05,0.678249329762,0.666599403638,0.438184691011,0.982142857143,0.014,0.0265,0,0,0,0.000383998370677,1,0,0.999616001629,1,0,0,0,0.000383998370677,1,0,0.999616001629,1,1,0,0.999616001629,1,0,0,0,0.000383998370677,0.0122303863317,1,0,0.999616001629,1,0.03,0.05,0.02,0.666666666667,-0.451491613491,,,,,,,,
A,baseline_capture,repeated,shared,2000,0.05,0,0.6,0.6,1,1,10000,10000,0,0.02997025,0.02999725,2.7e-05,2.7e-05,-0,0.00531686448057,5.31686448057e-05,0.0173338360463,0.000900893385941,-0.3,0.420026315789,-0.0105,0.0105,0.3778,0.00484837251044,0.36834599789,0.387347851311,0.3995,0.00489795620642,0.389940539823,0.40913664385,0.2693,0.00443596111345,0.26069548247,0.278081694379,0.2996,0.00458082787278,0.290700089764,0.308653816783,0.4861,0.00499806752655,0.476311184789,0.495899490365,0.0382,0.00191678793819,0.0346170328443,0.0421376280508,0.0211153856357,0.048,0.00213766227454,0.0439810363881,0.052366098139,0.03,0.03,0,0,0.507818096524,,,,,,,,
A,baseline_capture,repeated,shared,2000,0.05,0,0.6,0.625,1,1,10000,10000,0,0.02997025,0.0312655,0.00129525,0.00129525,-0,0.00543606084525,5.43606084525e-05,0.0607070299093,0.0432178577089,-0.27027027027,0.488888888889,-0.0095,0.012,0.2977,0.00457246880799,0.288817192782,0.306738172958,0.4917,0.00499931105254,0.481906598536,0.501499775837,0.2041,0.00403042417123,0.196314838442,0.212112411794,0.3841,0.00486381732798,0.374613325198,0.393675685624,0.5788,0.00493751516453,0.569094199939,0.588445281918,0.0351,0.00184032578638,0.031667825249,0.0388892164361,0.0213311831982,0.0564,0.00230692522636,0.0520465113382,0.0610941720162,0.03,0.03125,0.00125,0.0416666666667,0.832404222251,,,,,,,,
A,baseline_capture,repeated,shared,2000,0.05,0,0.6,0.65,1,1,10000,10000,0,0.02997025,0.03249855,0.0025283,0.0025283,-0,0.00544149888367,5.44149888367e-05,0.102191968739,0.084360323988,-0.232888127854,0.54,-0.008,0.0130125,0.2214,0.00415189161708,0.21337028313,0.229643680763,0.5749,0.00494358159637,0.565183814448,0.584558662596,0.141,0.00348021551057,0.134316674962,0.147959035868,0.4676,0.00498949135684,0.457835088054,0.47738979504,0.6619,0.00473062775961,0.652567542526,0.671108118802,0.0315,0.00174664678742,0.0282524710393,0.035107335434,0.0215374662277,0.0706,0.00256155499648,0.0657425899049,0.0757871878959,0.03,0.0325,0.0025,0.0833333333333,0.520077291294,,,,,,,,
A,baseline_capture,repeated,shared,2000,0.05,0,0.6,0.675,1,1,10000,10000,0,0.02997025,0.0337108,0.00374055,0.00374055,-0,0.00553393830331,5.53393830331e-05,0.143555825891,0.124808768696,-0.2,0.592658730159,-0.007,0.0145,0.1658,0.00371901008334,0.158639476237,0.173217188274,0.6556,0.0047517222141,0.646228642046,0.664851857661,0.1026,0.00303435726308,0.096804554114,0.108700647791,0.5564,0.00496808856604,0.546642913469,0.566113771515,0.7353,0.00441173333283,0.72656399493,0.743855295437,0.0297,0.00169758387127,0.0265491315665,0.033212057301,0.0217386840458,0.1025,0.00303304714767,0.0967071579686,0.108598120736,0.03,0.03375,0.00375,0.125,-0.170764462523,,,,,,,,
A,baseline_capture,repeated,shared,2000,0.05,0,0.6,0.7,1,1,10000,10000,0,0.02997025,0.03499065,0.0050204,0.0050204,-0,0.00556518472003,5.56518472003e-05,0.186819965436,0.16751278351,-0.166666666667,0.652173913043,-0.006,0.016,0.1128,0.00316348162631,0.106747781867,0.119149586472,0.7373,0.00440100795273,0.728584235024,0.745833519349,0.0648,0.00246172622361,0.0601402539954,0.0697939781865,0.6428,0.00479174456748,0.633355161507,0.652135168558,0.8044,0.00396661871119,0.796509295072,0.81205692672,0.0236,0.00151799341237,0.0208026758122,0.0267631978353,0.0219481269573,0.1409,0.00347918366862,0.134218734157,0.147857053473,0.03,0.035,0.005,0.166666666667,0.366564651961,,,,,,,,
A,baseline_capture,repeated,shared,2000,0.05,0,0.6,0.725,1,1,10000,10000,0,0.02997025,0.0362693,0.00629905,0.00629905,-0,0.00556816348017,5.56816348017e-05,0.229876409041,0.210176758619,-0.12905320486,0.687534722222,-0.0045,0.017,0.0753,0.00263874799858,0.0702896550308,0.0806365131852,0.8017,0.00398719337379,0.793770033988,0.809398261395,0.0406,0.00197361698412,0.0369049121928,0.0446479055102,0.7144,0.00451699723268,0.705465835943,0.723169505555,0.8636,0.00343212820273,0.856733373087,0.870187383297,0.0197,0.00138967298312,0.0171550099307,0.0226138589042,0.0221546698979,0.1994,0.00399549296082,0.19168506046,0.20734579936,0.03,0.03625,0.00625,0.208333333333,0.880900860304,,,,,,,,
A,baseline_capture,repeated,shared,2000,0.05,0,0.6,0.75,1,1,10000,10000,0,0.02997025,0.03747435,0.0075041,0.0075041,-0,0.00572086584536,5.72086584536e-05,0.27133497675,0.25038496509,-0.107692307692,0.760869565217,-0.0035,0.0185125,0.0547,0.00227393733423,0.0504117353094,0.0593302536395,0.849,0.00358048879345,0.841848423222,0.855883545916,0.0276,0.00163823807794,0.024566008678,0.0309967929826,0.7766,0.0041652423699,0.768330937547,0.784656634554,0.8956,0.00305778743539,0.889454162485,0.901442018004,0.0135,0.00115402556298,0.0114176977087,0.015955932706,0.022347721393,0.2611,0.00439234322429,0.252584066868,0.269799407554,0.03,0.0375,0.0075,0.25,0.0716674732605,,,,,,,,
A,baseline_capture,repeated,shared,2000,0.05,0,0.6,0.775,1,1,10000,10000,0,0.02997025,0.0387447,0.00877445,0.00877445,-0,0.00570577407398,5.70577407398e-05,0.314015884849,0.292771998899,-0.0645266024298,0.816326530612,-0.002,0.02,0.0313,0.00174127281033,0.0280630600121,0.0348969000606,0.8955,0.00305908074428,0.889351668319,0.90134458897,0.0155,0.00123530360641,0.0132582225255,0.0181138718957,0.8336,0.00372439310492,0.826172499303,0.840771296985,0.9329,0.00250195103869,0.927828157465,0.937639376746,0.011,0.00104302444842,0.00913526995319,0.0132402804533,0.0225481028851,0.3327,0.00471180124793,0.323530831961,0.341997653893,0.03,0.03875,0.00875,0.291666666667,0.428513286418,,,,,,,,
A,baseline_capture,repeated,shared,2000,0.05,0,0.6,0.8,1,1,10000,10000,0,0.02997025,0.0399846,0.01001435,0.01001435,-0,0.00580472984439,5.80472984439e-05,0.356326081594,0.334143025167,-0.0394868421053,0.87756346441,-0.0015,0.0215,0.0203,0.00141024501417,0.0177145729678,0.023253835069,0.9245,0.0026419642314,0.91915726667,0.929516718713,0.0088,0.000933946465275,0.00714877589421,0.0108284641051,0.8747,0.00331058771217,0.868067133646,0.881045097975,0.9548,0.00207742532958,0.950550716169,0.958699998913,0.0073,0.000851276100921,0.00581035116875,0.00916804082572,0.0227420535302,0.4049,0.00490872682067,0.395317368535,0.414555667955,0.03,0.04,0.01,0.333333333333,0.247212193929,,,,,,,,
A,baseline_capture,repeated,shared,2000,0.05,0,0.6,0.825,1,1,10000,10000,0,0.02997025,0.0412332,0.01126295,0.01126295,-0,0.00578789532306,5.78789532306e-05,0.398217047166,0.375804339303,0,0.923076923077,0,0.0225,0.0117,0.00107531902243,0.00977199841537,0.0140030143934,0.9508,0.0021628536705,0.94638505857,0.954868728499,0.0051,0.000712319450808,0.00388131108356,0.00669877050373,0.9125,0.00282566363886,0.906802199959,0.917881001385,0.9716,0.00166112732805,0.968158748258,0.974679064479,0.0052,0.000719232924719,0.00396785292163,0.00681215186599,0.0229345937854,0.487,0.00499830971429,0.477210364785,0.496799619173,0.03,0.04125,0.01125,0.375,0.223742816295,,,,,,,,
A,baseline_capture,repeated,shared,2000,0.05,0,0.6,0.85,1,1,10000,10000,0,0.02997025,0.04248785,0.0125176,0.0125176,-0,0.0059242552207,5.9242552207e-05,0.4413026259,0.417667520291,0.0263072453862,0.981505847953,0.001,0.024,0.0069,0.000827791640451,0.00545620543118,0.00872249376198,0.9659,0.00181486060071,0.962160219672,0.969281970647,0.0031,0.00055591276294,0.0021848645245,0.00439675305627,0.9376,0.00241880631717,0.932689121656,0.94217480297,0.9804,0.00138621210498,0.977492866449,0.982938187917,0.0045,0.00066930934552,0.00336497129159,0.00601557109375,0.0231265920804,0.5668,0.00495517668706,0.557064212053,0.576484485765,0.03,0.0425,0.0125,0.416666666667,0.297083757271,,,,,,,,
A,baseline_capture,repeated,shared,2000,0.05,0,0.6,0.875,1,1,10000,10000,0,0.02997025,0.0437722,0.01380195,0.01380195,-0,0.00583540541806,5.83540541806e-05,0.4840704237,0.460521684003,0.0694444444444,1.04081632653,0.0025,0.0255,0.0035,0.000590571756859,0.00251777850562,0.00486353187646,0.9817,0.00134033988227,0.978882009258,0.984148046712,0.0014,0.000373903730925,0.000834162028875,0.00234876114636,0.9615,0.00192399974012,0.957548376066,0.965097193438,0.9896,0.00101448706251,0.987415147909,0.991408840886,0.0028,0.000528408932551,0.00193800573069,0.00404384224912,0.023320149598,0.6486,0.00477407624573,0.63918754303,0.657898332655,0.03,0.04375,0.01375,0.458333333333,0.890255196995,,,,,,,,
A,baseline_capture,repeated,shared,2000,0.05,0,0.6,0.9,1,1,10000,10000,0,0.02997025,0.0449938,0.01502355,0.01502355,-0,0.00597876617389,5.97876617389e-05,0.525946009043,0.501282104754,0.0952380952381,1.07547169811,0.0035,0.027,0.0019,0.000435475602072,0.00121674415963,0.00296579501724,0.9864,0.00115823313715,0.983935891623,0.988490554762,0.0007,0.0002644825136,0.000339126331688,0.00144433444127,0.9737,0.00160025966643,0.97037697964,0.976659220303,0.993,0.000833726573884,0.991165996916,0.99445538069,0.0011,0.000331480014481,0.00061435065423,0.00196880292003,0.0235030553873,0.7096,0.00453946957254,0.700623661379,0.718415366504,0.03,0.045,0.015,0.5,0.393893979378,,,,,,,,
A,baseline_capture,repeated,shared,2000,0.05,0,0.6,0.925,1,1,10000,10000,0,0.02997025,0.0462451,0.01627485,0.01627485,-0,0.00602805243998,6.02805243998e-05,0.568438974546,0.543033508229,0.125,1.13636363636,0.0045,0.028,0.0013,0.000360320690497,0.00075991187258,0.00222308810233,0.9912,0.000933946465275,0.989171535895,0.992851224106,0.0005,0.000223550889061,0.000213588426164,0.00117002594614,0.9825,0.00131124940419,0.979738541372,0.9848909002,0.996,0.000631189353522,0.994558087354,0.997060986262,0.0007,0.0002644825136,0.000339126331688,0.00144433444127,0.0236882951168,0.7713,0.0041999560712,0.762964979921,0.779426662563,0.03,0.04625,0.01625,0.541666666667,0.412239280388,,,,,,,,
A,baseline_capture,repeated,shared,2000,0.05,0,0.6,0.95,1,1,10000,10000,0,0.02997025,0.04751475,0.0175445,0.0175445,-0,0.0060664116152,6.0664116152e-05,0.611628793868,0.585397185542,0.164179104478,1.20371315193,0.006,0.0295,0.0009,0.000299864969611,0.000473577060585,0.00170973011302,0.9961,0.000623280835579,0.994673357685,0.997145639131,0.0003,0.000173179098046,0.000102032199418,0.000881735772236,0.9904,0.000975081535052,0.988291672413,0.992131701985,0.998,0.000446766158074,0.996912649335,0.998704888287,0.0004,0.000199959995999,0.000155562836623,0.00102812833536,0.0238742978944,0.8267,0.00378506420025,0.819156321861,0.833992773604,0.03,0.0475,0.0175,0.583333333333,0.73354732291,,,,,,,,
A,baseline_capture,repeated,shared,2000,0.05,0,0.6,0.975,1,1,10000,10000,0,0.02997025,0.04879755,0.0188273,0.0188273,-0,0.00618537796744,6.18537796744e-05,0.655423331542,0.628199631301,0.190444015444,1.26086956522,0.0065,0.031,0.0001,9.9994999875e-05,1.76526736011e-05,0.000566268897401,0.9975,0.000499374608886,0.996311919232,0.998306002389,0,0,0,0.000383998370677,0.9928,0.000845467917783,0.990943225064,0.994278306142,0.9992,0.000282729552753,0.998422049747,0.99959456628,0.0001,9.9994999875e-05,1.76526736011e-05,0.000566268897401,0.0240600735279,0.8673,0.00339250217391,0.860509556062,0.873808358735,0.03,0.04875,0.01875,0.625,1.24972152724,,,,,,,,
A,baseline_capture,repeated,shared,2000,0.05,0,0.6,1,1,1,10000,10000,0,0.02997025,0.0500364,0.02006615,0.02006615,-0,0.00614909182811,6.14909182811e-05,0.697145192417,0.669535622826,0.228538961039,1.31114583333,0.008,0.032,0.0001,9.9994999875e-05,1.76526736011e-05,0.000566268897401,0.9986,0.000373903730925,0.997651238854,0.999165837971,0,0,0,0.000383998370677,0.9959,0.000638998435053,0.994443005072,0.996976145344,0.9994,0.00024487547856,0.998691475904,0.999724986524,0.0001,9.9994999875e-05,1.76526736011e-05,0.000566268897401,0.0242376998721,0.9026,0.00296501669473,0.896633135798,0.908257668714,0.03,0.05,0.02,0.666666666667,1.07576861509,,,,,,,,
A,baseline_capture,paired,shared,2000,0.05,0,0.9,0.6,1,1,10000,10000,0,0.0449516,0.02997775,-0.01497385,-0.01497385,-0,0.00268750133839,2.68750133839e-05,-0.333146303455,-0.333110501072,-0.434782608696,-0.238636363636,-0.0205,-0.01,1,0,0.999616001629,1,0,0,0,0.000383998370677,1,0,0.999616001629,1,0,0,0,0.000383998370677,0,0,0,0.000383998370677,0,0,0,0.000383998370677,0.0106030141165,1,0,0.999616001629,1,0.045,0.03,-0.015,-0.333333333333,0.973022771244,,,,,,,,
A,baseline_capture,paired,shared,2000,0.05,0,0.9,0.625,1,1,10000,10000,0,0.0449536,0.0312238,-0.0137298,-0.0137298,-0,0.00258703715399,2.58703715399e-05,-0.305437993452,-0.305421590262,-0.402298850575,-0.212112299465,-0.019,-0.009,1,0,0.999616001629,1,0,0,0,0.000383998370677,1,0,0.999616001629,1,0,0,0,0.000383998370677,0,0,0,0.000383998370677,0,0,0,0.000383998370677,0.010155098296,1,0,0.999616001629,1,0.045,0.03125,-0.01375,-0.305555555556,0.780815999061,,,,,,,,
A,baseline_capture,paired,shared,2000,0.05,0,0.9,0.65,1,1,10000,10000,0,0.04493975,0.03245035,-0.0124894,-0.0124894,-0,0.00246915923236,2.46915923236e-05,-0.277893656826,-0.277914318615,-0.373337349398,-0.1875,-0.0175,-0.008,1,0,0.999616001629,1,0,0,0,0.000383998370677,1,0,0.999616001629,1,0,0,0,0.000383998370677,0,0,0,0.000383998370677,0,0,0,0.000383998370677,0.00968696604766,1,0,0.999616001629,1,0.045,0.0325,-0.0125,-0.277777777778,0.429295926366,,,,,,,,
A,baseline_capture,paired,shared,2000,0.05,0,0.9,0.675,1,1,10000,10000,0,0.0449658,0.03371885,-0.01124695,-0.01124695,-0,0.00235950151986,2.35950151986e-05,-0.250096276104,-0.250122315182,-0.344444444444,-0.162790697674,-0.016,-0.007,1,0,0.999616001629,1,0,0,0,0.000383998370677,0.9998,0.000141407213395,0.999271004156,0.999945151073,0,0,0,0.000383998370677,0,0,0,0.000383998370677,0,0,0,0.000383998370677,0.00919241385451,1,0,0.999616001629,1,0.045,0.03375,-0.01125,-0.25,0.129264591454,,,,,,,,
A,baseline_capture,paired,shared,2000,0.05,0,0.9,0.7,1,1,10000,10000,0,0.04495805,0.03498045,-0.0099776,-0.0099776,-0,0.00220851443138,2.20851443138e-05,-0.221939625309,-0.221931333766,-0.309523809524,-0.139534883721,-0.0145,-0.006,1,0,0.999616001629,1,0,0,0,0.000383998370677,0.9986,0.000373903730925,0.997651238854,0.999165837971,0,0,0,0.000383998370677,0,0,0,0.000383998370677,0,0,0,0.000383998370677,0.00865816941052,1,0,0.999616001629,1,0.045,0.035,-0.01,-0.222222222222,1.01425644686,,,,,,,,
A,baseline_capture,paired,shared,2000,0.05,0,0.9,0.725,1,1,10000,10000,0,0.04495195,0.03621995,-0.008732,-0.008732,-0,0.00208720186881,2.08720186881e-05,-0.194217274497,-0.194251862266,-0.28,-0.114575892857,-0.013,-0.005,1,0,0.999616001629,1,0,0,0,0.000383998370677,0.9906,0.000964968393265,0.988511309047,0.992311911752,0,0,0,0.000383998370677,0,0,0,0.000383998370677,0,0,0,0.000383998370677,0.00809609033415,1,0,0.999616001629,1,0.045,0.03625,-0.00875,-0.194444444444,0.862398614575,,,,,,,,
A,baseline_capture,paired,shared,2000,0.05,0,0.9,0.75,1,1,10000,10000,0,0.04495965,0.03747045,-0.0074892,-0.0074892,-0,0.00190986861323,1.90986861323e-05,-0.166573329045,-0.16657602984,-0.247311827957,-0.0927835051546,-0.0115,-0.004,0.9999,9.9994999875e-05,0.999433731103,0.999982347326,0,0,0,0.000383998370677,0.9613,0.00192879003523,0.957339079785,0.964906643318,0,0,0,0.000383998370677,0,0,0,0.000383998370677,0,0,0,0.000383998370677,0.00749464142042,0.9999,9.9994999875e-05,0.999433731103,0.999982347326,0.045,0.0375,-0.0075,-0.166666666667,0.565483925186,,,,,,,,
A,baseline_capture,paired,shared,2000,0.05,0,0.9,0.775,1,1,10000,10000,0,0.04495515,0.03872805,-0.0062271,-0.0062271,-0,0.00175491696765,1.75491696765e-05,-0.138443503179,-0.138518056329,-0.213483146067,-0.070411971831,-0.01,-0.003,0.9953,0.00068395248373,0.993756112981,0.996463498233,0,0,0,0.000383998370677,0.8595,0.00347505035935,0.85255088774,0.866173017431,0,0,0,0.000383998370677,0,0,0,0.000383998370677,0,0,0,0.000383998370677,0.00682466337961,0.998,0.000446766158074,0.996912649335,0.998704888287,0.045,0.03875,-0.00625,-0.138888888889,1.30490504235,,,,,,,,
A,baseline_capture,paired,shared,2000,0.05,0,0.9,0.8,1,1,10000,10000,0,0.0449579,0.0399642,-0.0049937,-0.0049937,-0,0.00159598403078,1.59598403078e-05,-0.110995842282,-0.111075027971,-0.18085106383,-0.0487804878049,-0.0085,-0.002,0.9734,0.00160911279903,0.970059781937,0.976376648406,0,0,0,0.000383998370677,0.611,0.00487523332775,0.60140383414,0.620510918222,0,0,0,0.000383998370677,0,0,0,0.000383998370677,0.0001,9.9994999875e-05,1.76526736011e-05,0.000566268897401,0.00609596639525,0.9871,0.00112843209809,0.984693796024,0.989132112764,0.045,0.04,-0.005,-0.111111111111,0.394740791794,,,,,,,,
A,baseline_capture,paired,shared,2000,0.05,0,0.9,0.825,1,1,10000,10000,0,0.04495605,0.0412103,-0.00374575,-0.00374575,-0,0.00138294005287,1.38294005287e-05,-0.0832498068409,-0.0833202650144,-0.145833333333,-0.03,-0.0065,-0.0015,0.8824,0.00322133885209,0.875938955561,0.888567362485,0,0,0,0.000383998370677,0.2775,0.00447765284496,0.268810670509,0.286360208766,0,0,0,0.000383998370677,0,0,0,0.000383998370677,0.0012,0.000346202253026,0.00068660431877,0.00209647245582,0.00525609014695,0.9414,0.00234874519691,0.936624811133,0.945836195105,0.045,0.04125,-0.00375,-0.0833333333333,0.307316285417,,,,,,,,
A,baseline_capture,paired,shared,2000,0.05,0,0.9,0.85,1,1,10000,10000,0,0.04495895,0.04246005,-0.0024989,-0.0024989,-0,0.00112708731808,1.12708731808e-05,-0.0555231908934,-0.0555818140771,-0.107849761526,-0.0117647058824,-0.005,-0.0005,0.5651,0.00495743875403,0.555360433849,0.574789569563,0,0,0,0.000383998370677,0.0449,0.00207084499661,0.0410129941834,0.0491365211336,0,0,0,0.000383998370677,0,0,0,0.000383998370677,0.0097,0.000980097444135,0.00795848139696,0.0118180674053,0.00424671614745,0.7325,0.00442655339966,0.723736041618,0.741085399139,0.045,0.0425,-0.0025,-0.0555555555556,0.0975966974656,,,,,,,,
A,baseline_capture,paired,shared,2000,0.05,0,0.9,0.875,1,1,10000,10000,0,0.04495755,0.04370925,-0.0012483,-0.0012483,-0,0.000792186762062,7.92186762062e-06,-0.0277360154731,-0.0277661927752,-0.0666666666667,0,-0.003,0,0.1093,0.00312015240012,0.103333975705,0.115566080621,0,0,0,0.000383998370677,0.0009,0.000299864969611,0.000473577060585,0.00170973011302,0,0,0,0.000383998370677,0,0,0,0.000383998370677,0.0972,0.00296229910711,0.0915477295054,0.103161619582,0.00286381351356,0.2381,0.00425920638148,0.229853675119,0.246547463227,0.045,0.04375,-0.00125,-0.0277777777778,0.21459586065,,,,,,,,
A,baseline_capture,paired,shared,2000,0.05,0,0.9,0.9,1,1,10000,10000,0,0.04496555,0.04496555,0,0,-0,0,0,0,0,0,0,0,0,0,0,0,0.000383998370677,0,0,0,0.000383998370677,0,0,0,0.000383998370677,0,0,0,0.000383998370677,0,0,0,0.000383998370677,1,0,0.999616001629,1,0,0,0,0,0.000383998370677,0.045,0.045,0,0,0,,,,,,,,
A,baseline_capture,paired,shared,2000,0.05,0,0.9,0.925,1,1,10000,10000,0,0.0449607,0.0462102,0.0012495,0.0012495,-0,0.000794300221128,7.94300221128e-06,0.028074324188,0.0277909374187,0,0.0697674418605,0,0.003,0,0,0,0.000383998370677,0.1159,0.00320104967159,0.109773022608,0.122321964941,0,0,0,0.000383998370677,0.0013,0.000360320690497,0.00075991187258,0.00222308810233,0.9214,0.00269113433332,0.915962187439,0.926514178734,0.1036,0.0030474093916,0.0977786115059,0.109725822402,0.0028658813037,0.239,0.00426472742388,0.23074251549,0.247457931659,0.045,0.04625,0.00125,0.0277777777778,-0.062948490596,,,,,,,,
A,baseline_capture,paired,shared,2000,0.05,0,0.9,0.95,1,1,10000,10000,0,0.0449607,0.04746,0.0024993,0.0024993,-0,0.00113178072203,1.13178072203e-05,0.0561633873413,0.0555885473313,0.010989010989,0.113924050633,0.0005,0.005,0,0,0,0.000383998370677,0.5551,0.00496954716247,0.545340555524,0.564817127856,0,0,0,0.000383998370677,0.0581,0.00233932447514,0.0536824379699,0.0628569397901,0.9907,0.000959870303739,0.9886212075,0.992401936499,0.0141,0.00117903307842,0.0119686442998,0.0166045253169,0.00424412532584,0.7319,0.00442969965122,0.723130109355,0.740491792201,0.045,0.0475,0.0025,0.0555555555556,-0.0618494365887,,,,,,,,
A,baseline_capture,paired,shared,2000,0.05,0,0.9,0.975,1,1,10000,10000,0,0.0449607,0.0487044,0.0037437,0.0037437,-0,0.00136443998756,1.36443998756e-05,0.0841914898655,0.0832660523524,0.0291262135922,0.155555555556,0.0015,0.0065,0,0,0,0.000383998370677,0.862,0.00344899985503,0.855100945753,0.868621039427,0,0,0,0.000383998370677,0.2917,0.00454544948272,0.282872421116,0.300687552606,0.9994,0.00024487547856,0.998691475904,0.999724986524,0.0013,0.000360320690497,0.00075991187258,0.00222308810233,0.00525712237892,0.9397,0.00238041824056,0.93486346297,0.944198848863,0.045,0.04875,0.00375,0.0833333333333,-0.461727892575,,,,,,,,
A,baseline_capture,paired,shared,2000,0.05,0,0.9,1,1,1,10000,10000,0,0.0449607,0.0499539,0.0049932,0.0049932,-0,0.00158998634134,1.58998634134e-05,0.112265814053,0.111056989771,0.0462962962963,0.193560423688,0.002,0.008,0,0,0,0.000383998370677,0.966,0.0018122913673,0.96226520761,0.969376905908,0,0,0,0.000383998370677,0.5986,0.00490181639803,0.588956524328,0.608167751193,1,0,0.999616001629,1,0.0001,9.9994999875e-05,1.76526736011e-05,0.000566268897401,0.00609616399538,0.988,0.00108885260711,0.98567069373,0.98995452386,0.045,0.05,0.005,0.111111111111,-0.427676629867,,,,,,,,
A,baseline_capture,repeated,shared,2000,0.05,0,0.9,0.6,1,1,10000,10000,0,0.0449836,0.02997145,-0.01501215,-0.01501215,-0,0.00595739678342,5.95739678342e-05,-0.326615380822,-0.33372495754,-0.521739130435,-0.0909090909091,-0.0265,-0.0035,0.9869,0.00113703078234,0.98447708888,0.988948973507,0.0026,0.000509238647394,0.00177498837017,0.00380701320898,0.9709,0.0016808685255,0.967420406223,0.974017944111,0.0008,0.000282729552753,0.000405433719897,0.00157795025339,0.0062,0.000784956049725,0.00483978481188,0.007939451979,0.0013,0.000360320690497,0.00075991187258,0.00222308810233,0.0235015480917,0.712,0.00452831094339,0.703044596791,0.7207925879,0.045,0.03,-0.015,-0.333333333333,-0.203948141138,,,,,,,,
A,baseline_capture,repeated,shared,2000,0.05,0,0.9,0.625,1,1,10000,10000,0,0.0449836,0.0312205,-0.0137631,-0.0137631,-0,0.00608039682196,6.08039682196e-05,-0.298345044031,-0.305958171422,-0.504273504274,-0.0428571428571,-0.0255,-0.0015,0.9733,0.00161205179818,0.969954072846,0.976282434297,0.0053,0.000726079196782,0.00405452288778,0.00692540510017,0.9457,0.00226608715631,0.941084958607,0.949972745246,0.0021,0.000457776146168,0.00137399170498,0.00320839387254,0.0099,0.000990049998737,0.00813900122178,0.0120373939812,0.0028,0.000528408932551,0.00193800573069,0.00404384224912,0.0236927556699,0.6291,0.00483045743176,0.619584591331,0.638516260289,0.045,0.03125,-0.01375,-0.305555555556,-0.215446464821,,,,,,,,
A,baseline_capture,repeated,shared,2000,0.05,0,0.9,0.65,1,1,10000,10000,0,0.0449836,0.03247385,-0.01250975,-0.01250975,-0,0.00608375962301,6.08375962301e-05,-0.270323236501,-0.278095794912,-0.473226033835,-0.0138888888889,-0.0245,-0.0005,0.9606,0.00194544699234,0.956606755766,0.964239504935,0.009,0.000944404574322,0.0073283200934,0.0110487663066,0.9171,0.00275731010226,0.911534270133,0.922345398426,0.0035,0.000590571756859,0.00251777850562,0.00486353187646,0.0177,0.00131858674345,0.0152946873601,0.0204757174683,0.0035,0.000590571756859,0.00251777850562,0.00486353187646,0.0238819338306,0.5374,0.00498599277978,0.527615138097,0.547156138825,0.045,0.0325,-0.0125,-0.277777777778,-0.160262742188,,,,,,,,
A,baseline_capture,repeated,shared,2000,0.05,0,0.9,0.675,1,1,10000,10000,0,0.0449836,0.0337222,-0.0112614,-0.0112614,-0,0.00612284402561,6.12284402561e-05,-0.242244244342,-0.250344570021,-0.452387218045,0.0138888888889,-0.023,0.0005,0.9334,0.0024932797677,0.928344941256,0.938122208956,0.0166,0.00127767131924,0.0142750442156,0.0192962054092,0.8772,0.00328207495344,0.8706220115,0.883488300129,0.0068,0.000821812630713,0.00536787615584,0.00861089983699,0.0296,0.00169481090391,0.0264545937508,0.0331066719163,0.0059,0.000765845284637,0.00457704650214,0.00760242068776,0.0240687830467,0.4533,0.00497814332859,0.44356280812,0.463073057328,0.045,0.03375,-0.01125,-0.25,-0.186187986372,,,,,,,,
A,baseline_capture,repeated,shared,2000,0.05,0,0.9,0.7,1,1,10000,10000,0,0.0449836,0.03497705,-0.01000655,-0.01000655,-0,0.00615501182083,6.15501182083e-05,-0.214104734926,-0.222448848025,-0.432989690722,0.0506329113924,-0.022,0.002,0.9014,0.00298124202305,0.895401825003,0.907089901105,0.0255,0.00157638034751,0.022587782727,0.0287766317267,0.8239,0.00380905224433,0.816310415053,0.831240830803,0.011,0.00104302444842,0.00913526995319,0.0132402804533,0.0467,0.00210995521279,0.0427357618766,0.0510123710463,0.008,0.000890842298053,0.0064330500512,0.00994480434555,0.0242544308936,0.3655,0.00481570088357,0.356114718533,0.374988577029,0.045,0.035,-0.01,-0.222222222222,-0.106417342333,,,,,,,,
A,baseline_capture,repeated,shared,2000,0.05,0,0.9,0.725,1,1,10000,10000,0,0.0449836,0.0362212,-0.0087624,-0.0087624,-0,0.00624162975786,6.24162975786e-05,-0.186039056084,-0.194790990494,-0.41,0.0857142857143,-0.021,0.0035,0.8555,0.00351596003959,0.848472304505,0.862254672654,0.0425,0.00201726919374,0.0387187616541,0.0466325968551,0.7646,0.0042424855922,0.756184250836,0.772812537227,0.0195,0.00138274184142,0.0169686324943,0.0224003899399,0.0749,0.00263229918512,0.0699024344934,0.0802240409213,0.0117,0.00107531902243,0.00977199841537,0.0140030143934,0.0244368582636,0.2892,0.00453390957122,0.280395984971,0.298165908742,0.045,0.03625,-0.00875,-0.194444444444,-0.198666061286,,,,,,,,
A,baseline_capture,repeated,shared,2000,0.05,0,0.9,0.75,1,1,10000,10000,0,0.0449836,0.03746525,-0.00751835,-0.00751835,-0,0.00628240679525,6.28240679525e-05,-0.158042575664,-0.167135355996,-0.390804597701,0.126440419031,-0.02,0.005,0.8053,0.00395969582165,0.797422508733,0.812943021862,0.0639,0.00244574712511,0.0592718810868,0.0688630422921,0.6908,0.00462163780493,0.681669932447,0.699783533775,0.0336,0.00180197225284,0.0302434353557,0.0373147583245,0.1074,0.0030962112331,0.101481587812,0.113619927709,0.0153,0.00122743268655,0.0130736715154,0.0178985765051,0.0246174537173,0.2267,0.00418696919024,0.218599542534,0.235010350976,0.045,0.0375,-0.0075,-0.166666666667,-0.292085511143,,,,,,,,
A,baseline_capture,repeated,shared,2000,0.05,0,0.9,0.775,1,1,10000,10000,0,0.0449836,0.0387241,-0.0062595,-0.0062595,-0,0.00633603379745,6.33603379745e-05,-0.1297402915,-0.139150712704,-0.365384615385,0.157894736842,-0.0185,0.006,0.742,0.00437533998679,0.733332706667,0.750481438122,0.0963,0.00295002220331,0.0906721149476,0.102237925337,0.6134,0.00486970676735,0.603813738054,0.622899171115,0.051,0.00219997727261,0.0468579206089,0.055486909928,0.1526,0.00359601501665,0.145685431872,0.159781370196,0.022,0.00146683332386,0.0193033081769,0.0250637942655,0.0247982190038,0.1692,0.00374928473179,0.161978876623,0.176675176699,0.045,0.03875,-0.00625,-0.138888888889,-0.149936068899,,,,,,,,
A,baseline_capture,repeated,shared,2000,0.05,0,0.9,0.8,1,1,10000,10000,0,0.0449836,0.0399946,-0.004989,-0.004989,-0,0.00639209393599,6.39209393599e-05,-0.101102861779,-0.110907086138,-0.336737379162,0.20005952381,-0.0175,0.0075,0.6681,0.00470895306836,0.658807617886,0.677263281861,0.1346,0.00341295824762,0.128050850507,0.141429775503,0.5389,0.00498484493239,0.529116810541,0.548653314386,0.0775,0.0026738315205,0.0724201209318,0.0829043576914,0.2031,0.00402306338503,0.195329639507,0.211098378725,0.0227,0.00148945325539,0.0199588192339,0.0258077456107,0.0249789557124,0.1216,0.00326823254987,0.115339268731,0.128151341236,0.045,0.04,-0.005,-0.111111111111,0.172087583664,,,,,,,,
A,baseline_capture,repeated,shared,2000,0.05,0,0.9,0.825,1,1,10000,10000,0,0.0449836,0.04125405,-0.00372955,-0.00372955,-0,0.00643850349307,6.43850349307e-05,-0.0728681028323,-0.0829091046515,-0.318593606958,0.229907161804,-0.0165,0.009,0.5909,0.00491667763841,0.581230370604,0.600499818492,0.181,0.00385018181389,0.173576732456,0.188668258504,0.4505,0.00497543716672,0.440769184231,0.460268831608,0.1088,0.00311388117949,0.102846448283,0.115053992042,0.2707,0.00444321403941,0.262080738318,0.279495363335,0.0286,0.00166679452843,0.0255097746844,0.0320522589794,0.0251561626271,0.0917,0.0028860199237,0.0861992046706,0.0975143683989,0.045,0.04125,-0.00375,-0.0833333333333,0.317620391478,,,,,,,,
A,baseline_capture,repeated,shared,2000,0.05,0,0.9,0.85,1,1,10000,10000,0,0.0449836,0.0424933,-0.0024903,-0.0024903,-0,0.0064385286654,6.4385286654e-05,-0.0451547905318,-0.0553601757085,-0.295920408163,0.25974025974,-0.015,0.01,0.5165,0.0049972767584,0.506701060223,0.526286267831,0.2381,0.00425920638148,0.229853675119,0.246547463227,0.3699,0.00482777371052,0.360489380604,0.379410535772,0.155,0.00361904683584,0.148039402715,0.162225556161,0.3339,0.00471604484712,0.324722058852,0.343205505407,0.0313,0.00174127281033,0.0280630600121,0.0348969000606,0.0253287141301,0.0673,0.00250540834995,0.062553778034,0.072378534156,0.045,0.0425,-0.0025,-0.0555555555556,0.150655537998,,,,,,,,
A,baseline_capture,repeated,shared,2000,0.05,0,0.9,0.875,1,1,10000,10000,0,0.0449836,0.0437557,-0.0012279,-0.0012279,-0,0.00650314852084,6.50314852084e-05,-0.0166533049106,-0.0272966147663,-0.274515190692,0.294871794872,-0.014,0.0115,0.4393,0.00496301833565,0.429597811397,0.449048806005,0.3013,0.00458822743551,0.29238494297,0.310367657982,0.2997,0.00458126521826,0.290799194708,0.308754635039,0.204,0.00402968981437,0.196216315177,0.212011011859,0.4094,0.00491723133481,0.399798981715,0.41907059879,0.033,0.00178636502429,0.0296741981023,0.0366844563759,0.0255033519432,0.0515,0.00221015270966,0.0473378124367,0.0560066341018,0.045,0.04375,-0.00125,-0.0277777777778,0.339835387877,,,,,,,,
A,baseline_capture,repeated,shared,2000,0.05,0,0.9,0.9,1,1,10000,10000,0,0.0449836,0.04500905,2.545e-05,2.545e-05,-0,0.00654864992033,6.54864992033e-05,0.0114865327845,0.00056576174428,-0.247314599268,0.333333333333,-0.013,0.013,0.3655,0.00481570088357,0.356114718533,0.374988577029,0.3728,0.00483549542446,0.36337314165,0.382324547536,0.2387,0.00426288998216,0.230446229676,0.247154447872,0.2566,0.00436756728626,0.248134324014,0.265252606393,0.4902,0.00499903950775,0.480407706445,0.499999819923,0.0332,0.00179158477332,0.0298639100203,0.0368945908586,0.0256746498455,0.0488,0.00215449669297,0.0447477813394,0.0531987387903,0.045,0.045,0,0,0.388629722303,,,,,,,,
A,baseline_capture,repeated,shared,2000,0.05,0,0.9,0.925,1,1,10000,10000,0,0.0449836,0.04621715,0.00123355,0.00123355,-0,0.00654204931489,6.54204931489e-05,0.038513378521,0.0274222160965,-0.223300970874,0.365853658537,-0.0115,0.014,0.2958,0.0045640153374,0.286934480705,0.304822344229,0.4373,0.00496053132235,0.427603451029,0.447044702367,0.1834,0.00386994108482,0.175937110742,0.191106037026,0.3205,0.00466668779757,0.311423884231,0.329713971184,0.5591,0.00496494904304,0.549348026465,0.568806584927,0.0362,0.00186787472813,0.0327135038897,0.0400426929989,0.0258381562737,0.0509,0.00219793516738,0.0467619559573,0.0553829513793,0.045,0.04625,0.00125,0.0277777777778,-0.251450259822,,,,,,,,
A,baseline_capture,repeated,shared,2000,0.05,0,0.9,0.95,1,1,10000,10000,0,0.0449836,0.04749915,0.00251555,0.00251555,-0,0.00663736308005,6.63736308005e-05,0.067489155375,0.055921491388,-0.20618556701,0.405405405405,-0.0105,0.0155,0.2319,0.00422045483331,0.22373195811,0.240273941816,0.5141,0.00499801150459,0.504300542573,0.523888628673,0.1298,0.00336083263493,0.123354776066,0.136529536328,0.3873,0.00487133154281,0.377797377451,0.396889175781,0.6333,0.00481903631445,0.623805350307,0.642692275728,0.0351,0.00184032578638,0.031667825249,0.0388892164361,0.0260105295095,0.0693,0.00253963599754,0.0644860013915,0.074444774805,0.045,0.0475,0.0025,0.0555555555556,0.234279785699,,,,,,,,
A,baseline_capture,repeated,shared,2000,0.05,0,0.9,0.975,1,1,10000,10000,0,0.0449836,0.04874445,0.00376085,0.00376085,-0,0.00668247692306,6.68247692306e-05,0.0954823329014,0.0836049137908,-0.183673469388,0.444444444444,-0.009,0.017,0.1791,0.00383436031171,0.171708449643,0.186738000512,0.5873,0.00492319723351,0.577618982266,0.596913971618,0.0955,0.00293904321166,0.0898939204084,0.101416734273,0.4545,0.00497925446227,0.444760170797,0.464274773054,0.7024,0.00457202624664,0.693362655514,0.711281901946,0.0295,0.0016920328011,0.0263600659501,0.0330012765167,0.026176111457,0.0892,0.00285032208706,0.0837700634835,0.0949454295779,0.045,0.04875,0.00375,0.0833333333333,0.162364945288,,,,,,,,
A,baseline_capture,repeated,shared,2000,0.05,0,0.9,1,1,1,10000,10000,0,0.0449836,0.050007,0.0050234,0.0050234,-0,0.00667804702523,6.67804702523e-05,0.123686759978,0.111671809282,-0.156862745098,0.46835443038,-0.008,0.018,0.1298,0.00336083263493,0.123354776066,0.136529536328,0.6586,0.00474179333164,0.649246938686,0.667831257031,0.0681,0.00251917426948,0.063326520985,0.0732051768076,0.5303,0.00499081065559,0.520508427069,0.540068302629,0.7647,0.00424186173749,0.756285434373,0.77291127689,0.0296,0.00169481090391,0.0264545937508,0.0331066719163,0.0263424719001,0.1147,0.00318659551873,0.108601788825,0.12109412032,0.045,0.05,0.005,0.111111111111,0.350401845204,,,,,,,,
A,independent_recording,paired,independent,2000,0.05,0,0.8,0.6,1,1,10000,10000,0,0.0399657,0.0299802,-0.0099855,-0.0099855,-0,0.00330569697844,3.30569697844e-05,-0.247986294183,-0.249851747874,-0.385730519481,-0.1,-0.0165,-0.0035,0.9939,0.000778639197575,0.992172789569,0.99524789684,0.0001,9.9994999875e-05,1.76526736011e-05,0.000566268897401,0.9757,0.0015397892713,0.972494455726,0.978540208224,0,0,0,0.000383998370677,0.0009,0.000299864969611,0.000473577060585,0.00170973011302,0.0003,0.000173179098046,0.000102032199418,0.000881735772236,0.0129235687628,0.8678,0.00338708074896,0.861019981344,0.874297549454,0.04,0.03,-0.01,-0.25,0.438636695819,,,,,,,,
A,independent_recording,paired,independent,2000,0.05,0,0.8,0.625,1,1,10000,10000,0,0.03999945,0.031226,-0.00877345,-0.00877345,-0,0.00325864419256,3.25864419256e-05,-0.217271501908,-0.219339265915,-0.354173259494,-0.0675675675676,-0.0155,-0.0025,0.9848,0.00122347701245,0.982209110434,0.987018564746,0.0004,0.000199959995999,0.000155562836623,0.00102812833536,0.9448,0.0022837022573,0.940150824477,0.949107570572,0,0,0,0.000383998370677,0.0014,0.000373903730925,0.000834162028875,0.00234876114636,0.0022,0.000468525346166,0.00145334957779,0.00332895920005,0.012718516142,0.78,0.00414246303544,0.771774249069,0.788010711844,0.04,0.03125,-0.00875,-0.21875,-0.719624439316,,,,,,,,
A,independent_recording,paired,independent,2000,0.05,0,0.8,0.65,1,1,10000,10000,0,0.03998065,0.0324925,-0.00748815,-0.00748815,-0,0.00325033706661,3.25033706661e-05,-0.185247013079,-0.187294353644,-0.325301204819,-0.0350877192982,-0.014,-0.0015,0.9617,0.00191919540433,0.957757699759,0.965287716146,0.0011,0.000331480014481,0.00061435065423,0.00196880292003,0.872,0.00334089808285,0.865308811784,0.878405493428,0.0002,0.000141407213395,5.48489273209e-05,0.000728995844007,0.007,0.000833726573884,0.00554461930955,0.00883400308393,0.0037,0.000607149899119,0.00268564803775,0.00509550874498,0.01248253596,0.6557,0.00475139463737,0.646329245302,0.664951177605,0.04,0.0325,-0.0075,-0.1875,0.364577573253,,,,,,,,
A,independent_recording,paired,independent,2000,0.05,0,0.8,0.675,1,1,10000,10000,0,0.0399841,0.03372085,-0.00626325,-0.00626325,-0,0.00315606091664,3.15606091664e-05,-0.154379795531,-0.156643515798,-0.294871794872,0,-0.0125,0,0.9202,0.0027098332052,0.914726037294,0.925351250476,0.0048,0.000691155554127,0.00362249223385,0.00635781975247,0.7763,0.00416723301484,0.768027153731,0.784360648769,0.0012,0.000346202253026,0.00068660431877,0.00209647245582,0.0183,0.00134033988227,0.0158519532884,0.0211179907419,0.0081,0.000896347588829,0.00652228990586,0.0100554876912,0.0122651187054,0.5188,0.00499646434992,0.509001768401,0.52858379326,0.04,0.03375,-0.00625,-0.15625,-0.419827131033,,,,,,,,
A,independent_recording,paired,independent,2000,0.05,0,0.8,0.7,1,1,10000,10000,0,0.03996745,0.0349391,-0.00502835,-0.00502835,-0,0.00309256813591,3.09256813591e-05,-0.12358831933,-0.125811128806,-0.263157894737,0.0298507462687,-0.011,0.001,0.8499,0.00357169413584,0.84276530175,0.85676597619,0.0136,0.00115823313715,0.0115094452378,0.0160641083772,0.6414,0.00479589449425,0.63194757022,0.650743835041,0.0032,0.000564779603031,0.00226771385379,0.00451382692731,0.0461,0.00209701669044,0.0421613141099,0.050387279611,0.0155,0.00123530360641,0.0132582225255,0.0181138718957,0.0120389879941,0.3704,0.00482911834603,0.360986554722,0.379912977656,0.04,0.035,-0.005,-0.125,-0.916713836334,,,,,,,,
A,independent_recording,paired,independent,2000,0.05,0,0.8,0.725,1,1,10000,10000,0,0.0399713,0.0362046,-0.0037667,-0.0037667,-0,0.00302573736776,3.02573736776e-05,-0.0920349352593,-0.0942351136941,-0.22972972973,0.0571428571429,-0.0095,0.002,0.7307,0.00443596111345,0.721918305621,0.73930451753,0.0309,0.00173046785581,0.0276843491466,0.0344759181248,0.4636,0.00498673279814,0.453842027604,0.473385927477,0.0072,0.000845467917783,0.00572169385772,0.00905677493642,0.089,0.00284743744444,0.083575788567,0.0947398580937,0.0329,0.00178374858094,0.0295793549602,0.0365793763177,0.0118040167544,0.2375,0.00425551113264,0.229261143375,0.24594045577,0.04,0.03625,-0.00375,-0.09375,-0.551931577999,,,,,,,,
A,independent_recording,paired,independent,2000,0.05,0,0.8,0.75,1,1,10000,10000,0,0.0399684,0.0374585,-0.0025099,-0.0025099,-0,0.00294645891742,2.94645891742e-05,-0.0604316485715,-0.0627971097167,-0.195408545727,0.0945945945946,-0.0085,0.0035,0.5735,0.00494568246049,0.563780236817,0.583163315423,0.0673,0.00250540834995,0.062553778034,0.072378534156,0.2999,0.00458213912927,0.290997406123,0.308956270025,0.0215,0.00145043958854,0.0188355467219,0.0245319397188,0.1713,0.00376770898558,0.164041985483,0.178810455046,0.0494,0.00216701730496,0.0453230456055,0.0538230137261,0.0115515630782,0.133,0.00339574734042,0.126485170747,0.139796684057,0.04,0.0375,-0.0025,-0.0625,-0.33599653949,,,,,,,,
A,independent_recording,paired,independent,2000,0.05,0,0.8,0.775,1,1,10000,10000,0,0.0399467,0.0386903,-0.0012564,-0.0012564,-0,0.00290938232114,2.90938232114e-05,-0.028861516973,-0.0314519096696,-0.164837997054,0.123076923077,-0.007,0.0045,0.3981,0.00489506271666,0.388546745243,0.407731513625,0.1386,0.00345528638466,0.131966418493,0.145511135529,0.1649,0.00371090272036,0.15775570035,0.172301655358,0.044,0.00205095099893,0.0401522723365,0.0481979341775,0.3005,0.00458475462811,0.29159205258,0.30956116277,0.065,0.00246525860712,0.0603332619792,0.0700008166033,0.0112975932933,0.0741,0.00261933560278,0.0691281224201,0.0793989673921,0.04,0.03875,-0.00125,-0.03125,-0.219977964171,,,,,,,,
A,independent_recording,paired,independent,2000,0.05,0,0.8,0.8,1,1,10000,10000,0,0.0399771,0.0399409,-3.62e-05,-3.62e-05,-0,0.00279339754904,2.79339754904e-05,0.00164827872816,-0.000905518409289,-0.130952380952,0.148648648649,-0.0055,0.0055,0.2343,0.00423560515157,0.226101361808,0.242702694926,0.2411,0.00427750850379,0.232816674845,0.249582159511,0.0697,0.00254640746936,0.0648725908874,0.0748578781104,0.0852,0.00279179082311,0.0798862054581,0.0908323595903,0.4586,0.00498283092228,0.448851590719,0.468380204346,0.0731,0.00260300576258,0.0681604775185,0.0783673802904,0.0110395508965,0.05,0.00217944947177,0.0458984826906,0.054447115843,0.04,0.04,0,0,-1.29591292913,,,,,,,,
A,independent_recording,paired,independent,2000,0.05,0,0.8,0.825,1,1,10000,10000,0,0.0399707,0.04122755,0.00125685,0.00125685,-0,0.0027753149938,2.7753149938e-05,0.0340303244135,0.0314442829373,-0.0987654320988,0.183098591549,-0.004,0.007,0.1129,0.00316470519954,0.106845347377,0.119251944161,0.4028,0.00490461170736,0.393226235701,0.412448413583,0.0242,0.00153669645669,0.0213658773938,0.0273995354558,0.17,0.0037563279942,0.162764774887,0.177488664037,0.6437,0.00478905324673,0.634260087672,0.653029551196,0.0696,0.00254471688013,0.0647759390571,0.0747546067403,0.010783121272,0.0751,0.00263552632315,0.07009603942,0.0804302823954,0.04,0.04125,0.00125,0.03125,0.246818830126,,,,,,,,
A,independent_recording,paired,independent,2000,0.05,0,0.8,0.85,1,1,10000,10000,0,0.03996155,0.0424632,0.00250165,0.00250165,-0,0.00270678867812,2.70678867812e-05,0.0654223645763,0.0626014256204,-0.0645161290323,0.2125,-0.003,0.008,0.0433,0.00203531594599,0.0394831383324,0.0474676057794,0.5732,0.00494612737402,0.563479480508,0.582864302131,0.0059,0.000765845284637,0.00457704650214,0.00760242068776,0.2992,0.0045790758893,0.290303675084,0.308250538662,0.7971,0.00402158662719,0.789104436897,0.804867391271,0.0498,0.00217531514958,0.0457066513098,0.0542391008232,0.0105087029341,0.1579,0.0036464721307,0.150884576711,0.165178154975,0.04,0.0425,0.0025,0.0625,0.060957843268,,,,,,,,
A,independent_recording,paired,independent,2000,0.05,0,0.8,0.875,1,1,10000,10000,0,0.03997135,0.04371605,0.0037447,0.0037447,-0,0.00263138068824,2.63138068824e-05,0.0963830168818,0.0936846015959,-0.0333426966292,0.242857142857,-0.0015,0.009,0.0122,0.00109777775529,0.0102279829135,0.0145466458969,0.7419,0.00437589293745,0.733231661991,0.750382559597,0.0008,0.000282729552753,0.000405433719897,0.00157795025339,0.4599,0.00498389395955,0.450149009209,0.469681787461,0.9097,0.00286611077944,0.903924077601,0.915161274134,0.0291,0.0016808685255,0.0259820558887,0.0325795937769,0.0102279334666,0.311,0.00462902797572,0.302001299371,0.320143852014,0.04,0.04375,0.00375,0.09375,-0.201415174311,,,,,,,,
A,independent_recording,paired,independent,2000,0.05,0,0.8,0.9,1,1,10000,10000,0,0.0399976,0.04498735,0.00498975,0.00498975,-0,0.0025272927528,2.5272927528e-05,0.127580938612,0.124751235074,0,0.272727272727,0,0.01,0.0019,0.000435475602072,0.00121674415963,0.00296579501724,0.8798,0.00325195264418,0.873280002542,0.886028312296,0,0,0,0.000383998370677,0.6362,0.00481092049404,0.626720134027,0.645575264817,0.9739,0.0015943271308,0.970588504118,0.976847542226,0.0111,0.00104770177054,0.00922610769453,0.0133493659123,0.00992970522477,0.5156,0.00499756580747,0.505800839622,0.525387179629,0.04,0.045,0.005,0.125,-0.405572325906,,,,,,,,
A,independent_recording,paired,independent,2000,0.05,0,0.8,0.925,1,1,10000,10000,0,0.0399642,0.04621415,0.00624995,0.00624995,-0,0.00246759172036,2.46759172036e-05,0.159397904376,0.156388717903,0.0365853658537,0.304347826087,0.0015,0.011,0.0003,0.000173179098046,0.000102032199418,0.000881735772236,0.9588,0.00198752509418,0.954725109257,0.962522533838,0,0,0,0.000383998370677,0.8035,0.00397350915439,0.795596144947,0.811170768042,0.9954,0.000676671264352,0.993870194285,0.99654934013,0.0025,0.000499374608886,0.00169399761116,0.00368808076766,0.00963801010588,0.7457,0.00435467002194,0.737071772501,0.7541395307,0.04,0.04625,0.00625,0.15625,-0.0020262671327,,,,,,,,
A,independent_recording,paired,independent,2000,0.05,0,0.8,0.95,1,1,10000,10000,0,0.0399971,0.0474707,0.0074736,0.0074736,-0,0.00240428390547,2.40428390547e-05,0.189944468629,0.186853546882,0.070584092792,0.329509803922,0.003,0.0125,0,0,0,0.000383998370677,0.991,0.000944404574322,0.988951233693,0.992671679907,0,0,0,0.000383998370677,0.9196,0.00271911456176,0.914108095392,0.924769653175,0.9992,0.000282729552753,0.998422049747,0.99959456628,0.0003,0.000173179098046,0.000102032199418,0.000881735772236,0.00932031589916,0.9131,0.00281688462668,0.907419159134,0.918463581412,0.04,0.0475,0.0075,0.1875,-1.09804004177,,,,,,,,
A,independent_recording,paired,independent,2000,0.05,0,0.8,0.975,1,1,10000,10000,0,0.0399509,0.0487184,0.0087675,0.0087675,-0,0.00231892895388,2.31892895388e-05,0.22249074259,0.219456883324,0.10752688172,0.3625,0.0045,0.0135,0,0,0,0.000383998370677,0.9994,0.00024487547856,0.998691475904,0.999724986524,0,0,0,0.000383998370677,0.9826,0.00130756414757,0.979845703032,0.98498366174,1,0,0.999616001629,1,0,0,0,0.000383998370677,0.00901538090845,0.9889,0.00104770177054,0.986650634088,0.990773892305,0.04,0.04875,0.00875,0.21875,0.754658738928,,,,,,,,
A,independent_recording,paired,independent,2000,0.05,0,0.8,1,1,1,10000,10000,0,0.03995595,0.04997255,0.0100166,0.0100166,-0,0.00221387998014,2.21387998014e-05,0.254034711145,0.250691073545,0.142857142857,0.394366197183,0.006,0.0145,0,0,0,0.000383998370677,1,0,0.999616001629,1,0,0,0,0.000383998370677,0.9975,0.000499374608886,0.996311919232,0.998306002389,1,0,0.999616001629,1,0,0,0,0.000383998370677,0.00867503892857,1,0,0.999616001629,1,0.04,0.05,0.01,0.25,0.749814811504,,,,,,,,
A,independent_recording,repeated,independent,2000,0.05,0,0.8,0.6,1,1,10000,10000,0,0.0399724,0.0300562,-0.0099162,-0.0099162,-0,0.00585606582192,5.85606582192e-05,-0.238670201586,-0.248076172559,-0.467391304348,0.0434782608696,-0.0215,0.0015,0.9183,0.00273907119294,0.912769520515,0.923509226448,0.0227,0.00148945325539,0.0199588192339,0.0258077456107,0.8566,0.00350480299018,0.849593732611,0.863332399751,0.0121,0.0010933247459,0.0101367110038,0.0144379946063,0.039,0.0019359493795,0.0353792328169,0.0429748136809,0.0077,0.000874111548946,0.00616574404327,0.0096123407525,0.022752898461,0.401,0.00490101009997,0.391433981799,0.410642049879,0.04,0.03,-0.01,-0.25,1.43099484446,,,,,,,,
A,independent_recording,repeated,independent,2000,0.05,0,0.8,0.625,1,1,10000,10000,0,0.0399724,0.03129575,-0.00867665,-0.00867665,-0,0.00591625472613,5.91625472613e-05,-0.207275190323,-0.217066025558,-0.444444444444,0.0882446016381,-0.0205,0.003,0.8786,0.00326591549186,0.87205311953,0.884856116904,0.039,0.0019359493795,0.0353792328169,0.0429748136809,0.8005,0.0039962451126,0.792552765859,0.808216451121,0.0204,0.00141364210464,0.017807894923,0.0233604363141,0.0651,0.00246702229418,0.0604297708686,0.0701042309142,0.0118,0.00107984998958,0.00986311937649,0.0141118166326,0.0229484040069,0.3107,0.00462780196205,0.301703816052,0.319841565731,0.04,0.03125,-0.00875,-0.21875,1.23980462971,,,,,,,,
A,independent_recording,repeated,independent,2000,0.05,0,0.8,0.65,1,1,10000,10000,0,0.0399724,0.0325187,-0.0074537,-0.0074537,-0,0.00597469463718,5.97469463718e-05,-0.176216094992,-0.186471165104,-0.417582417582,0.132352941176,-0.019,0.0045,0.8315,0.00374309697977,0.824036673471,0.83870873561,0.0635,0.00243860103338,0.0588860241318,0.0684492064458,0.7352,0.00441226653773,0.726462988926,0.743756378241,0.036,0.00186290096355,0.032523311926,0.039833038562,0.0993,0.0029906439106,0.0935914197234,0.105316316571,0.0146,0.00119945154133,0.01242858336,0.0171442022583,0.0231392957331,0.2445,0.00429790355871,0.23617542146,0.253020801707,0.04,0.0325,-0.0075,-0.1875,0.774935001897,,,,,,,,
A,independent_recording,repeated,independent,2000,0.05,0,0.8,0.675,1,1,10000,10000,0,0.0399724,0.03381895,-0.00615345,-0.00615345,-0,0.00601698001512,6.01698001512e-05,-0.143301731368,-0.153942470305,-0.389477101846,0.164184215907,-0.018,0.0055,0.7624,0.00425612781763,0.753958374734,0.770640102921,0.0926,0.0028987107479,0.0870740093245,0.098438872548,0.6488,0.00477345325734,0.639388686539,0.658097035546,0.0541,0.00226214919932,0.0498350396272,0.0587074101198,0.1462,0.00353306609052,0.139411173127,0.15326054412,0.0196,0.00138621210498,0.0170618120835,0.0225071335511,0.0233399157577,0.1825,0.00386256067914,0.175051911472,0.190191927493,0.04,0.03375,-0.00625,-0.15625,1.60462557225,,,,,,,,
A,independent_recording,repeated,independent,2000,0.05,0,0.8,0.7,1,1,10000,10000,0,0.0399724,0.0350255,-0.0049469,-0.0049469,-0,0.00604550537205,6.04550537205e-05,-0.112846851337,-0.123757892946,-0.366344884488,0.2,-0.017,0.0065125,0.6924,0.00461499989166,0.683282320198,0.701369917229,0.1332,0.00339790759145,0.126680863319,0.140000837886,0.5686,0.00495271683019,0.558868339293,0.578278976131,0.0816,0.00273754342431,0.0763938032588,0.0871275265778,0.1965,0.00397350915439,0.188829231958,0.204403855053,0.0242,0.00153669645669,0.0213658773938,0.0273995354558,0.0235238795571,0.1335,0.00340114319016,0.12697441153,0.140307059276,0.04,0.035,-0.005,-0.125,0.878338480113,,,,,,,,
A,independent_recording,repeated,independent,2000,0.05,0,0.8,0.725,1,1,10000,10000,0,0.0399724,0.0363007,-0.0036717,-0.0036717,-0,0.00609089722561,6.09089722561e-05,-0.0805719106585,-0.0918558805576,-0.340425531915,0.245907944515,-0.016,0.008,0.6145,0.00486713211245,0.604918358927,0.623993705446,0.184,0.00387484193226,0.17652728162,0.19171540535,0.4773,0.00499484444202,0.467520877465,0.487096556061,0.1182,0.00322844792431,0.112018485367,0.124674735788,0.2597,0.00438469964764,0.251199576115,0.268384973502,0.0278,0.00164399391726,0.0247546750246,0.0312079730367,0.0237163680116,0.0932,0.00290712504031,0.0876573029338,0.0990551181406,0.04,0.03625,-0.00375,-0.09375,1.28552489231,,,,,,,,
A,independent_recording,repeated,independent,2000,0.05,0,0.8,0.75,1,1,10000,10000,0,0.0399724,0.03754595,-0.00242645,-0.00242645,-0,0.00612379094018,6.12379094018e-05,-0.0489652869869,-0.0607031351633,-0.315802900107,0.283832046332,-0.0145,0.0095,0.5279,0.00499220983133,0.518106607913,0.537671964978,0.2406,0.00427447821377,0.232322802265,0.24907641609,0.3906,0.00487884863467,0.38108138566,0.400202633184,0.1558,0.00362665631126,0.148824192397,0.163040152082,0.3349,0.00471955495783,0.325714799288,0.344211996974,0.0291,0.0016808685255,0.0259820558887,0.0325795937769,0.0239026705903,0.0744,0.00262420730888,0.0694184691794,0.0797083902337,0.04,0.0375,-0.0025,-0.0625,1.2010534115,,,,,,,,
A,independent_recording,repeated,independent,2000,0.05,0,0.8,0.775,1,1,10000,10000,0,0.0399724,0.038815,-0.0011574,-0.0011574,-0,0.00618786750104,6.18786750104e-05,-0.0168475875763,-0.0289549789355,-0.288888888889,0.328130830224,-0.0135,0.011,0.443,0.00496740374844,0.433287800326,0.452755975489,0.3103,0.00462616374548,0.301307178544,0.319438510438,0.3179,0.00465660380535,0.308844634934,0.327095217272,0.2141,0.0041019652607,0.206170875035,0.222248695233,0.4117,0.00492141351646,0.402089906367,0.421377907746,0.0325,0.00177323856263,0.0292000687178,0.0361589697588,0.0240901547185,0.0567,0.00231268480343,0.0523351220523,0.0614053309031,0.04,0.03875,-0.00125,-0.03125,1.49647677466,,,,,,,,
A,independent_recording,repeated,independent,2000,0.05,0,0.8,0.8,1,1,10000,10000,0,0.0399724,0.04004225,6.985e-05,6.985e-05,-0,0.00622562621908,6.22562621908e-05,0.0142292163111,0.00174745574446,-0.268525985663,0.358208955224,-0.0125,0.012,0.3637,0.00481063727587,0.354325328352,0.373179349604,0.3807,0.00485558966553,0.371230747246,0.390260874765,0.2465,0.00430973026998,0.238151488441,0.255043198733,0.2701,0.00444011249857,0.261487043812,0.278889518639,0.4897,0.00499893898743,0.479908095347,0.499499815019,0.031,0.00173317627494,0.0277790128566,0.0345811776151,0.0242696816031,0.0524,0.00222832313635,0.0482019017908,0.0569418535506,0.04,0.04,0,0,1.12197548555,,,,,,,,
A,independent_recording,repeated,independent,2000,0.05,0,0.8,0.825,1,1,10000,10000,0,0.0399724,0.0413316,0.0013592,0.0013592,-0,0.00625935246725,6.25935246725e-05,0.0468628254326,0.034003462389,-0.236559139785,0.4,-0.011,0.0135,0.2944,0.00455772574866,0.285547338093,0.303410562037,0.4674,0.00498936108134,0.457635420042,0.477189616652,0.1902,0.00392458864086,0.182627467274,0.198010458116,0.347,0.00476015756042,0.337730620824,0.356386882677,0.5695,0.00495146190534,0.559770451876,0.57917617235,0.0303,0.00171411522366,0.0271165660693,0.0338441620002,0.0244564638338,0.0549,0.00227784964385,0.0506040005642,0.0595378347853,0.04,0.04125,0.00125,0.03125,1.74458940555,,,,,,,,
A,independent_recording,repeated,independent,2000,0.05,0,0.8,0.85,1,1,10000,10000,0,0.0399724,0.04257615,0.00260375,0.00260375,-0,0.00631190501766,6.31190501766e-05,0.078358240115,0.0651386957,-0.212121212121,0.436663129462,-0.01,0.015,0.2232,0.00416391354377,0.215146044976,0.231466536522,0.5344,0.00498815236335,0.524612059828,0.544161521084,0.1365,0.00343318729463,0.129910504163,0.143368662653,0.4163,0.00492944530348,0.406672407119,0.425991874208,0.6456,0.00478331098717,0.636170606018,0.654917573657,0.0295,0.0016920328011,0.0263600659501,0.0330012765167,0.0246347148869,0.0706,0.00256155499648,0.0657425899049,0.0757871878959,0.04,0.0425,0.0025,0.0625,1.64371928458,,,,,,,,
A,independent_recording,repeated,independent,2000,0.05,0,0.8,0.875,1,1,10000,10000,0,0.0399724,0.0437955,0.0038231,0.0038231,-0,0.00641796115698,6.41796115698e-05,0.109600144486,0.0956434940109,-0.192771084337,0.486959188225,-0.0085125,0.0165,0.1743,0.00379367249509,0.166989982566,0.181860153973,0.6049,0.00488872161204,0.595279755452,0.614439681689,0.0996,0.00299465924606,0.0938834418476,0.105624064048,0.4837,0.00499734239371,0.473913526801,0.493498991546,0.7155,0.00451175963456,0.70657567269,0.724258824012,0.025,0.0015612494996,0.0221175615855,0.0282472368666,0.0248082754472,0.0948,0.00292938491837,0.0892131013003,0.100698090979,0.04,0.04375,0.00375,0.09375,1.1389910006,,,,,,,,
A,independent_recording,repeated,independent,2000,0.05,0,0.8,0.9,1,1,10000,10000,0,0.0399724,0.04502415,0.00505175,0.00505175,-0,0.00641543940224,6.41543940224e-05,0.140472046854,0.126380952857,-0.159574468085,0.521126760563,-0.0075,0.0175,0.1317,0.00338164323961,0.125213291311,0.138469561888,0.6774,0.00467471111407,0.668171119298,0.68649263808,0.0679,0.0025157422364,0.063133316774,0.072998534618,0.5628,0.00496040482219,0.553055507025,0.572496262779,0.7702,0.00420704124059,0.761851524746,0.778340962534,0.0213,0.00144382512792,0.0186485530354,0.0243190870047,0.0249806635225,0.1254,0.00331171919099,0.11905264779,0.13203504379,0.04,0.045,0.005,0.125,0.806647787554,,,,,,,,
A,independent_recording,repeated,independent,2000,0.05,0,0.8,0.925,1,1,10000,10000,0,0.0399724,0.04635,0.0063776,0.0063776,-0,0.00648072281592,6.48072281592e-05,0.174159190677,0.159550089562,-0.138305772067,0.565217391304,-0.0065,0.019,0.0937,0.00291410895472,0.0881434357192,0.0995686013568,0.7459,0.00435354097259,0.737273907187,0.754337242414,0.0468,0.00211210227025,0.0428315214626,0.0511165346606,0.639,0.00480290537071,0.629534758889,0.648358489564,0.824,0.00380820167533,0.816412042546,0.83133912651,0.022,0.00146683332386,0.0193033081769,0.0250637942655,0.0251653589494,0.1693,0.00375016679629,0.162077110663,0.17677686586,0.04,0.04625,0.00625,0.15625,1.9689161784,,,,,,,,
A,independent_recording,repeated,independent,2000,0.05,0,0.8,0.95,1,1,10000,10000,0,0.0399724,0.04758385,0.00761145,0.00761145,-0,0.00650184060791,6.50184060791e-05,0.205319583828,0.19041763817,-0.113636363636,0.603181444992,-0.0055,0.0205,0.0656,0.00247581582514,0.0609123640121,0.0706212537724,0.8012,0.00399097181148,0.793262825462,0.80890585392,0.0319,0.00175733861279,0.0286314025877,0.0355280966869,0.7044,0.00456311998527,0.695379332751,0.713263688715,0.8738,0.00332074630166,0.867147585108,0.88016533771,0.0151,0.00121950768755,0.0128892254929,0.0176831761269,0.0253352508896,0.2161,0.00411583272255,0.208142945474,0.224275088801,0.04,0.0475,0.0075,0.1875,1.71412999366,,,,,,,,
A,independent_recording,repeated,independent,2000,0.05,0,0.8,0.975,1,1,10000,10000,0,0.0399724,0.04885085,0.00887845,0.00887845,-0,0.00650388965586,6.50388965586e-05,0.237175101533,0.222114509011,-0.0792163591359,0.630769230769,-0.0035,0.0215,0.043,0.00202857092555,0.0391964531102,0.0471545214006,0.8486,0.00358438335003,0.841440949415,0.855491326921,0.0176,0.00131492357192,0.0152018828931,0.020368598735,0.7577,0.00428474865074,0.749204120024,0.765997967216,0.9099,0.00286324972715,0.90412960293,0.915355595205,0.0115,0.00106619651097,0.00958987375405,0.0137852926541,0.025507924427,0.2786,0.00448310205104,0.269899574517,0.287470459962,0.04,0.04875,0.00875,0.21875,1.97497200593,,,,,,,,
A,independent_recording,repeated,independent,2000,0.05,0,0.8,1,1,1,10000,10000,0,0.0399724,0.05003945,0.01006705,0.01006705,-0,0.00657925968201,6.57925968201e-05,0.267362006867,0.251850026518,-0.0659523809524,0.675685192234,-0.003,0.023,0.0337,0.00180455839473,0.0303383376228,0.0374197792577,0.8847,0.00319383640783,0.878291930335,0.890812621318,0.0143,0.00118724513054,0.0121525332635,0.0168204827538,0.8123,0.00390472419,0.804527488357,0.819832666261,0.9323,0.0025123039227,0.927208119854,0.937059875155,0.0092,0.000954743944731,0.00750809330645,0.0112688394942,0.0256687229817,0.3424,0.00474512634184,0.333161830293,0.351759205994,0.04,0.05,0.01,0.25,1.01911162107,,,,,,,,
C,sample_size,paired,shared,500,,0,,,,,10000,10000,0,0.59276270589,0.444549005135,-0.148213700755,-0.148213700755,0,0.0296153697342,0.000296153697342,-0.250048480055,-0.250038842326,-0.345238095238,-0.159090909091,-0.207407407407,-0.0915032679739,0,0,0,0.000383998370677,1,0,0.999616001629,1,0,0,0,0.000383998370677,0.9998,0.000141407213395,0.999271004156,0.999945151073,1,0,0.999616001629,1,0,0,0,0.000383998370677,,,,,,0.592720970537,0.444540727903,-0.148180242634,-0.25,-0.11297552805,0.3,0.75,0.8,0.6,0.95,0.95,0.005,0.005
C,sample_size,paired,shared,500,,0,,,,,10000,10000,0,0.59276270589,0.463105910189,-0.129656795701,-0.129656795701,0,0.028000598928,0.00028000598928,-0.218738610595,-0.218733051882,-0.309862676056,-0.132530120482,-0.186206896552,-0.0758620689655,0,0,0,0.000383998370677,1,0,0.999616001629,1,0,0,0,0.000383998370677,0.9972,0.000528408932551,0.995956157751,0.998061994269,1,0,0.999616001629,1,0,0,0,0.000383998370677,,,,,,0.592720970537,0.463063258232,-0.129657712305,-0.21875,0.00327351460121,0.3,0.75,0.8,0.625,0.95,0.95,0.005,0.005
C,sample_size,paired,shared,500,,0,,,,,10000,10000,0,0.59276270589,0.481640094912,-0.111122610978,-0.111122610978,0,0.026203066054,0.00026203066054,-0.187470149371,-0.187465590992,-0.27397260274,-0.107142857143,-0.164383561644,-0.0615384615385,0,0,0,0.000383998370677,0.9999,9.9994999875e-05,0.999433731103,0.999982347326,0,0,0,0.000383998370677,0.9833,0.00128144878946,0.980596453738,0.985632373436,1,0,0.999616001629,1,0,0,0,0.000383998370677,,,,,,0.592720970537,0.481585788562,-0.111135181976,-0.1875,0.0479752934558,0.3,0.75,0.8,0.65,0.95,0.95,0.005,0.005
C,sample_size,paired,shared,500,,0,,,,,10000,10000,0,0.59276270589,0.500154451422,-0.0926082544677,-0.0926082544677,0,0.0241716234542,0.000241716234542,-0.156240843629,-0.15623158061,-0.238095238095,-0.0821917808219,-0.141845169638,-0.0472440944882,0,0,0,0.000383998370677,0.9984,0.000399679871898,0.997402363084,0.99901486734,0,0,0,0.000383998370677,0.9264,0.00261118823527,0.921116791829,0.931355734361,1,0,0.999616001629,1,0,0,0,0.000383998370677,,,,,,0.592720970537,0.500108318891,-0.0926126516464,-0.15625,0.0181914913756,0.3,0.75,0.8,0.675,0.95,0.95,0.005,0.005
C,sample_size,paired,shared,500,,0,,,,,10000,10000,0,0.59276270589,0.51868395267,-0.0740787532204,-0.0740787532204,0,0.0218320627855,0.000218320627855,-0.1249776615,-0.124972020818,-0.2,-0.0581395348837,-0.119718309859,-0.0335570469799,0,0,0,0.000383998370677,0.9872,0.0011241067565,0.984802199984,0.989223632004,0,0,0,0.000383998370677,0.7497,0.00433185768464,0.741114919325,0.758093311889,1,0,0.999616001629,1,0,0,0,0.000383998370677,,,,,,0.592720970537,0.51863084922,-0.0740901213172,-0.125,0.0520706490207,0.3,0.75,0.8,0.7,0.95,0.95,0.005,0.005
C,sample_size,paired,shared,500,,0,,,,,10000,10000,0,0.59276270589,0.537201953799,-0.0555607520912,-0.0555607520912,0,0.0190771255483,0.000190771255483,-0.0937363029205,-0.0937318619055,-0.160504469987,-0.0357142857143,-0.095245677889,-0.0206896551724,0,0,0,0.000383998370677,0.9227,0.00267066864287,0.917301758092,0.927773609685,0,0,0,0.000383998370677,0.402,0.00490301947783,0.392429661791,0.41164560189,0.9998,0.000141407213395,0.999271004156,0.999945151073,0.0002,0.000141407213395,5.48489273209e-05,0.000728995844007,,,,,,0.592720970537,0.537153379549,-0.0555675909879,-0.09375,0.0358486745228,0.3,0.75,0.8,0.725,0.95,0.95,0.005,0.005
C,sample_size,paired,shared,500,,0,,,,,10000,10000,0,0.59276270589,0.55571878214,-0.0370439237504,-0.0370439237504,0,0.0157334134679,0.000157334134679,-0.0624962245727,-0.0624936815058,-0.119047619048,-0.0131578947368,-0.0704225352113,-0.00746268656716,0,0,0,0.000383998370677,0.662,0.00473028540365,0.65266817473,0.671207409798,0,0,0,0.000383998370677,0.0847,0.00278434749986,0.0794009715006,0.090317977546,0.995,0.000705336798983,0.993414742684,0.996205098929,0.0051,0.000712319450808,0.00388131108356,0.00669877050373,,,,,,0.592720970537,0.555675909879,-0.0370450606586,-0.0625,0.00722607461507,0.3,0.75,0.8,0.75,0.95,0.95,0.005,0.005
C,sample_size,paired,shared,500,,0,,,,,10000,10000,0,0.59276270589,0.57425722415,-0.0185054817395,-0.0185054817395,0,0.0112372239094,0.000112372239094,-0.0312251695235,-0.0312190385051,-0.0731707317073,0,-0.0431654676259,0,0,0,0,0.000383998370677,0.1591,0.00365769312545,0.152062139523,0.166399670566,0,0,0,0.000383998370677,0.0017,0.00041195994951,0.00106170736112,0.0027209854151,0.9307,0.00253963599754,0.925555225195,0.935513998609,0.0763,0.00265477513172,0.0712578919928,0.0816675082266,,,,,,0.592720970537,0.574198440208,-0.0185225303293,-0.03125,0.151715315886,0.3,0.75,0.8,0.775,0.95,0.95,0.005,0.005
C,sample_size,paired,shared,500,,0,,,,,10000,10000,0,0.592702054324,0.592702054324,0,0,0,0,0,0,0,0,0,0,0,0,0,0,0.000383998370677,0,0,0,0.000383998370677,0,0,0,0.000383998370677,0,0,0,0.000383998370677,0,0,0,0.000383998370677,1,0,0.999616001629,1,,,,,,0.592720970537,0.592720970537,0,0,0,0.3,0.75,0.8,0.8,0.95,0.95,0.005,0.005
C,sample_size,paired,shared,500,,0,,,,,10000,10000,0,0.592766415741,0.611223173311,0.0184567575701,0.0184567575701,0,0.0111865455049,0.000111865455049,0.0315195709965,0.0311366451943,0,0.0759493670886,0,0.0428571428571,0.168,0.00373866286258,0.160800140783,0.175454834135,0,0,0,0.000383998370677,0.003,0.000546900356555,0.00210228769405,0.0042794066864,0,0,0,0.000383998370677,0,0,0,0.000383998370677,0.0793,0.00270206421093,0.0741641526532,0.0847589435759,,,,,,0.592720970537,0.611243500867,0.0185225303293,0.03125,-0.587963095571,0.3,0.75,0.8,0.825,0.95,0.95,0.005,0.005
C,sample_size,paired,shared,500,,0,,,,,10000,10000,0,0.592468590472,0.629628596108,0.0371600056357,0.0371600056357,0,0.0157341829142,0.000157341829142,0.0634742378775,0.0627206340274,0.0128205128205,0.12676056338,0.00763358778626,0.0705128205128,0.6544,0.00475563497338,0.64502143855,0.663659982753,0,0,0,0.000383998370677,0.1047,0.00306166474324,0.0988502742237,0.110853314888,0,0,0,0.000383998370677,0,0,0,0.000383998370677,0.0054,0.00073286015037,0.0041413174551,0.00703853373317,,,,,,0.592720970537,0.629766031196,0.0370450606586,0.0625,0.730543033378,0.3,0.75,0.8,0.85,0.95,0.95,0.005,0.005
C,sample_size,paired,shared,500,,0,,,,,10000,10000,0,0.592851280177,0.648365244874,0.0555139646967,0.0555139646967,0,0.0192499394931,0.000192499394931,0.0947523084819,0.0936389387236,0.0333333333333,0.172839506173,0.0206896551724,0.0958904109589,0.9079,0.0028916706244,0.902074720648,0.913412013481,0,0,0,0.000383998370677,0.4098,0.004917966653,0.400197387758,0.419471885548,0,0,0,0.000383998370677,0,0,0,0.000383998370677,0.0002,0.000141407213395,5.48489273209e-05,0.000728995844007,,,,,,0.592720970537,0.648288561525,0.0555675909879,0.09375,-0.278579011664,0.3,0.75,0.8,0.875,0.95,0.95,0.005,0.005
C,sample_size,paired,shared,500,,0,,,,,10000,10000,0,0.59254574599,0.666614050387,0.0740683043974,0.0740683043974,0,0.0219105259527,0.000219105259527,0.12650638799,0.125000145387,0.054347826087,0.218390804598,0.0340136054422,0.120006329114,0.9835,0.00127388186265,0.98081115873,0.985817514845,0,0,0,0.000383998370677,0.7222,0.00447914232862,0.713336988918,0.730892362206,0,0,0,0.000383998370677,0,0,0,0.000383998370677,0,0,0,0.000383998370677,,,,,,0.592720970537,0.666811091854,0.0740901213172,0.125,-0.0995727798566,0.3,0.75,0.8,0.9,0.95,0.95,0.005,0.005
C,sample_size,paired,shared,500,,0,,,,,10000,10000,0,0.592674985747,0.68545619569,0.0927812099435,0.0927812099435,0,0.0242041330453,0.000242041330453,0.15845391118,0.156546525794,0.0769230769231,0.2625,0.0483843159066,0.142857142857,0.9969,0.00055591276294,0.995603246944,0.997815135475,0,0,0,0.000383998370677,0.9056,0.00292384404509,0.899712605082,0.911175895439,0,0,0,0.000383998370677,0,0,0,0.000383998370677,0,0,0,0.000383998370677,,,,,,0.592720970537,0.685333622184,0.0926126516464,0.15625,0.69640295225,0.3,0.75,0.8,0.925,0.95,0.95,0.005,0.005
C,sample_size,paired,shared,500,,0,,,,,10000,10000,0,0.593506450306,0.704731861405,0.1112254111,0.1112254111,0,0.0261022817148,0.000261022817148,0.189635793168,0.18740387917,0.0987654320988,0.302631578947,0.0620689655172,0.16428816047,0.9999,9.9994999875e-05,0.999433731103,0.999982347326,0,0,0,0.000383998370677,0.9718,0.00165543831054,0.968369798034,0.974867861103,0,0,0,0.000383998370677,0,0,0,0.000383998370677,0,0,0,0.000383998370677,,,,,,0.592720970537,0.703856152513,0.111135181976,0.1875,0.345675236142,0.3,0.75,0.8,0.95,0.95,0.95,0.005,0.005
C,sample_size,paired,shared,500,,0,,,,,10000,10000,0,0.592433912714,0.722355925807,0.129922013093,0.129922013093,0,0.0278627135399,0.000278627135399,0.221949607027,0.219302120126,0.121951219512,0.344837848933,0.0774647887324,0.186567164179,1,0,0.999616001629,1,0,0,0,0.000383998370677,0.9939,0.000778639197575,0.992172789569,0.99524789684,0,0,0,0.000383998370677,0,0,0,0.000383998370677,0,0,0,0.000383998370677,,,,,,0.592720970537,0.722378682842,0.129657712305,0.21875,0.948582368105,0.3,0.75,0.8,0.975,0.95,0.95,0.005,0.005
C,sample_size,paired,shared,500,,0,,,,,10000,10000,0,0.592669759372,0.740555613618,0.147885854245,0.147885854245,0,0.0296523842425,0.000296523842425,0.252486215154,0.249524886173,0.144444444444,0.385730519481,0.0927152317881,0.209306253928,1,0,0.999616001629,1,0,0,0,0.000383998370677,0.9984,0.000399679871898,0.997402363084,0.99901486734,0,0,0,0.000383998370677,0,0,0,0.000383998370677,0,0,0,0.000383998370677,,,,,,0.592720970537,0.740901213172,0.148180242634,0.25,-0.992798374907,0.3,0.75,0.8,1,0.95,0.95,0.005,0.005
C,sample_size,paired,shared,1000,,0,,,,,10000,10000,0,0.592401244083,0.444297630627,-0.148103613455,-0.148103613455,0,0.0213170184475,0.000213170184475,-0.249991006077,-0.250005574658,-0.317370326914,-0.185628742515,-0.191083889481,-0.108108108108,0,0,0,0.000383998370677,1,0,0.999616001629,1,0,0,0,0.000383998370677,1,0,0.999616001629,1,1,0,0.999616001629,1,0,0,0,0.000383998370677,,,,,,0.592720970537,0.444540727903,-0.148180242634,-0.25,0.359474188186,0.3,0.75,0.8,0.6,0.95,0.95,0.005,0.005
C,sample_size,paired,shared,1000,,0,,,,,10000,10000,0,0.592634130204,0.463009853695,-0.129624276509,-0.129624276509,0,0.020008318241,0.00020008318241,-0.218735607879,-0.218725635097,-0.283870967742,-0.157303370787,-0.170212765957,-0.0914970550958,0,0,0,0.000383998370677,1,0,0.999616001629,1,0,0,0,0.000383998370677,1,0,0.999616001629,1,1,0,0.999616001629,1,0,0,0,0.000383998370677,,,,,,0.592720970537,0.463063258232,-0.129657712305,-0.21875,0.167109477206,0.3,0.75,0.8,0.625,0.95,0.95,0.005,0.005
C,sample_size,paired,shared,1000,,0,,,,,10000,10000,0,0.59219957309,0.481223580018,-0.110975993072,-0.110975993072,0,0.0188093796699,0.000188093796699,-0.187382763638,-0.187396273342,-0.25,-0.130136986301,-0.150186741363,-0.0757084820687,0,0,0,0.000383998370677,1,0,0.999616001629,1,0,0,0,0.000383998370677,0.9996,0.000199959995999,0.998971871665,0.999844437163,1,0,0.999616001629,1,0,0,0,0.000383998370677,,,,,,0.592720970537,0.481585788562,-0.111135181976,-0.1875,0.846327240684,0.3,0.75,0.8,0.65,0.95,0.95,0.005,0.005
C,sample_size,paired,shared,1000,,0,,,,,10000,10000,0,0.592953311936,0.500228570007,-0.0927247419297,-0.0927247419297,0,0.0172502306555,0.000172502306555,-0.156375225493,-0.156377812659,-0.212290502793,-0.104294478528,-0.127276237276,-0.0603773584906,0,0,0,0.000383998370677,1,0,0.999616001629,1,0,0,0,0.000383998370677,0.9836,0.00127008031242,0.980918546364,0.985910050412,1,0,0.999616001629,1,0,0,0,0.000383998370677,,,,,,0.592720970537,0.500108318891,-0.0926126516464,-0.15625,-0.649790055015,0.3,0.75,0.8,0.675,0.95,0.95,0.005,0.005
C,sample_size,paired,shared,1000,,0,,,,,10000,10000,0,0.592678628309,0.518508685283,-0.0741699430258,-0.0741699430258,0,0.0155156637869,0.000155156637869,-0.125141779405,-0.125143609847,-0.175757575758,-0.0774193548387,-0.10472972973,-0.0451095298801,0,0,0,0.000383998370677,0.9999,9.9994999875e-05,0.999433731103,0.999982347326,0,0,0,0.000383998370677,0.8342,0.00371901008334,0.826782811726,0.841360523763,1,0,0.999616001629,1,0,0,0,0.000383998370677,,,,,,0.592720970537,0.51863084922,-0.0740901213172,-0.125,-0.514458870581,0.3,0.75,0.8,0.7,0.95,0.95,0.005,0.005
C,sample_size,paired,shared,1000,,0,,,,,10000,10000,0,0.592678628309,0.537033988088,-0.0556446402209,-0.0556446402209,0,0.0135684718923,0.000135684718923,-0.0938839542866,-0.0938866994068,-0.139176888947,-0.0526315789474,-0.0830324909747,-0.0305792256259,0,0,0,0.000383998370677,0.9818,0.00133674081257,0.978989003374,0.984240975796,0,0,0,0.000383998370677,0.3824,0.0048597349722,0.372921974569,0.391968341848,1,0,0.999616001629,1,0,0,0,0.000383998370677,,,,,,0.592720970537,0.537153379549,-0.0555675909879,-0.09375,-0.567854903709,0.3,0.75,0.8,0.725,0.95,0.95,0.005,0.005
C,sample_size,paired,shared,1000,,0,,,,,10000,10000,0,0.592678628309,0.555572650268,-0.0371059780403,-0.0371059780403,0,0.01121326287,0.0001121326287,-0.0626041333837,-0.0626072482927,-0.100558659218,-0.028901734104,-0.0598006644518,-0.0170053614666,0,0,0,0.000383998370677,0.7415,0.00437810175761,0.732827489129,0.749987039658,0,0,0,0.000383998370677,0.0266,0.00160911279903,0.0236233515942,0.0299402180632,1,0,0.999616001629,1,0.0001,9.9994999875e-05,1.76526736011e-05,0.000566268897401,,,,,,0.592720970537,0.555675909879,-0.0370450606586,-0.0625,-0.543261871337,0.3,0.75,0.8,0.75,0.95,0.95,0.005,0.005
C,sample_size,paired,shared,1000,,0,,,,,10000,10000,0,0.592678628309,0.574103986549,-0.01857464176,-0.01857464176,0,0.00800175931971,8.00175931971e-05,-0.0313388120712,-0.0313401578406,-0.0595238095238,-0.00632911392405,-0.0353356890459,-0.00363636363636,0,0,0,0.000383998370677,0.0907,0.00287182015454,0.085227392914,0.0964869481522,0,0,0,0.000383998370677,0,0,0,0.000383998370677,0.9952,0.000691155554127,0.993642180248,0.996377507766,0.0307,0.00172503652135,0.0274950500025,0.0342653708682,,,,,,0.592720970537,0.574198440208,-0.0185225303293,-0.03125,-0.651249663882,0.3,0.75,0.8,0.775,0.95,0.95,0.005,0.005
C,sample_size,paired,shared,1000,,0,,,,,10000,10000,0,0.592737072021,0.592737072021,0,0,0,0,0,0,0,0,0,0,0,0,0,0,0.000383998370677,0,0,0,0.000383998370677,0,0,0,0.000383998370677,0,0,0,0.000383998370677,0,0,0,0.000383998370677,1,0,0.999616001629,1,,,,,,0.592720970537,0.592720970537,0,0,0,0.3,0.75,0.8,0.8,0.95,0.95,0.005,0.005
C,sample_size,paired,shared,1000,,0,,,,,10000,10000,0,0.593250283685,0.611792986726,0.0185427030412,0.0185427030412,0,0.0079714149393,7.9714149393e-05,0.0314431826697,0.0312561216592,0.00609756097561,0.0613496932515,0.00362286140323,0.0352112676056,0.0954,0.00293766642082,0.0897966547336,0.101314076748,0,0,0,0.000383998370677,0.0002,0.000141407213395,5.48489273209e-05,0.000728995844007,0,0,0,0.000383998370677,0,0,0,0.000383998370677,0.0318,0.00175467261904,0.0285366561179,0.0354229199564,,,,,,0.592720970537,0.611243500867,0.0185225303293,0.03125,0.253063127195,0.3,0.75,0.8,0.825,0.95,0.95,0.005,0.005
C,sample_size,paired,shared,1000,,0,,,,,10000,10000,0,0.592837078954,0.630011269357,0.0371741904029,0.0371741904029,0,0.0112477569129,0.000112477569129,0.0630835587576,0.0627055758193,0.0277777777778,0.10625,0.0170648464164,0.0603779916424,0.7335,0.00442128657746,0.724745973907,0.742074698854,0,0,0,0.000383998370677,0.0427,0.00202179895143,0.0389098205319,0.0468413843779,0,0,0,0.000383998370677,0,0,0,0.000383998370677,0,0,0,0.000383998370677,,,,,,0.592720970537,0.629766031196,0.0370450606586,0.0625,1.1480488534,0.3,0.75,0.8,0.85,0.95,0.95,0.005,0.005
C,sample_size,paired,shared,1000,,0,,,,,10000,10000,0,0.592720547558,0.648146469652,0.0554259220943,0.0554259220943,0,0.0135337301908,0.000135337301908,0.0940665331704,0.0935110522533,0.0497228990083,0.146666666667,0.0304054054054,0.083044982699,0.9742,0.0015853819729,0.970905881174,0.977129934771,0,0,0,0.000383998370677,0.3834,0.00486214397154,0.373916871791,0.392972676629,0,0,0,0.000383998370677,0,0,0,0.000383998370677,0,0,0,0.000383998370677,,,,,,0.592720970537,0.648288561525,0.0555675909879,0.09375,-1.04678378801,0.3,0.75,0.8,0.875,0.95,0.95,0.005,0.005
C,sample_size,paired,shared,1000,,0,,,,,10000,10000,0,0.592473099366,0.666715145637,0.0742420462718,0.0742420462718,0,0.0155879037427,0.000155879037427,0.126062208483,0.125308720938,0.0738591507177,0.187919463087,0.0449826989619,0.10563446718,0.999,0.000316069612586,0.998160055613,0.999456714014,0,0,0,0.000383998370677,0.8101,0.00392221863236,0.802294068584,0.817667775626,0,0,0,0.000383998370677,0,0,0,0.000383998370677,0,0,0,0.000383998370677,,,,,,0.592720970537,0.666811091854,0.0740901213172,0.125,0.974633646327,0.3,0.75,0.8,0.9,0.95,0.95,0.005,0.005
C,sample_size,paired,shared,1000,,0,,,,,10000,10000,0,0.592748373841,0.685296021478,0.0925476476373,0.0925476476373,0,0.0170645927066,0.000170645927066,0.157049407382,0.156133110982,0.0978260869565,0.22619047619,0.0603166160081,0.127090301003,1,0,0.999616001629,1,0,0,0,0.000383998370677,0.97,0.00170587221092,0.966471846149,0.973167195383,0,0,0,0.000383998370677,0,0,0,0.000383998370677,0,0,0,0.000383998370677,,,,,,0.592720970537,0.685333622184,0.0926126516464,0.15625,-0.380929157265,0.3,0.75,0.8,0.925,0.95,0.95,0.005,0.005
C,sample_size,paired,shared,1000,,0,,,,,10000,10000,0,0.592331066726,0.7034868509,0.111155784175,0.111155784175,0,0.0187301752745,0.000187301752745,0.188771919993,0.187658204033,0.122992411795,0.267515923567,0.0761580810743,0.149607017645,1,0,0.999616001629,1,0,0,0,0.000383998370677,0.9974,0.000509238647394,0.996192986791,0.99822501163,0,0,0,0.000383998370677,0,0,0,0.000383998370677,0,0,0,0.000383998370677,,,,,,0.592720970537,0.703856152513,0.111135181976,0.1875,0.109994694436,0.3,0.75,0.8,0.95,0.95,0.95,0.005,0.005
C,sample_size,paired,shared,1000,,0,,,,,10000,10000,0,0.592269072875,0.722028226692,0.129759153818,0.129759153818,0,0.0198882964082,0.000198882964082,0.220382880074,0.219088180965,0.148511657617,0.304099923722,0.0924657534247,0.170421770317,1,0,0.999616001629,1,0,0,0,0.000383998370677,0.9998,0.000141407213395,0.999271004156,0.999945151073,0,0,0,0.000383998370677,0,0,0,0.000383998370677,0,0,0,0.000383998370677,,,,,,0.592720970537,0.722378682842,0.129657712305,0.21875,0.510056319956,0.3,0.75,0.8,0.975,0.95,0.95,0.005,0.005
C,sample_size,paired,shared,1000,,0,,,,,10000,10000,0,0.593013128159,0.74088191433,0.14786878617,0.14786878617,0,0.0213223409155,0.000213223409155,0.250851328104,0.249351623343,0.171122994652,0.343754976115,0.107489745446,0.191275167785,1,0,0.999616001629,1,0,0,0,0.000383998370677,1,0,0.999616001629,1,0,0,0,0.000383998370677,0,0,0,0.000383998370677,0,0,0,0.000383998370677,,,,,,0.592720970537,0.740901213172,0.148180242634,0.25,-1.46070483171,0.3,0.75,0.8,1,0.95,0.95,0.005,0.005
C,sample_size,paired,shared,5000,,0,,,,,10000,10000,0,0.59277927715,0.444686441091,-0.148092836059,-0.148092836059,0,0.00940466385465,9.40466385465e-05,-0.249826010023,-0.2498279575,-0.279178256362,-0.22079401323,-0.167114277081,-0.129780771115,0,0,0,0.000383998370677,1,0,0.999616001629,1,0,0,0,0.000383998370677,1,0,0.999616001629,1,1,0,0.999616001629,1,0,0,0,0.000383998370677,,,,,,0.592720970537,0.444540727903,-0.148180242634,-0.25,0.929396059675,0.3,0.75,0.8,0.6,0.95,0.95,0.005,0.005
C,sample_size,paired,shared,5000,,0,,,,,10000,10000,0,0.592731591141,0.463216536315,-0.129515054826,-0.129515054826,0,0.00881182155775,8.81182155775e-05,-0.21850745325,-0.218505402381,-0.246395089286,-0.190632812117,-0.146976670906,-0.112237804077,0,0,0,0.000383998370677,1,0,0.999616001629,1,0,0,0,0.000383998370677,1,0,0.999616001629,1,1,0,0.999616001629,1,0,0,0,0.000383998370677,,,,,,0.592720970537,0.463063258232,-0.129657712305,-0.21875,1.61893290327,0.3,0.75,0.8,0.625,0.95,0.95,0.005,0.005
C,sample_size,paired,shared,5000,,0,,,,,10000,10000,0,0.592804589656,0.481868957274,-0.110935632382,-0.110935632382,0,0.00824091075477,8.24091075477e-05,-0.187137246094,-0.187136932335,-0.213253440301,-0.160814505416,-0.127285812559,-0.0946130297886,0,0,0,0.000383998370677,1,0,0.999616001629,1,0,0,0,0.000383998370677,1,0,0.999616001629,1,1,0,0.999616001629,1,0,0,0,0.000383998370677,,,,,,0.592720970537,0.481585788562,-0.111135181976,-0.1875,2.4214507308,0.3,0.75,0.8,0.65,0.95,0.95,0.005,0.005
C,sample_size,paired,shared,5000,,0,,,,,10000,10000,0,0.592601881515,0.500209877506,-0.0923920040082,-0.0923920040082,0,0.00756680791777,7.56680791777e-05,-0.155908779136,-0.155909062881,-0.180622397937,-0.131905028401,-0.107460798629,-0.0775248933144,0,0,0,0.000383998370677,1,0,0.999616001629,1,0,0,0,0.000383998370677,1,0,0.999616001629,1,1,0,0.999616001629,1,0,0,0,0.000383998370677,,,,,,0.592720970537,0.500108318891,-0.0926126516464,-0.15625,2.91599364848,0.3,0.75,0.8,0.675,0.95,0.95,0.005,0.005
C,sample_size,paired,shared,5000,,0,,,,,10000,10000,0,0.592666900237,0.518607367437,-0.0740595328,-0.0740595328,0,0.00683578054062,6.83578054062e-05,-0.124962167705,-0.124959792373,-0.147305389222,-0.103488372093,-0.0877440168268,-0.0608753643014,0,0,0,0.000383998370677,1,0,0.999616001629,1,0,0,0,0.000383998370677,0.989,0.00104302444842,0.986759719547,0.990864730047,1,0,0.999616001629,1,0,0,0,0.000383998370677,,,,,,0.592720970537,0.51863084922,-0.0740901213172,-0.125,0.44747658252,0.3,0.75,0.8,0.7,0.95,0.95,0.005,0.005
C,sample_size,paired,shared,5000,,0,,,,,10000,10000,0,0.592627179912,0.537052541382,-0.0555746385308,-0.0555746385308,0,0.0059936511764,5.9936511764e-05,-0.0937774415142,-0.0937767291386,-0.113924434216,-0.074719468482,-0.0676798230733,-0.0441266092677,0,0,0,0.000383998370677,1,0,0.999616001629,1,0,0,0,0.000383998370677,0.2606,0.00438962002911,0.252089592854,0.269294265566,1,0,0.999616001629,1,0,0,0,0.000383998370677,,,,,,0.592720970537,0.537153379549,-0.0555675909879,-0.09375,-0.117583468541,0.3,0.75,0.8,0.725,0.95,0.95,0.005,0.005
C,sample_size,paired,shared,5000,,0,,,,,10000,10000,0,0.59266879657,0.555562222954,-0.037106573616,-0.037106573616,0,0.00492899235109,4.92899235109e-05,-0.0626101887807,-0.0626092917845,-0.079006772009,-0.0471142520612,-0.04688600052,-0.0278357335306,0,0,0,0.000383998370677,0.9421,0.00233554254939,0.937350386499,0.946510082142,0,0,0,0.000383998370677,0,0,0,0.000383998370677,1,0,0.999616001629,1,0,0,0,0.000383998370677,,,,,,0.592720970537,0.555675909879,-0.0370450606586,-0.0625,-1.24798240854,0.3,0.75,0.8,0.75,0.95,0.95,0.005,0.005
C,sample_size,paired,shared,5000,,0,,,,,10000,10000,0,0.592791103216,0.574262540806,-0.01852856241,-0.01852856241,0,0.00353686866287,3.53686866287e-05,-0.0312553273658,-0.0312564785629,-0.0434286032453,-0.0201421800948,-0.0257453281735,-0.0118798043326,0,0,0,0.000383998370677,0.0015,0.00038700775186,0.000909261825593,0.00247358454997,0,0,0,0.000383998370677,0,0,0,0.000383998370677,1,0,0.999616001629,1,0,0,0,0.000383998370677,,,,,,0.592720970537,0.574198440208,-0.0185225303293,-0.03125,-0.170548619864,0.3,0.75,0.8,0.775,0.95,0.95,0.005,0.005
C,sample_size,paired,shared,5000,,0,,,,,10000,10000,0,0.59290883284,0.59290883284,0,0,0,0,0,0,0,0,0,0,0,0,0,0,0.000383998370677,0,0,0,0.000383998370677,0,0,0,0.000383998370677,0,0,0,0.000383998370677,0,0,0,0.000383998370677,1,0,0.999616001629,1,,,,,,0.592720970537,0.592720970537,0,0,0,0.3,0.75,0.8,0.8,0.95,0.95,0.005,0.005
C,sample_size,paired,shared,5000,,0,,,,,10000,10000,0,0.592732522358,0.611249728233,0.0185172058745,0.0185172058745,0,0.00354863770107,3.54863770107e-05,0.0312769197307,0.0312404080695,0.02,0.0441532204928,0.0119298245614,0.0258504827508,0.0025,0.000499374608886,0.00169399761116,0.00368808076766,0,0,0,0.000383998370677,0,0,0,0.000383998370677,0,0,0,0.000383998370677,0,0,0,0.000383998370677,0,0,0,0.000383998370677,,,,,,0.592720970537,0.611243500867,0.0185225303293,0.03125,-0.150042219388,0.3,0.75,0.8,0.825,0.95,0.95,0.005,0.005
C,sample_size,paired,shared,5000,,0,,,,,10000,10000,0,0.592600749823,0.629682769287,0.0370820194642,0.0370820194642,0,0.00496100300012,4.96100300012e-05,0.0626487437086,0.0625750464799,0.0461187364877,0.0804321728691,0.0277007818402,0.0469289164941,0.9279,0.00258653416757,0.922664484056,0.932806890138,0,0,0,0.000383998370677,0.0002,0.000141407213395,5.48489273209e-05,0.000728995844007,0,0,0,0.000383998370677,0,0,0,0.000383998370677,0,0,0,0.000383998370677,,,,,,0.592720970537,0.629766031196,0.0370450606586,0.0625,0.744986560145,0.3,0.75,0.8,0.85,0.95,0.95,0.005,0.005
C,sample_size,paired,shared,5000,,0,,,,,10000,10000,0,0.592595269562,0.648200380203,0.0556051106414,0.0556051106414,0,0.00596148675361,5.96148675361e-05,0.0939393628563,0.0938332003266,0.0736958467598,0.116390170861,0.0442175080559,0.0676747103326,1,0,0.999616001629,1,0,0,0,0.000383998370677,0.2813,0.00449633528554,0.272572617192,0.290195343695,0,0,0,0.000383998370677,0,0,0,0.000383998370677,0,0,0,0.000383998370677,,,,,,0.592720970537,0.648288561525,0.0555675909879,0.09375,0.629367389169,0.3,0.75,0.8,0.875,0.95,0.95,0.005,0.005
C,sample_size,paired,shared,5000,,0,,,,,10000,10000,0,0.592662343947,0.666723758618,0.0740614146705,0.0740614146705,0,0.00681125320898,6.81125320898e-05,0.125108161355,0.124963928326,0.101237001242,0.150824015787,0.061114842176,0.0877192982456,1,0,0.999616001629,1,0,0,0,0.000383998370677,0.9812,0.00135818113667,0.978347338308,0.98368310166,0,0,0,0.000383998370677,0,0,0,0.000383998370677,0,0,0,0.000383998370677,,,,,,0.592720970537,0.666811091854,0.0740901213172,0.125,-0.421459103199,0.3,0.75,0.8,0.9,0.95,0.95,0.005,0.005
C,sample_size,paired,shared,5000,,0,,,,,10000,10000,0,0.592791927675,0.685372972772,0.0925810450965,0.0925810450965,0,0.00753770280842,7.53770280842e-05,0.156357923328,0.156177978772,0.128927221868,0.185751365642,0.0778654639099,0.107460798629,1,0,0.999616001629,1,0,0,0,0.000383998370677,1,0,0.999616001629,1,0,0,0,0.000383998370677,0,0,0,0.000383998370677,0,0,0,0.000383998370677,,,,,,0.592720970537,0.685333622184,0.0926126516464,0.15625,-0.419312763679,0.3,0.75,0.8,0.925,0.95,0.95,0.005,0.005
C,sample_size,paired,shared,5000,,0,,,,,10000,10000,0,0.59285031166,0.703842393118,0.110992081457,0.110992081457,0,0.0082418962272,8.2418962272e-05,0.18743069064,0.187217716301,0.156774307415,0.220072551391,0.09490566849,0.127310379573,1,0,0.999616001629,1,0,0,0,0.000383998370677,1,0,0.999616001629,1,0,0,0,0.000383998370677,0,0,0,0.000383998370677,0,0,0,0.000383998370677,,,,,,0.592720970537,0.703856152513,0.111135181976,0.1875,-1.73625722244,0.3,0.75,0.8,0.95,0.95,0.95,0.005,0.005
C,sample_size,paired,shared,5000,,0,,,,,10000,10000,0,0.592860723039,0.72240363997,0.129542916931,0.129542916931,0,0.00888461864386,8.88461864386e-05,0.21875942133,0.218504805424,0.184977578475,0.254345194123,0.112273361227,0.147165654913,1,0,0.999616001629,1,0,0,0,0.000383998370677,1,0,0.999616001629,1,0,0,0,0.000383998370677,0,0,0,0.000383998370677,0,0,0,0.000383998370677,,,,,,0.592720970537,0.722378682842,0.129657712305,0.21875,-1.29206867028,0.3,0.75,0.8,0.975,0.95,0.95,0.005,0.005
C,sample_size,paired,shared,5000,,0,,,,,10000,10000,0,0.592963015985,0.741063124169,0.148100108184,0.148100108184,0,0.0093899081109,9.3899081109e-05,0.250058031685,0.249762808457,0.213315570651,0.288991664802,0.129833833896,0.166666666667,1,0,0.999616001629,1,0,0,0,0.000383998370677,1,0,0.999616001629,1,0,0,0,0.000383998370677,0,0,0,0.000383998370677,0,0,0,0.000383998370677,,,,,,0.592720970537,0.740901213172,0.148180242634,0.25,-0.853410380313,0.3,0.75,0.8,1,0.95,0.95,0.005,0.005
C,sample_size,paired,shared,10000,,0,,,,,10000,10000,0,0.592481554793,0.444397164243,-0.14808439055,-0.14808439055,0,0.00658610693359,6.58610693359e-05,-0.249938299928,-0.24993924174,-0.270526106742,-0.229784571035,-0.161269376352,-0.135420122349,0,0,0,0.000383998370677,1,0,0.999616001629,1,0,0,0,0.000383998370677,1,0,0.999616001629,1,1,0,0.999616001629,1,0,0,0,0.000383998370677,,,,,,0.592720970537,0.444540727903,-0.148180242634,-0.25,1.45536787098,0.3,0.75,0.8,0.6,0.95,0.95,0.005,0.005
C,sample_size,paired,shared,10000,,0,,,,,10000,10000,0,0.592588067974,0.462963134239,-0.129624933736,-0.129624933736,0,0.0061855651149,6.1855651149e-05,-0.218743359582,-0.218743745852,-0.238312428734,-0.199760711408,-0.142124169852,-0.117726236581,0,0,0,0.000383998370677,1,0,0.999616001629,1,0,0,0,0.000383998370677,1,0,0.999616001629,1,1,0,0.999616001629,1,0,0,0,0.000383998370677,,,,,,0.592720970537,0.463063258232,-0.129657712305,-0.21875,0.529920365789,0.3,0.75,0.8,0.625,0.95,0.95,0.005,0.005
C,sample_size,paired,shared,10000,,0,,,,,10000,10000,0,0.592468406758,0.481391352938,-0.11107705382,-0.11107705382,0,0.00580366747747,5.80366747747e-05,-0.187481024149,-0.187481817684,-0.206089770459,-0.169481408982,-0.122696799541,-0.099929121977,0,0,0,0.000383998370677,1,0,0.999616001629,1,0,0,0,0.000383998370677,1,0,0.999616001629,1,1,0,0.999616001629,1,0,0,0,0.000383998370677,,,,,,0.592720970537,0.481585788562,-0.111135181976,-0.1875,1.00157626848,0.3,0.75,0.8,0.65,0.95,0.95,0.005,0.005
C,sample_size,paired,shared,10000,,0,,,,,10000,10000,0,0.592468985604,0.499859668321,-0.092609317283,-0.092609317283,0,0.00536471813657,5.36471813657e-05,-0.156309159483,-0.156310827289,-0.173445439842,-0.139726792161,-0.103292310296,-0.0822958342921,0,0,0,0.000383998370677,1,0,0.999616001629,1,0,0,0,0.000383998370677,1,0,0.999616001629,1,1,0,0.999616001629,1,0,0,0,0.000383998370677,,,,,,0.592720970537,0.500108318891,-0.0926126516464,-0.15625,0.0621535632363,0.3,0.75,0.8,0.675,0.95,0.95,0.005,0.005
C,sample_size,paired,shared,10000,,0,,,,,10000,10000,0,0.592506695709,0.51838516606,-0.0741215296491,-0.0741215296491,0,0.00483263159733,4.83263159733e-05,-0.125098694308,-0.125098214393,-0.140996020173,-0.109838628632,-0.0838220075888,-0.0648475955619,0,0,0,0.000383998370677,1,0,0.999616001629,1,0,0,0,0.000383998370677,0.9995,0.000223550889061,0.998829974054,0.999786411574,1,0,0.999616001629,1,0,0,0,0.000383998370677,,,,,,0.592720970537,0.51863084922,-0.0740901213172,-0.125,-0.649921917734,0.3,0.75,0.8,0.7,0.95,0.95,0.005,0.005
C,sample_size,paired,shared,10000,,0,,,,,10000,10000,0,0.592684232454,0.537135593964,-0.0555486384909,-0.0555486384909,0,0.00419809105449,4.19809105449e-05,-0.0937244814989,-0.0937238337872,-0.107576738669,-0.0802355167224,-0.0638151086582,-0.0473515446718,0,0,0,0.000383998370677,1,0,0.999616001629,1,0,0,0,0.000383998370677,0.1803,0.00384437134002,0.17288838151,0.187957147048,1,0,0.999616001629,1,0,0,0,0.000383998370677,,,,,,0.592720970537,0.537153379549,-0.0555675909879,-0.09375,0.451455120105,0.3,0.75,0.8,0.725,0.95,0.95,0.005,0.005
C,sample_size,paired,shared,10000,,0,,,,,10000,10000,0,0.592631970774,0.55562681191,-0.037005158864,-0.037005158864,0,0.00345348848746,3.45348848746e-05,-0.0624416766959,-0.0624420562659,-0.0738409587962,-0.0514746246226,-0.0437608543417,-0.0303641759712,0,0,0,0.000383998370677,0.9875,0.00111102430216,0.985127618095,0.989497983494,0,0,0,0.000383998370677,0,0,0,0.000383998370677,1,0,0.999616001629,1,0,0,0,0.000383998370677,,,,,,0.592720970537,0.555675909879,-0.0370450606586,-0.0625,1.15540546076,0.3,0.75,0.8,0.75,0.95,0.95,0.005,0.005
C,sample_size,paired,shared,10000,,0,,,,,10000,10000,0,0.592507876763,0.573953380478,-0.0185544962849,-0.0185544962849,0,0.00249287383096,2.49287383096e-05,-0.03131493096,-0.0313151892364,-0.0396274300797,-0.0234191034364,-0.0234708392603,-0.0138690244335,0,0,0,0.000383998370677,0,0,0,0.000383998370677,0,0,0,0.000383998370677,0,0,0,0.000383998370677,1,0,0.999616001629,1,0,0,0,0.000383998370677,,,,,,0.592720970537,0.574198440208,-0.0185225303293,-0.03125,-1.2822933599,0.3,0.75,0.8,0.775,0.95,0.95,0.005,0.005
C,sample_size,paired,shared,10000,,0,,,,,10000,10000,0,0.59256180112,0.59256180112,0,0,0,0,0,0,0,0,0,0,0,0,0,0,0.000383998370677,0,0,0,0.000383998370677,0,0,0,0.000383998370677,0,0,0,0.000383998370677,0,0,0,0.000383998370677,1,0,0.999616001629,1,,,,,,0.592720970537,0.592720970537,0,0,0,0.3,0.75,0.8,0.8,0.95,0.95,0.005,0.005
C,sample_size,paired,shared,10000,,0,,,,,10000,10000,0,0.592532970437,0.611079751538,0.0185467811018,0.0185467811018,0,0.00249515520883,2.49515520883e-05,0.0313185807414,0.0313008423617,0.0232423009878,0.04,0.0138690244335,0.0234924012151,0,0,0,0.000383998370677,0,0,0,0.000383998370677,0,0,0,0.000383998370677,0,0,0,0.000383998370677,0,0,0,0.000383998370677,0,0,0,0.000383998370677,,,,,,0.592720970537,0.611243500867,0.0185225303293,0.03125,0.971914388087,0.3,0.75,0.8,0.825,0.95,0.95,0.005,0.005
C,sample_size,paired,shared,10000,,0,,,,,10000,10000,0,0.592620445117,0.62959128597,0.036970840853,0.036970840853,0,0.00344558966704,3.44558966704e-05,0.0624204842828,0.0623853617565,0.0509067441477,0.074619036829,0.0303564820908,0.0437675070028,0.9832,0.001285214379,0.980489135969,0.985539768006,0,0,0,0.000383998370677,0,0,0,0.000383998370677,0,0,0,0.000383998370677,0,0,0,0.000383998370677,0,0,0,0.000383998370677,,,,,,0.592720970537,0.629766031196,0.0370450606586,0.0625,-2.15405236244,0.3,0.75,0.8,0.85,0.95,0.95,0.005,0.005
C,sample_size,paired,shared,10000,,0,,,,,10000,10000,0,0.592604678651,0.648145556947,0.0555408782961,0.0555408782961,0,0.0042406011846,4.2406011846e-05,0.0937777054558,0.0937233206166,0.0791156739286,0.109243948326,0.0473489219105,0.063937842373,1,0,0.999616001629,1,0,0,0,0.000383998370677,0.209,0.00406594392485,0.201143386527,0.217080100524,0,0,0,0.000383998370677,0,0,0,0.000383998370677,0,0,0,0.000383998370677,,,,,,0.592720970537,0.648288561525,0.0555675909879,0.09375,-0.629926998654,0.3,0.75,0.8,0.875,0.95,0.95,0.005,0.005
C,sample_size,paired,shared,10000,,0,,,,,10000,10000,0,0.592496486878,0.666608090401,0.0741116035228,0.0741116035228,0,0.00485034774713,4.85034774713e-05,0.125155868448,0.125083616805,0.107876160288,0.143352804929,0.0647236270444,0.083899044547,1,0,0.999616001629,1,0,0,0,0.000383998370677,0.9982,0.000423882059068,0.997156312015,0.998861072008,0,0,0,0.000383998370677,0,0,0,0.000383998370677,0,0,0,0.000383998370677,,,,,,0.592720970537,0.666811091854,0.0740901213172,0.125,0.442900318289,0.3,0.75,0.8,0.9,0.95,0.95,0.005,0.005
C,sample_size,paired,shared,10000,,0,,,,,10000,10000,0,0.592499629655,0.68511769527,0.0926180656148,0.0926180656148,0,0.00535486880784,5.35486880784e-05,0.156406818503,0.156317508027,0.13731170336,0.176863327553,0.0823529411765,0.103308575287,1,0,0.999616001629,1,0,0,0,0.000383998370677,1,0,0.999616001629,1,0,0,0,0.000383998370677,0,0,0,0.000383998370677,0,0,0,0.000383998370677,,,,,,0.592720970537,0.685333622184,0.0926126516464,0.15625,0.101103659563,0.3,0.75,0.8,0.925,0.95,0.95,0.005,0.005
C,sample_size,paired,shared,10000,,0,,,,,10000,10000,0,0.59254844129,0.703709466453,0.111161025162,0.111161025162,0,0.00582663820235,5.82663820235e-05,0.187706604678,0.187598207026,0.16638076442,0.210778515652,0.100103502871,0.122880181161,1,0,0.999616001629,1,0,0,0,0.000383998370677,1,0,0.999616001629,1,0,0,0,0.000383998370677,0,0,0,0.000383998370677,0,0,0,0.000383998370677,,,,,,0.592720970537,0.703856152513,0.111135181976,0.1875,0.443535119105,0.3,0.75,0.8,0.95,0.95,0.95,0.005,0.005
C,sample_size,paired,shared,10000,,0,,,,,10000,10000,0,0.592524464018,0.722203108775,0.129678644758,0.129678644758,0,0.00622832115665,6.22832115665e-05,0.21898363927,0.218857874455,0.195526975312,0.244033858835,0.117688224978,0.142035986696,1,0,0.999616001629,1,0,0,0,0.000383998370677,1,0,0.999616001629,1,0,0,0,0.000383998370677,0,0,0,0.000383998370677,0,0,0,0.000383998370677,,,,,,0.592720970537,0.722378682842,0.129657712305,0.21875,0.336084990266,0.3,0.75,0.8,0.975,0.95,0.95,0.005,0.005
C,sample_size,paired,shared,10000,,0,,,,,10000,10000,0,0.592535285038,0.740712114359,0.148176829321,0.148176829321,0,0.00654298169537,6.54298169537e-05,0.250217396944,0.250072583122,0.224899254552,0.27701512814,0.135776614311,0.161107555527,1,0,0.999616001629,1,0,0,0,0.000383998370677,1,0,0.999616001629,1,0,0,0,0.000383998370677,0,0,0,0.000383998370677,0,0,0,0.000383998370677,,,,,,0.592720970537,0.740901213172,0.148180242634,0.25,-0.052167557344,0.3,0.75,0.8,1,0.95,0.95,0.005,0.005
C,eligibility,paired,shared,2000,,0,,,,,10000,10000,0,0.572824909399,0.42940691208,-0.143417997319,-0.143417997319,0,0.0250377727439,0.000250377727439,-0.25038317458,-0.250369694065,-0.333333333333,-0.172413793103,-0.194691429902,-0.0959595959596,0,0,0,0.000383998370677,1,0,0.999616001629,1,0,0,0,0.000383998370677,1,0,0.999616001629,1,1,0,0.999616001629,1,0,0,0,0.000383998370677,,,,,,0.572864321608,0.429648241206,-0.143216080402,-0.25,-0.806449196247,0.1,0.75,0.8,0.6,0.95,0.95,0.005,0.005
C,eligibility,paired,shared,2000,,0,,,,,10000,10000,0,0.572575363449,0.446987835088,-0.125587528361,-0.125587528361,0,0.0234602025657,0.000234602025657,-0.219344768843,-0.219337988286,-0.297534567705,-0.145631067961,-0.173918451222,-0.0812182741117,0,0,0,0.000383998370677,1,0,0.999616001629,1,0,0,0,0.000383998370677,0.9999,9.9994999875e-05,0.999433731103,0.999982347326,1,0,0.999616001629,1,0,0,0,0.000383998370677,,,,,,0.572864321608,0.447550251256,-0.125314070352,-0.21875,-1.16562509916,0.1,0.75,0.8,0.625,0.95,0.95,0.005,0.005
C,eligibility,paired,shared,2000,,0,,,,,10000,10000,0,0.572402581549,0.464712478232,-0.107690103316,-0.107690103316,0,0.021980106601,0.00021980106601,-0.188126759846,-0.188136997959,-0.263636363636,-0.119658119658,-0.153439153439,-0.0663501063933,0,0,0,0.000383998370677,1,0,0.999616001629,1,0,0,0,0.000383998370677,0.9941,0.000765845284637,0.992397579312,0.995422953498,1,0,0.999616001629,1,0,0,0,0.000383998370677,,,,,,0.572864321608,0.465452261307,-0.107412060302,-0.1875,-1.26497573444,0.1,0.75,0.8,0.65,0.95,0.95,0.005,0.005
C,eligibility,paired,shared,2000,,0,,,,,10000,10000,0,0.572402581549,0.482615241348,-0.089787340201,-0.089787340201,0,0.020271051501,0.00020271051501,-0.156849032957,-0.156860473896,-0.227272727273,-0.0934579439252,-0.131979695431,-0.0521314672196,0,0,0,0.000383998370677,0.9999,9.9994999875e-05,0.999433731103,0.999982347326,0,0,0,0.000383998370677,0.9603,0.00195253450674,0.956293002547,0.963953488553,1,0,0.999616001629,1,0,0,0,0.000383998370677,,,,,,0.572864321608,0.483354271357,-0.0895100502513,-0.15625,-1.36791103169,0.1,0.75,0.8,0.675,0.95,0.95,0.005,0.005
C,eligibility,paired,shared,2000,,0,,,,,10000,10000,0,0.572402581549,0.500529107178,-0.0718734743707,-0.0718734743707,0,0.0183138306886,0.000183138306886,-0.125555145124,-0.125564553144,-0.190082644628,-0.0683760683761,-0.110048944296,-0.0382513661202,0,0,0,0.000383998370677,0.9954,0.000676671264352,0.993870194285,0.99654934013,0,0,0,0.000383998370677,0.7886,0.00408301408276,0.780487386694,0.796490969447,1,0,0.999616001629,1,0,0,0,0.000383998370677,,,,,,0.572864321608,0.501256281407,-0.071608040201,-0.125,-1.44936454968,0.1,0.75,0.8,0.7,0.95,0.95,0.005,0.005
C,eligibility,paired,shared,2000,,0,,,,,10000,10000,0,0.572402581549,0.51848041478,-0.0539221667687,-0.0539221667687,0,0.0159848878876,0.000159848878876,-0.0941936256008,-0.094203220787,-0.151266870385,-0.045045045045,-0.0880829015544,-0.025,0,0,0,0.000383998370677,0.9569,0.00203082224727,0.952741111316,0.960707990972,0,0,0,0.000383998370677,0.3932,0.00488460602301,0.383669109595,0.402812912457,1,0,0.999616001629,1,0,0,0,0.000383998370677,,,,,,0.572864321608,0.519158291457,-0.0537060301508,-0.09375,-1.35213095938,0.1,0.75,0.8,0.725,0.95,0.95,0.005,0.005
C,eligibility,paired,shared,2000,,0,,,,,10000,10000,0,0.572402581549,0.536418701375,-0.0359838801736,-0.0359838801736,0,0.0132112137316,0.000132112137316,-0.0628591100736,-0.0628646364178,-0.112068965517,-0.0217332865825,-0.0643564356436,-0.0116942064463,0,0,0,0.000383998370677,0.6988,0.00458779424124,0.689733152144,0.707714170104,0,0,0,0.000383998370677,0.0601,0.00237672021913,0.0556084670011,0.0649293747654,0.9996,0.000199959995999,0.998971871665,0.999844437163,0.0051,0.000712319450808,0.00388131108356,0.00669877050373,,,,,,0.572864321608,0.537060301508,-0.0358040201005,-0.0625,-1.36141975142,0.1,0.75,0.8,0.75,0.95,0.95,0.005,0.005
C,eligibility,paired,shared,2000,,0,,,,,10000,10000,0,0.572402581549,0.554366417672,-0.0180361638763,-0.0180361638763,0,0.00945860452991,9.45860452991e-05,-0.0315046612184,-0.0315095781496,-0.0674157303371,0,-0.0390243902439,0,0,0,0,0.000383998370677,0.1345,0.00341188730763,0.12795298624,0.141327716569,0,0,0,0.000383998370677,0.0004,0.000199959995999,0.000155562836623,0.00102812833536,0.9733,0.00161205179818,0.969954072846,0.976282434297,0.1118,0.00315120231023,0.105772212061,0.118125924274,,,,,,0.572864321608,0.554962311558,-0.0179020100503,-0.03125,-1.41832577593,0.1,0.75,0.8,0.775,0.95,0.95,0.005,0.005
C,eligibility,paired,shared,2000,,0,,,,,10000,10000,0,0.572793568689,0.572793568689,0,0,0,0,0,0,0,0,0,0,0,0,0,0,0.000383998370677,0,0,0,0.000383998370677,0,0,0,0.000383998370677,0,0,0,0.000383998370677,0,0,0,0.000383998370677,1,0,0.999616001629,1,,,,,,0.572864321608,0.572864321608,0,0,0,0.1,0.75,0.8,0.8,0.95,0.95,0.005,0.005
C,eligibility,paired,shared,2000,,0,,,,,10000,10000,0,0.572747203634,0.590680913837,0.0179337102023,0.0179337102023,0,0.0094731178833,9.4731178833e-05,0.0316054413582,0.0313117376891,0,0.0707070707071,0,0.038961038961,0.142,0.00349050139665,0.1352961467,0.148978796133,0,0,0,0.000383998370677,0.001,0.000316069612586,0.000543285986497,0.00183994438744,0,0,0,0.000383998370677,0,0,0,0.000383998370677,0.1214,0.00326591549186,0.115143883096,0.12794688047,,,,,,0.572864321608,0.590766331658,0.0179020100503,0.03125,0.334632720478,0.1,0.75,0.8,0.825,0.95,0.95,0.005,0.005
C,eligibility,paired,shared,2000,,0,,,,,10000,10000,0,0.572788213012,0.608678542567,0.0358903295545,0.0358903295545,0,0.0131937192894,0.000131937192894,0.0632482773603,0.0626589876313,0.019801980198,0.118181818182,0.0111731843575,0.0641711229947,0.6886,0.00463065913235,0.679453106521,0.697602049294,0,0,0,0.000383998370677,0.0763,0.00265477513172,0.0712578919928,0.0816675082266,0,0,0,0.000383998370677,0,0,0,0.000383998370677,0.0063,0.000791221208007,0.00492756545833,0.00805159453288,,,,,,0.572864321608,0.608668341709,0.0358040201005,0.0625,0.654170761763,0.1,0.75,0.8,0.85,0.95,0.95,0.005,0.005
C,eligibility,paired,shared,2000,,0,,,,,10000,10000,0,0.572497147339,0.626244413608,0.0537472662686,0.0537472662686,0,0.0159319242457,0.000159319242457,0.0947258409156,0.0938821556028,0.0420168067227,0.161016949153,0.0249968905473,0.0867579908676,0.9453,0.00227393733423,0.94066974636,0.949588264691,0,0,0,0.000383998370677,0.3993,0.00489754540561,0.389741421307,0.408935915965,0,0,0,0.000383998370677,0,0,0,0.000383998370677,0.0001,9.9994999875e-05,1.76526736011e-05,0.000566268897401,,,,,,0.572864321608,0.626570351759,0.0537060301508,0.09375,0.258826976876,0.1,0.75,0.8,0.875,0.95,0.95,0.005,0.005
C,eligibility,paired,shared,2000,,0,,,,,10000,10000,0,0.572644168847,0.644393888853,0.0717497200054,0.0717497200054,0,0.0183371327815,0.000183371327815,0.126411431345,0.125295469523,0.0634920634921,0.203883495146,0.0376325155232,0.109589041096,0.9922,0.000879724957018,0.990276767833,0.993745224171,0,0,0,0.000383998370677,0.7642,0.00424497773846,0.755779523095,0.772417572166,0,0,0,0.000383998370677,0,0,0,0.000383998370677,0,0,0,0.000383998370677,,,,,,0.572864321608,0.644472361809,0.071608040201,0.125,0.772638809527,0.1,0.75,0.8,0.9,0.95,0.95,0.005,0.005
C,eligibility,paired,shared,2000,,0,,,,,10000,10000,0,0.57270672939,0.662212595098,0.0895058657082,0.0895058657082,0,0.0203391337208,0.000203391337208,0.157703309114,0.156285688844,0.0862068965517,0.245098039216,0.0514279038718,0.131224004753,0.9994,0.00024487547856,0.998691475904,0.999724986524,0,0,0,0.000383998370677,0.9334,0.0024932797677,0.928344941256,0.938122208956,0,0,0,0.000383998370677,0,0,0,0.000383998370677,0,0,0,0.000383998370677,,,,,,0.572864321608,0.662374371859,0.0895100502513,0.15625,-0.0205738511037,0.1,0.75,0.8,0.925,0.95,0.95,0.005,0.005
C,eligibility,paired,shared,2000,,0,,,,,10000,10000,0,0.572772984484,0.680324098263,0.107551113779,0.107551113779,0,0.0222607809486,0.000222607809486,0.189495141462,0.187772672058,0.109375,0.288292619543,0.0663265306122,0.153846153846,1,0,0.999616001629,1,0,0,0,0.000383998370677,0.987,0.00113274004079,0.984585425782,0.989040559805,0,0,0,0.000383998370677,0,0,0,0.000383998370677,0,0,0,0.000383998370677,,,,,,0.572864321608,0.68027638191,0.107412060302,0.1875,0.624656781038,0.1,0.75,0.8,0.95,0.95,0.95,0.005,0.005
C,eligibility,paired,shared,2000,,0,,,,,10000,10000,0,0.572581047279,0.698098647383,0.125517600104,0.125517600104,0,0.0236709138854,0.000236709138854,0.221234738982,0.219213682849,0.133333333333,0.327437442783,0.0812182741117,0.173470552605,1,0,0.999616001629,1,0,0,0,0.000383998370677,0.9975,0.000499374608886,0.996311919232,0.998306002389,0,0,0,0.000383998370677,0,0,0,0.000383998370677,0,0,0,0.000383998370677,,,,,,0.572864321608,0.69817839196,0.125314070352,0.21875,0.859830563126,0.1,0.75,0.8,0.975,0.95,0.95,0.005,0.005
C,eligibility,paired,shared,2000,,0,,,,,10000,10000,0,0.573110938592,0.716199615634,0.143088677042,0.143088677042,0,0.0251447860441,0.000251447860441,0.25198536495,0.249670120401,0.15625,0.365384615385,0.0956937799043,0.193069306931,1,0,0.999616001629,1,0,0,0,0.000383998370677,0.9998,0.000141407213395,0.999271004156,0.999945151073,0,0,0,0.000383998370677,0,0,0,0.000383998370677,0,0,0,0.000383998370677,,,,,,0.572864321608,0.71608040201,0.143216080402,0.25,-0.50667903878,0.1,0.75,0.8,1,0.95,0.95,0.005,0.005
C,eligibility,paired,shared,2000,,0,,,,,10000,10000,0,0.59676601902,0.447403108171,-0.149362910849,-0.149362910849,0,0.0116336939161,0.000116336939161,-0.25028476786,-0.250287224956,-0.285993376856,-0.214052150961,-0.172413793103,-0.126304265817,0,0,0,0.000383998370677,1,0,0.999616001629,1,0,0,0,0.000383998370677,1,0,0.999616001629,1,1,0,0.999616001629,1,0,0,0,0.000383998370677,,,,,,0.596858638743,0.447643979058,-0.149214659686,-0.25,-1.27432579742,0.5,0.75,0.8,0.6,0.95,0.95,0.005,0.005
C,eligibility,paired,shared,2000,,0,,,,,10000,10000,0,0.596746043678,0.466260544564,-0.130485499114,-0.130485499114,0,0.0109836766245,0.000109836766245,-0.218657284247,-0.218661691177,-0.253012048193,-0.184533763966,-0.152471546658,-0.108890818484,0,0,0,0.000383998370677,1,0,0.999616001629,1,0,0,0,0.000383998370677,1,0,0.999616001629,1,1,0,0.999616001629,1,0,0,0,0.000383998370677,,,,,,0.596858638743,0.466295811518,-0.130562827225,-0.21875,0.704027565576,0.5,0.75,0.8,0.625,0.95,0.95,0.005,0.005
C,eligibility,paired,shared,2000,,0,,,,,10000,10000,0,0.596795186967,0.484890733814,-0.111904453153,-0.111904453153,0,0.0101638250767,0.000101638250767,-0.187514423422,-0.187508973928,-0.219723586115,-0.155677655678,-0.132248465855,-0.0922279792746,0,0,0,0.000383998370677,1,0,0.999616001629,1,0,0,0,0.000383998370677,1,0,0.999616001629,1,1,0,0.999616001629,1,0,0,0,0.000383998370677,,,,,,0.596858638743,0.484947643979,-0.111910994764,-0.1875,0.0643617048665,0.5,0.75,0.8,0.65,0.95,0.95,0.005,0.005
C,eligibility,paired,shared,2000,,0,,,,,10000,10000,0,0.596781878395,0.503490195403,-0.093291682992,-0.093291682992,0,0.0094867089779,9.4867089779e-05,-0.156318853814,-0.156324590892,-0.186379928315,-0.127011812477,-0.112079649355,-0.0751263029809,0,0,0,0.000383998370677,1,0,0.999616001629,1,0,0,0,0.000383998370677,0.9999,9.9994999875e-05,0.999433731103,0.999982347326,1,0,0.999616001629,1,0,0,0,0.000383998370677,,,,,,0.596858638743,0.50359947644,-0.0932591623037,-0.15625,-0.342802634373,0.5,0.75,0.8,0.675,0.95,0.95,0.005,0.005
C,eligibility,paired,shared,2000,,0,,,,,10000,10000,0,0.596796369385,0.522162082116,-0.0746342872692,-0.0746342872692,0,0.00862408545538,8.62408545538e-05,-0.125060468896,-0.125058212646,-0.152658662093,-0.0980383260382,-0.0918806306306,-0.0579399141631,0,0,0,0.000383998370677,1,0,0.999616001629,1,0,0,0,0.000383998370677,0.9637,0.0018703558485,0.959852491029,0.967191388882,1,0,0.999616001629,1,0,0,0,0.000383998370677,,,,,,0.596858638743,0.522251308901,-0.0746073298429,-0.125,-0.312583014147,0.5,0.75,0.8,0.7,0.95,0.95,0.005,0.005
C,eligibility,paired,shared,2000,,0,,,,,10000,10000,0,0.597016576814,0.540966350191,-0.0560502266224,-0.0560502266224,0,0.00756918812297,7.56918812297e-05,-0.0938856180094,-0.0938838698945,-0.118760757315,-0.0704461303906,-0.0712009336175,-0.0417536534447,0,0,0,0.000383998370677,0.9998,0.000141407213395,0.999271004156,0.999945151073,0,0,0,0.000383998370677,0.3071,0.0046129122038,0.29813436407,0.316213782502,1,0,0.999616001629,1,0,0,0,0.000383998370677,,,,,,0.596858638743,0.540903141361,-0.0559554973822,-0.09375,-1.25151124091,0.5,0.75,0.8,0.725,0.95,0.95,0.005,0.005
C,eligibility,paired,shared,2000,,0,,,,,10000,10000,0,0.596993055004,0.559616582914,-0.0373764720902,-0.0373764720902,0,0.00616670421833,6.16670421833e-05,-0.0626072919491,-0.0626078842575,-0.0833333333333,-0.0433211296716,-0.0499469192013,-0.025826446281,0,0,0,0.000383998370677,0.8938,0.00308093427389,0.88760952723,0.899688035653,0,0,0,0.000383998370677,0.0003,0.000173179098046,0.000102032199418,0.000881735772236,1,0,0.999616001629,1,0,0,0,0.000383998370677,,,,,,0.596858638743,0.559554973822,-0.0373036649215,-0.0625,-1.1806496011,0.5,0.75,0.8,0.75,0.95,0.95,0.005,0.005
C,eligibility,paired,shared,2000,,0,,,,,10000,10000,0,0.596922151904,0.578266378057,-0.0186557738478,-0.0186557738478,0,0.00438404312245,4.38404312245e-05,-0.0312535772558,-0.0312532778156,-0.0463824283228,-0.0176366843034,-0.0276301806589,-0.0105152471083,0,0,0,0.000383998370677,0.0082,0.00090181816349,0.00661159660079,0.0101661041966,0,0,0,0.000383998370677,0,0,0,0.000383998370677,1,0,0.999616001629,1,0.0002,0.000141407213395,5.48489273209e-05,0.000728995844007,,,,,,0.596858638743,0.578206806283,-0.0186518324607,-0.03125,-0.089903016792,0.5,0.75,0.8,0.775,0.95,0.95,0.005,0.005
C,eligibility,paired,shared,2000,,0,,,,,10000,10000,0,0.596762370874,0.596762370874,0,0,0,0,0,0,0,0,0,0,0,0,0,0,0.000383998370677,0,0,0,0.000383998370677,0,0,0,0.000383998370677,0,0,0,0.000383998370677,0,0,0,0.000383998370677,1,0,0.999616001629,1,,,,,,0.596858638743,0.596858638743,0,0,0,0.5,0.75,0.8,0.8,0.95,0.95,0.005,0.005
C,eligibility,paired,shared,2000,,0,,,,,10000,10000,0,0.596941693153,0.615623110473,0.0186814173207,0.0186814173207,0,0.0044103671866,4.4103671866e-05,0.0313517328409,0.0312952128073,0.0173603588966,0.0472730456934,0.0105039261245,0.0276685103571,0.0108,0.00103360340557,0.00895372289977,0.0130219811061,0,0,0,0.000383998370677,0,0,0,0.000383998370677,0,0,0,0.000383998370677,0,0,0,0.000383998370677,0.0005,0.000223550889061,0.000213588426164,0.00117002594614,,,,,,0.596858638743,0.615510471204,0.0186518324607,0.03125,0.670802651193,0.5,0.75,0.8,0.825,0.95,0.95,0.005,0.005
C,eligibility,paired,shared,2000,,0,,,,,10000,10000,0,0.59682856256,0.634202210546,0.0373736479863,0.0373736479863,0,0.0062099237081,6.2099237081e-05,0.0627312518411,0.0626204078204,0.042328042328,0.0854099436824,0.0256673511294,0.0501536114329,0.8802,0.00324727516543,0.873689008948,0.886418998691,0,0,0,0.000383998370677,0.0009,0.000299864969611,0.000473577060585,0.00170973011302,0,0,0,0.000383998370677,0,0,0,0.000383998370677,0,0,0,0.000383998370677,,,,,,0.596858638743,0.634162303665,0.0373036649215,0.0625,1.1269553082,0.5,0.75,0.8,0.85,0.95,0.95,0.005,0.005
C,eligibility,paired,shared,2000,,0,,,,,10000,10000,0,0.59705475704,0.652984331857,0.0559295748177,0.0559295748177,0,0.0075666033575,7.5666033575e-05,0.0938453414833,0.0936757879545,0.0684206240357,0.121597709325,0.0416233090531,0.0711206896552,1,0,0.999616001629,1,0,0,0,0.000383998370677,0.3206,0.0046670723157,0.311523092644,0.329814685971,0,0,0,0.000383998370677,0,0,0,0.000383998370677,0,0,0,0.000383998370677,,,,,,0.596858638743,0.652814136126,0.0559554973822,0.09375,-0.342591824756,0.5,0.75,0.8,0.875,0.95,0.95,0.005,0.005
C,eligibility,paired,shared,2000,,0,,,,,10000,10000,0,0.596790792503,0.671405355906,0.0746145634031,0.0746145634031,0,0.0086025538833,8.6025538833e-05,0.125253048531,0.125026331405,0.095406360424,0.157069272532,0.0581778265642,0.0917042947823,1,0,0.999616001629,1,0,0,0,0.000383998370677,0.9472,0.00223633986684,0.942642608692,0.951413943165,0,0,0,0.000383998370677,0,0,0,0.000383998370677,0,0,0,0.000383998370677,,,,,,0.596858638743,0.671465968586,0.0746073298429,0.125,0.0840861939343,0.5,0.75,0.8,0.9,0.95,0.95,0.005,0.005
C,eligibility,paired,shared,2000,,0,,,,,10000,10000,0,0.596816794443,0.689988965547,0.0931721711037,0.0931721711037,0,0.00939503152968,9.39503152968e-05,0.156388715457,0.156115196441,0.123075571178,0.192110954159,0.0750521751128,0.111829999338,1,0,0.999616001629,1,0,0,0,0.000383998370677,0.9999,9.9994999875e-05,0.999433731103,0.999982347326,0,0,0,0.000383998370677,0,0,0,0.000383998370677,0,0,0,0.000383998370677,,,,,,0.596858638743,0.690117801047,0.0932591623037,0.15625,-0.925927706191,0.5,0.75,0.8,0.925,0.95,0.95,0.005,0.005
C,eligibility,paired,shared,2000,,0,,,,,10000,10000,0,0.59683844775,0.708760274309,0.111921826559,0.111921826559,0,0.0102480795054,0.000102480795054,0.187853045451,0.18752449173,0.150779242835,0.227515051998,0.0923691581613,0.132197709609,1,0,0.999616001629,1,0,0,0,0.000383998370677,1,0,0.999616001629,1,0,0,0,0.000383998370677,0,0,0,0.000383998370677,0,0,0,0.000383998370677,,,,,,0.596858638743,0.708769633508,0.111910994764,0.1875,0.105695849788,0.5,0.75,0.8,0.95,0.95,0.95,0.005,0.005
C,eligibility,paired,shared,2000,,0,,,,,10000,10000,0,0.596991575061,0.727535422221,0.130543847161,0.130543847161,0,0.0109762820225,0.000109762820225,0.219062453292,0.218669496546,0.177777777778,0.262888507064,0.109488666923,0.152525680534,1,0,0.999616001629,1,0,0,0,0.000383998370677,1,0,0.999616001629,1,0,0,0,0.000383998370677,0,0,0,0.000383998370677,0,0,0,0.000383998370677,,,,,,0.596858638743,0.727421465969,0.130562827225,0.21875,-0.172918884877,0.5,0.75,0.8,0.975,0.95,0.95,0.005,0.005
C,eligibility,paired,shared,2000,,0,,,,,10000,10000,0,0.596891118461,0.746223214307,0.149332095846,0.149332095846,0,0.0115614713638,0.000115614713638,0.250623108867,0.250183142666,0.206218468962,0.298373933708,0.127100840336,0.172308565531,1,0,0.999616001629,1,0,0,0,0.000383998370677,1,0,0.999616001629,1,0,0,0,0.000383998370677,0,0,0,0.000383998370677,0,0,0,0.000383998370677,,,,,,0.596858638743,0.746073298429,0.149214659686,0.25,1.01575445184,0.5,0.75,0.8,1,0.95,0.95,0.005,0.005
C,completion,paired,shared,2000,,0,,,,,10000,10000,0,0.395229531983,0.296554898692,-0.0986746332909,-0.0986746332909,0,0.0123330570936,0.000123330570936,-0.249688183371,-0.249664119976,-0.307359307359,-0.19534606866,-0.123478782907,-0.074998857404,0,0,0,0.000383998370677,1,0,0.999616001629,1,0,0,0,0.000383998370677,1,0,0.999616001629,1,1,0,0.999616001629,1,0,0,0,0.000383998370677,,,,,,0.395147313692,0.296360485269,-0.0987868284229,-0.25,0.909710634524,0.3,0.5,0.8,0.6,0.95,0.95,0.005,0.005
C,completion,paired,shared,2000,,0,,,,,10000,10000,0,0.395164443539,0.308712372646,-0.0864520708927,-0.0864520708927,0,0.0116607616473,0.000116607616473,-0.218781315504,-0.218774923469,-0.274336283186,-0.166666666667,-0.110108303249,-0.0642201834862,0,0,0,0.000383998370677,1,0,0.999616001629,1,0,0,0,0.000383998370677,1,0,0.999616001629,1,1,0,0.999616001629,1,0,0,0,0.000383998370677,,,,,,0.395147313692,0.308708838821,-0.08643847487,-0.21875,-0.11659635215,0.3,0.5,0.8,0.625,0.95,0.95,0.005,0.005
C,completion,paired,shared,2000,,0,,,,,10000,10000,0,0.395458516343,0.321542132023,-0.0739163843194,-0.0739163843194,0,0.0108544242807,0.000108544242807,-0.186924665989,-0.186913117975,-0.239319248826,-0.137495976395,-0.0956379486431,-0.0530805483209,0,0,0,0.000383998370677,1,0,0.999616001629,1,0,0,0,0.000383998370677,1,0,0.999616001629,1,1,0,0.999616001629,1,0,0,0,0.000383998370677,,,,,,0.395147313692,0.321057192374,-0.0740901213172,-0.1875,1.60060997533,0.3,0.5,0.8,0.65,0.95,0.95,0.005,0.005
C,completion,paired,shared,2000,,0,,,,,10000,10000,0,0.394780985105,0.333140665561,-0.0616403195442,-0.0616403195442,0,0.00992652172741,9.92652172741e-05,-0.156145593179,-0.156138015431,-0.205479452055,-0.111099726776,-0.0817503983191,-0.042807092646,0,0,0,0.000383998370677,1,0,0.999616001629,1,0,0,0,0.000383998370677,0.9922,0.000879724957018,0.990276767833,0.993745224171,1,0,0.999616001629,1,0,0,0,0.000383998370677,,,,,,0.395147313692,0.333405545927,-0.0617417677643,-0.15625,1.02199161928,0.3,0.5,0.8,0.675,0.95,0.95,0.005,0.005
C,completion,paired,shared,2000,,0,,,,,10000,10000,0,0.395426976523,0.346085857399,-0.0493411191241,-0.0493411191241,0,0.00900053728479,9.00053728479e-05,-0.124775643841,-0.124779344996,-0.168181818182,-0.0833333333333,-0.0675675675676,-0.0324232081911,0,0,0,0.000383998370677,0.9998,0.000141407213395,0.999271004156,0.999945151073,0,0,0,0.000383998370677,0.8729,0.00333084959132,0.866228144815,0.8792854692,1,0,0.999616001629,1,0,0,0,0.000383998370677,,,,,,0.395147313692,0.34575389948,-0.0493934142114,-0.125,0.581021839674,0.3,0.5,0.8,0.7,0.95,0.95,0.005,0.005
C,completion,paired,shared,2000,,0,,,,,10000,10000,0,0.39548673814,0.358540090103,-0.036946648037,-0.036946648037,0,0.0078279712969,7.8279712969e-05,-0.0934210901285,-0.0934207003016,-0.132701421801,-0.057519477495,-0.0530821917808,-0.0224137931034,0,0,0,0.000383998370677,0.9934,0.000809718469593,0.991612549226,0.994808521182,0,0,0,0.000383998370677,0.3576,0.00479293480031,0.348262346412,0.367047016324,1,0,0.999616001629,1,0,0,0,0.000383998370677,,,,,,0.395147313692,0.358102253033,-0.0370450606586,-0.09375,1.25719190577,0.3,0.5,0.8,0.725,0.95,0.95,0.005,0.005
C,completion,paired,shared,2000,,0,,,,,10000,10000,0,0.39548673814,0.370885287005,-0.0246014511353,-0.0246014511353,0,0.00643019456411,6.43019456411e-05,-0.0622064724562,-0.062205502139,-0.0954545454545,-0.0327868852459,-0.0379746835443,-0.0127041742287,0,0,0,0.000383998370677,0.773,0.00418892587664,0.764685931711,0.781104405179,0,0,0,0.000383998370677,0.0129,0.00112843209809,0.0108678872362,0.0153062039765,1,0,0.999616001629,1,0.0001,9.9994999875e-05,1.76526736011e-05,0.000566268897401,,,,,,0.395147313692,0.370450606586,-0.0246967071057,-0.0625,1.48138550763,0.3,0.5,0.8,0.75,0.95,0.95,0.005,0.005
C,completion,paired,shared,2000,,0,,,,,10000,10000,0,0.39548673814,0.38320781684,-0.0122789212999,-0.0122789212999,0,0.00456605345423,4.56605345423e-05,-0.0310490683139,-0.0310476183288,-0.0555555555556,-0.00961423444976,-0.0219594594595,-0.00364298724954,0,0,0,0.000383998370677,0.0575,0.00232795511125,0.053104923741,0.0622349148171,0,0,0,0.000383998370677,0,0,0,0.000383998370677,0.9994,0.00024487547856,0.998691475904,0.999724986524,0.0267,0.00161205179818,0.0237175657034,0.0300459271542,,,,,,0.395147313692,0.382798960139,-0.0123483535529,-0.03125,1.5206184874,0.3,0.5,0.8,0.775,0.95,0.95,0.005,0.005
C,completion,paired,shared,2000,,0,,,,,10000,10000,0,0.395011654636,0.395011654636,0,0,0,0,0,0,0,0,0,0,0,0,0,0,0.000383998370677,0,0,0,0.000383998370677,0,0,0,0.000383998370677,0,0,0,0.000383998370677,0,0,0,0.000383998370677,1,0,0.999616001629,1,,,,,,0.395147313692,0.395147313692,0,0,0,0.3,0.5,0.8,0.8,0.95,0.95,0.005,0.005
C,completion,paired,shared,2000,,0,,,,,10000,10000,0,0.395595661165,0.407851796425,0.0122561352601,0.0122561352601,0,0.00456040023763,4.56040023763e-05,0.0311170991994,0.0309814703833,0.0093023255814,0.056768558952,0.00362302460885,0.02203483353,0.0643,0.00245286587485,0.0596577915023,0.0692768246779,0,0,0,0.000383998370677,0,0,0,0.000383998370677,0,0,0,0.000383998370677,0,0,0,0.000383998370677,0.0281,0.00165258554998,0.0250377566728,0.0315246609894,,,,,,0.395147313692,0.407495667244,0.0123483535529,0.03125,-2.02215349341,0.3,0.5,0.8,0.825,0.95,0.95,0.005,0.005
C,completion,paired,shared,2000,,0,,,,,10000,10000,0,0.395452178838,0.420104970537,0.0246527916989,0.0246527916989,0,0.00640513133807,6.40513133807e-05,0.0626254870923,0.0623407658832,0.0321285140562,0.0990110685597,0.0130288618723,0.0379543175837,0.7618,0.00425982112301,0.753351371083,0.77004756737,0,0,0,0.000383998370677,0.0219,0.00146357063376,0.0192097246262,0.0249574546158,0,0,0,0.000383998370677,0,0,0,0.000383998370677,0.0001,9.9994999875e-05,1.76526736011e-05,0.000566268897401,,,,,,0.395147313692,0.419844020797,0.0246967071057,0.0625,-0.685628513861,0.3,0.5,0.8,0.85,0.95,0.95,0.005,0.005
C,completion,paired,shared,2000,,0,,,,,10000,10000,0,0.395733467267,0.432711972015,0.0369785047481,0.0369785047481,0,0.00780710091308,7.80710091308e-05,0.0938574924044,0.0934429554402,0.0555555555556,0.138095238095,0.0223744939855,0.052910294288,0.9892,0.00103360340557,0.986978018894,0.9910462771,0,0,0,0.000383998370677,0.3692,0.00482588188832,0.359793355119,0.378707098855,0,0,0,0.000383998370677,0,0,0,0.000383998370677,0,0,0,0.000383998370677,,,,,,0.395147313692,0.43219237435,0.0370450606586,0.09375,-0.852504806353,0.3,0.5,0.8,0.875,0.95,0.95,0.005,0.005
C,completion,paired,shared,2000,,0,,,,,10000,10000,0,0.395613337217,0.444795782498,0.0491824452812,0.0491824452812,0,0.00895247826525,8.95247826525e-05,0.124867136498,0.124319482319,0.0799957983193,0.175925925926,0.0324232081911,0.0671657468958,0.9998,0.000141407213395,0.999271004156,0.999945151073,0,0,0,0.000383998370677,0.8413,0.00365396100143,0.834007485228,0.848330397484,0,0,0,0.000383998370677,0,0,0,0.000383998370677,0,0,0,0.000383998370677,,,,,,0.395147313692,0.444540727903,0.0493934142114,0.125,-2.35654222229,0.3,0.5,0.8,0.9,0.95,0.95,0.005,0.005
C,completion,paired,shared,2000,,0,,,,,10000,10000,0,0.395033496216,0.45685235269,0.0618188564732,0.0618188564732,0,0.0099931800146,9.9931800146e-05,0.157181934857,0.156490163658,0.10611915734,0.217597222222,0.0431642745505,0.0821428571429,1,0,0.999616001629,1,0,0,0,0.000383998370677,0.986,0.00117490425142,0.983503497633,0.988123255951,0,0,0,0.000383998370677,0,0,0,0.000383998370677,0,0,0,0.000383998370677,,,,,,0.395147313692,0.456889081456,0.0617417677643,0.15625,0.771413191557,0.3,0.5,0.8,0.925,0.95,0.95,0.005,0.005
C,completion,paired,shared,2000,,0,,,,,10000,10000,0,0.395260138579,0.469249526847,0.0739893882681,0.0739893882681,0,0.0108961386026,0.000108961386026,0.188052539139,0.187191626593,0.130434782609,0.255001518219,0.053191033174,0.0961538461538,1,0,0.999616001629,1,0,0,0,0.000383998370677,0.9994,0.00024487547856,0.998691475904,0.999724986524,0,0,0,0.000383998370677,0,0,0,0.000383998370677,0,0,0,0.000383998370677,,,,,,0.395147313692,0.469237435009,0.0740901213172,0.1875,-0.924483918206,0.3,0.5,0.8,0.95,0.95,0.95,0.005,0.005
C,completion,paired,shared,2000,,0,,,,,10000,10000,0,0.395102518629,0.481500199131,0.0863976805016,0.0863976805016,0,0.0115746316084,0.000115746316084,0.219666873032,0.218671550871,0.158139534884,0.292311320755,0.0646853146853,0.109797297297,1,0,0.999616001629,1,0,0,0,0.000383998370677,1,0,0.999616001629,1,0,0,0,0.000383998370677,0,0,0,0.000383998370677,0,0,0,0.000383998370677,,,,,,0.395147313692,0.481585788562,0.08643847487,0.21875,-0.352446365252,0.3,0.5,0.8,0.975,0.95,0.95,0.005,0.005
C,completion,paired,shared,2000,,0,,,,,10000,10000,0,0.395035694702,0.493756546227,0.0987208515254,0.0987208515254,0,0.0122914435694,0.000122914435694,0.251026823243,0.249903623519,0.183591062213,0.328358208955,0.0752499070977,0.123378075413,1,0,0.999616001629,1,0,0,0,0.000383998370677,1,0,0.999616001629,1,0,0,0,0.000383998370677,0,0,0,0.000383998370677,0,0,0,0.000383998370677,,,,,,0.395147313692,0.493934142114,0.0987868284229,0.25,-0.536770942556,0.3,0.5,0.8,1,0.95,0.95,0.005,0.005
C,completion,paired,shared,2000,,0,,,,,10000,10000,0,0.711697521389,0.533950627322,-0.177746894067,-0.177746894067,0,0.01614090607,0.0001614090607,-0.249746054767,-0.249750615571,-0.292191435768,-0.208333333333,-0.209342560554,-0.146850760161,0,0,0,0.000383998370677,1,0,0.999616001629,1,0,0,0,0.000383998370677,1,0,0.999616001629,1,1,0,0.999616001629,1,0,0,0,0.000383998370677,,,,,,0.711265164645,0.533448873484,-0.177816291161,-0.25,0.429945467801,0.3,0.9,0.8,0.6,0.95,0.95,0.005,0.005
C,completion,paired,shared,2000,,0,,,,,10000,10000,0,0.711517825626,0.556184827997,-0.155332997629,-0.155332997629,0,0.0152616512024,0.000152616512024,-0.218310314031,-0.218312165957,-0.259526098901,-0.179361179361,-0.186170468003,-0.126279013074,0,0,0,0.000383998370677,1,0,0.999616001629,1,0,0,0,0.000383998370677,1,0,0.999616001629,1,1,0,0.999616001629,1,0,0,0,0.000383998370677,,,,,,0.711265164645,0.555675909879,-0.155589254766,-0.21875,1.67909181872,0.3,0.9,0.8,0.625,0.95,0.95,0.005,0.005
C,completion,paired,shared,2000,,0,,,,,10000,10000,0,0.711583253142,0.578269589554,-0.133313663588,-0.133313663588,0,0.0141816352699,0.000141816352699,-0.187350587163,-0.1873479498,-0.226545069365,-0.150943396226,-0.161871783712,-0.106271777003,0,0,0,0.000383998370677,1,0,0.999616001629,1,0,0,0,0.000383998370677,1,0,0.999616001629,1,1,0,0.999616001629,1,0,0,0,0.000383998370677,,,,,,0.711265164645,0.577902946274,-0.133362218371,-0.1875,0.342377883408,0.3,0.9,0.8,0.65,0.95,0.95,0.005,0.005
C,completion,paired,shared,2000,,0,,,,,10000,10000,0,0.711636963447,0.600549162305,-0.111087801142,-0.111087801142,0,0.0131421654116,0.000131421654116,-0.156107915381,-0.156101786231,-0.192894595402,-0.121518987342,-0.137566581442,-0.0862660879068,0,0,0,0.000383998370677,1,0,0.999616001629,1,0,0,0,0.000383998370677,0.9992,0.000282729552753,0.998422049747,0.99959456628,1,0,0.999616001629,1,0,0,0,0.000383998370677,,,,,,0.711265164645,0.600129982669,-0.111135181976,-0.15625,0.360525315575,0.3,0.9,0.8,0.675,0.95,0.95,0.005,0.005
C,completion,paired,shared,2000,,0,,,,,10000,10000,0,0.711362582902,0.62241898663,-0.0889435962719,-0.0889435962719,0,0.0118818086955,0.000118818086955,-0.12503941966,-0.125032716662,-0.158508158508,-0.0933652743653,-0.112933209883,-0.0664451827243,0,0,0,0.000383998370677,1,0,0.999616001629,1,0,0,0,0.000383998370677,0.9423,0.0023317527742,0.937557728131,0.94670258691,1,0,0.999616001629,1,0,0,0,0.000383998370677,,,,,,0.711265164645,0.622357019064,-0.0889081455806,-0.125,-0.298361067776,0.3,0.9,0.8,0.7,0.95,0.95,0.005,0.005
C,completion,paired,shared,2000,,0,,,,,10000,10000,0,0.711748477126,0.645087327787,-0.0666611493394,-0.0666611493394,0,0.0104546296162,0.000104546296162,-0.0936618729892,-0.0936582957066,-0.122971654287,-0.0663507109005,-0.0878136200717,-0.0469011725293,0,0,0,0.000383998370677,0.9996,0.000199959995999,0.998971871665,0.999844437163,0,0,0,0.000383998370677,0.3217,0.00467128579729,0.312614416963,0.330922516856,1,0,0.999616001629,1,0,0,0,0.000383998370677,,,,,,0.711265164645,0.644584055459,-0.0666811091854,-0.09375,0.190918729393,0.3,0.9,0.8,0.725,0.95,0.95,0.005,0.005
C,completion,paired,shared,2000,,0,,,,,10000,10000,0,0.711347209615,0.666796040348,-0.0445511692674,-0.0445511692674,0,0.00859172609362,8.59172609362e-05,-0.0626390060267,-0.0626292880119,-0.0869589479814,-0.04,-0.0620692548021,-0.0284191829485,0,0,0,0.000383998370677,0.8538,0.00353306609052,0.84673945588,0.860588826873,0,0,0,0.000383998370677,0.0017,0.00041195994951,0.00106170736112,0.0027209854151,1,0,0.999616001629,1,0,0,0,0.000383998370677,,,,,,0.711265164645,0.666811091854,-0.0444540727903,-0.0625,-1.13011606843,0.3,0.9,0.8,0.75,0.95,0.95,0.005,0.005
C,completion,paired,shared,2000,,0,,,,,10000,10000,0,0.711347209615,0.689051865608,-0.0222953440073,-0.0222953440073,0,0.00614719133331,6.14719133331e-05,-0.0313490731025,-0.0313424214025,-0.0491410561083,-0.0153051487771,-0.0350877192982,-0.0107908825543,0,0,0,0.000383998370677,0.0221,0.0014700880926,0.0193969071497,0.0251701184929,0,0,0,0.000383998370677,0,0,0,0.000383998370677,1,0,0.999616001629,1,0.0029,0.000537735064879,0.00201999663356,0.00416177454657,,,,,,0.711265164645,0.68903812825,-0.0222270363951,-0.03125,-1.1112003581,0.3,0.9,0.8,0.775,0.95,0.95,0.005,0.005
C,completion,paired,shared,2000,,0,,,,,10000,10000,0,0.711658981338,0.711658981338,0,0,0,0,0,0,0,0,0,0,0,0,0,0,0.000383998370677,0,0,0,0.000383998370677,0,0,0,0.000383998370677,0,0,0,0.000383998370677,0,0,0,0.000383998370677,1,0,0.999616001629,1,,,,,,0.711265164645,0.711265164645,0,0,0,0.3,0.9,0.8,0.8,0.95,0.95,0.005,0.005
C,completion,paired,shared,2000,,0,,,,,10000,10000,0,0.711401890241,0.73370283933,0.0223009490889,0.0223009490889,0,0.00611907566963,6.11907566963e-05,0.0314277222502,0.031347891248,0.015343316218,0.0500031328321,0.0109284649776,0.0350877192982,0.0254,0.00157336709003,0.0224937133386,0.0286707779149,0,0,0,0.000383998370677,0,0,0,0.000383998370677,0,0,0,0.000383998370677,0,0,0,0.000383998370677,0.0022,0.000468525346166,0.00145334957779,0.00332895920005,,,,,,0.711265164645,0.73349220104,0.0222270363951,0.03125,1.20790618953,0.3,0.9,0.8,0.825,0.95,0.95,0.005,0.005
C,completion,paired,shared,2000,,0,,,,,10000,10000,0,0.71135870372,0.75576719825,0.0444084945293,0.0444084945293,0,0.00855749607192,8.55749607192e-05,0.0625886704537,0.0624277095326,0.0390804597701,0.0888888888889,0.0283687943262,0.0619469026549,0.837,0.00369365672471,0.829631391765,0.844109793334,0,0,0,0.000383998370677,0.0037,0.000607149899119,0.00268564803775,0.00509550874498,0,0,0,0.000383998370677,0,0,0,0.000383998370677,0,0,0,0.000383998370677,,,,,,0.711265164645,0.755719237435,0.0444540727903,0.0625,-0.532612116814,0.3,0.9,0.8,0.85,0.95,0.95,0.005,0.005
C,completion,paired,shared,2000,,0,,,,,10000,10000,0,0.711565397552,0.778341220739,0.0667758231868,0.0667758231868,0,0.0104757400258,0.000104757400258,0.0940741675439,0.093843550314,0.0645879732739,0.127139364303,0.0469565217391,0.0880736321719,0.9991,0.000299864969611,0.998290269887,0.999526422939,0,0,0,0.000383998370677,0.3397,0.00473607337359,0.330480599978,0.3490425099,0,0,0,0.000383998370677,0,0,0,0.000383998370677,0,0,0,0.000383998370677,,,,,,0.711265164645,0.77794627383,0.0666811091854,0.09375,0.90412707024,0.3,0.9,0.8,0.875,0.95,0.95,0.005,0.005
C,completion,paired,shared,2000,,0,,,,,10000,10000,0,0.71138159914,0.8003908527,0.0890092535595,0.0890092535595,0,0.0120037833764,0.000120037833764,0.125433791412,0.125121669814,0.09,0.164216574311,0.0657672849916,0.113074204947,1,0,0.999616001629,1,0,0,0,0.000383998370677,0.9191,0.00272681480853,0.913593210741,0.924284921825,0,0,0,0.000383998370677,0,0,0,0.000383998370677,0,0,0,0.000383998370677,,,,,,0.711265164645,0.800173310225,0.0889081455806,0.125,0.84230092876,0.3,0.9,0.8,0.9,0.95,0.95,0.005,0.005
C,completion,paired,shared,2000,,0,,,,,10000,10000,0,0.711345021959,0.822375860598,0.111030838639,0.111030838639,0,0.0131707451779,0.000131707451779,0.156481228193,0.156085774429,0.116915422886,0.200957227429,0.0859229034345,0.137457044674,1,0,0.999616001629,1,0,0,0,0.000383998370677,0.9986,0.000373903730925,0.997651238854,0.999165837971,0,0,0,0.000383998370677,0,0,0,0.000383998370677,0,0,0,0.000383998370677,,,,,,0.711265164645,0.82240034662,0.111135181976,0.15625,-0.792235637472,0.3,0.9,0.8,0.925,0.95,0.95,0.005,0.005
C,completion,paired,shared,2000,,0,,,,,10000,10000,0,0.711614682744,0.844771418877,0.133156736133,0.133156736133,0,0.0141624630726,0.000141624630726,0.187579035313,0.187119152207,0.143564356436,0.23544973545,0.106006463109,0.161290322581,1,0,0.999616001629,1,0,0,0,0.000383998370677,1,0,0.999616001629,1,0,0,0,0.000383998370677,0,0,0,0.000383998370677,0,0,0,0.000383998370677,,,,,,0.711265164645,0.844627383016,0.133362218371,0.1875,-1.45089336994,0.3,0.9,0.8,0.95,0.95,0.95,0.005,0.005
C,completion,paired,shared,2000,,0,,,,,10000,10000,0,0.71152289806,0.866846382737,0.155323484677,0.155323484677,0,0.0151551117419,0.000151551117419,0.218838536256,0.218297239766,0.17169200996,0.271820448878,0.126495222035,0.185568815787,1,0,0.999616001629,1,0,0,0,0.000383998370677,1,0,0.999616001629,1,0,0,0,0.000383998370677,0,0,0,0.000383998370677,0,0,0,0.000383998370677,,,,,,0.711265164645,0.866854419411,0.155589254766,0.21875,-1.75366631186,0.3,0.9,0.8,0.975,0.95,0.95,0.005,0.005
C,completion,paired,shared,2000,,0,,,,,10000,10000,0,0.711558468907,0.888879732478,0.177321263571,0.177321263571,0,0.0159075884848,0.000159075884848,0.24981480715,0.249201255159,0.199105145414,0.307894736842,0.147106222654,0.209472648734,1,0,0.999616001629,1,0,0,0,0.000383998370677,1,0,0.999616001629,1,0,0,0,0.000383998370677,0,0,0,0.000383998370677,0,0,0,0.000383998370677,,,,,,0.711265164645,0.889081455806,0.177816291161,0.25,-3.11189587875,0.3,0.9,0.8,1,0.95,0.95,0.005,0.005
C,baseline_capture,paired,shared,2000,,0,,,,,10000,10000,0,0.444326437712,0.444326437712,0,0,0,0,0,0,0,0,0,0,0,0,0,0,0.000383998370677,0,0,0,0.000383998370677,0,0,0,0.000383998370677,0,0,0,0.000383998370677,0,0,0,0.000383998370677,1,0,0.999616001629,1,,,,,,0.444540727903,0.444540727903,0,0,0,0.3,0.75,0.6,0.6,0.95,0.95,0.005,0.005
C,baseline_capture,paired,shared,2000,,0,,,,,10000,10000,0,0.444659122261,0.463146148121,0.0184870258595,0.0184870258595,0,0.00566232054226,5.66232054226e-05,0.0417408555338,0.0415757260652,0.0186567164179,0.0697674418605,0.00854700854701,0.0305764572016,0.2592,0.00438195572775,0.25070514269,0.267879790925,0,0,0,0.000383998370677,0.0002,0.000141407213395,5.48489273209e-05,0.000728995844007,0,0,0,0.000383998370677,0,0,0,0.000383998370677,0.0016,0.000399679871897,0.000985132659693,0.0025976369162,,,,,,0.444540727903,0.463063258232,0.0185225303293,0.0416666666667,-0.627030375417,0.3,0.75,0.6,0.625,0.95,0.95,0.005,0.005
C,baseline_capture,paired,shared,2000,,0,,,,,10000,10000,0,0.444357507557,0.481459385159,0.0371018776023,0.0371018776023,0,0.00796276055668,7.96276055668e-05,0.0838267719887,0.0834955570039,0.0494296577947,0.123967768595,0.0223752151463,0.0537271016194,0.9727,0.00162956159749,0.969320060383,0.975716907557,0,0,0,0.000383998370677,0.1935,0.00395041453521,0.185875617358,0.201359773643,0,0,0,0.000383998370677,0,0,0,0.000383998370677,0,0,0,0.000383998370677,,,,,,0.444540727903,0.481585788562,0.0370450606586,0.0833333333333,0.71353324461,0.3,0.75,0.6,0.65,0.95,0.95,0.005,0.005
C,baseline_capture,paired,shared,2000,,0,,,,,10000,10000,0,0.444348244187,0.499925219128,0.0555769749409,0.0555769749409,0,0.00941790749205,9.41790749205e-05,0.125580930267,0.125075266231,0.0823529411765,0.174471462344,0.0375,0.0747335394474,1,0,0.999616001629,1,0,0,0,0.000383998370677,0.8649,0.0034183035266,0.858059948273,0.871459809716,0,0,0,0.000383998370677,0,0,0,0.000383998370677,0,0,0,0.000383998370677,,,,,,0.444540727903,0.500108318891,0.0555675909879,0.125,0.0996394693409,0.3,0.75,0.6,0.675,0.95,0.95,0.005,0.005
C,baseline_capture,paired,shared,2000,,0,,,,,10000,10000,0,0.444283601964,0.518419973223,0.0741363712597,0.0741363712597,0,0.0108764126971,0.000108764126971,0.167516244885,0.166867223845,0.115829099776,0.223882037688,0.053171749634,0.0959355752648,1,0,0.999616001629,1,0,0,0,0.000383998370677,0.9975,0.000499374608886,0.996311919232,0.998306002389,0,0,0,0.000383998370677,0,0,0,0.000383998370677,0,0,0,0.000383998370677,,,,,,0.444540727903,0.51863084922,0.0740901213172,0.166666666667,0.425231588781,0.3,0.75,0.6,0.7,0.95,0.95,0.005,0.005
C,baseline_capture,paired,shared,2000,,0,,,,,10000,10000,0,0.444387646096,0.537039172162,0.0926515260666,0.0926515260666,0,0.0120154133849,0.000120154133849,0.209288882827,0.208492578227,0.151394422311,0.273913043478,0.0697664530929,0.116751269036,1,0,0.999616001629,1,0,0,0,0.000383998370677,1,0,0.999616001629,1,0,0,0,0.000383998370677,0,0,0,0.000383998370677,0,0,0,0.000383998370677,,,,,,0.444540727903,0.537153379549,0.0926126516464,0.208333333333,0.323537933699,0.3,0.75,0.6,0.725,0.95,0.95,0.005,0.005
C,baseline_capture,paired,shared,2000,,0,,,,,10000,10000,0,0.444133642915,0.555559903684,0.11142626077,0.11142626077,0,0.013073351082,0.00013073351082,0.251839755354,0.250884531148,0.187494478799,0.323770491803,0.0862676056338,0.137289768049,1,0,0.999616001629,1,0,0,0,0.000383998370677,1,0,0.999616001629,1,0,0,0,0.000383998370677,0,0,0,0.000383998370677,0,0,0,0.000383998370677,,,,,,0.444540727903,0.555675909879,0.111135181976,0.25,2.22650483396,0.3,0.75,0.6,0.75,0.95,0.95,0.005,0.005
C,baseline_capture,paired,shared,2000,,0,,,,,10000,10000,0,0.444324119913,0.573942617901,0.129618497988,0.129618497988,0,0.0139551823437,0.000139551823437,0.292849213756,0.291720598048,0.22176617089,0.373983739837,0.102836879433,0.157453936348,1,0,0.999616001629,1,0,0,0,0.000383998370677,1,0,0.999616001629,1,0,0,0,0.000383998370677,0,0,0,0.000383998370677,0,0,0,0.000383998370677,,,,,,0.444540727903,0.574198440208,0.129657712305,0.291666666667,-0.28100182388,0.3,0.75,0.6,0.775,0.95,0.95,0.005,0.005
C,baseline_capture,paired,shared,2000,,0,,,,,10000,10000,0,0.444344356131,0.592395084318,0.148050728187,0.148050728187,0,0.0146283096763,0.000146283096763,0.334467380248,0.33318917219,0.258064516129,0.421876648207,0.119800116126,0.177331745022,1,0,0.999616001629,1,0,0,0,0.000383998370677,1,0,0.999616001629,1,0,0,0,0.000383998370677,0,0,0,0.000383998370677,0,0,0,0.000383998370677,,,,,,0.444540727903,0.592720970537,0.148180242634,0.333333333333,-0.885368510957,0.3,0.75,0.6,0.8,0.95,0.95,0.005,0.005
C,baseline_capture,paired,shared,2000,,0,,,,,10000,10000,0,0.444334126455,0.611216260442,0.166882133987,0.166882133987,0,0.0153732139278,0.000153732139278,0.377045404118,0.375578025749,0.296153846154,0.472008510638,0.137566137566,0.197530864198,1,0,0.999616001629,1,0,0,0,0.000383998370677,1,0,0.999616001629,1,0,0,0,0.000383998370677,0,0,0,0.000383998370677,0,0,0,0.000383998370677,,,,,,0.444540727903,0.611243500867,0.166702772964,0.375,1.16671129498,0.3,0.75,0.6,0.825,0.95,0.95,0.005,0.005
C,baseline_capture,paired,shared,2000,,0,,,,,10000,10000,0,0.444396371641,0.629607307095,0.185210935454,0.185210935454,0,0.0160670487809,0.000160670487809,0.418401719147,0.416769684167,0.330909090909,0.51965498336,0.154121706872,0.217106463696,1,0,0.999616001629,1,0,0,0,0.000383998370677,1,0,0.999616001629,1,0,0,0,0.000383998370677,0,0,0,0.000383998370677,0,0,0,0.000383998370677,,,,,,0.444540727903,0.629766031196,0.185225303293,0.416666666667,-0.0894242576891,0.3,0.75,0.6,0.85,0.95,0.95,0.005,0.005
C,baseline_capture,paired,shared,2000,,0,,,,,10000,10000,0,0.444673077123,0.648377284407,0.203704207284,0.203704207284,0,0.0166039045776,0.000166039045776,0.459848679358,0.458098809584,0.36822169933,0.5655833624,0.171790235081,0.236757145347,1,0,0.999616001629,1,0,0,0,0.000383998370677,1,0,0.999616001629,1,0,0,0,0.000383998370677,0,0,0,0.000383998370677,0,0,0,0.000383998370677,,,,,,0.444540727903,0.648288561525,0.203747833622,0.458333333333,-0.262747462559,0.3,0.75,0.6,0.875,0.95,0.95,0.005,0.005
C,baseline_capture,paired,shared,2000,,0,,,,,10000,10000,0,0.444484823119,0.666702337028,0.222217513909,0.222217513909,0,0.0170607626986,0.000170607626986,0.501903481597,0.499943985374,0.403384136129,0.613828306852,0.189188005869,0.256055363322,1,0,0.999616001629,1,0,0,0,0.000383998370677,1,0,0.999616001629,1,0,0,0,0.000383998370677,0,0,0,0.000383998370677,0,0,0,0.000383998370677,,,,,,0.444540727903,0.666811091854,0.222270363951,0.5,-0.30977538251,0.3,0.75,0.6,0.9,0.95,0.95,0.005,0.005
C,baseline_capture,paired,shared,2000,,0,,,,,10000,10000,0,0.444548157544,0.685309883274,0.240761725731,0.240761725731,0,0.0177139893821,0.000177139893821,0.543672589309,0.541587501028,0.43893129771,0.662552694971,0.206540447504,0.275741710297,1,0,0.999616001629,1,0,0,0,0.000383998370677,1,0,0.999616001629,1,0,0,0,0.000383998370677,0,0,0,0.000383998370677,0,0,0,0.000383998370677,,,,,,0.444540727903,0.685333622184,0.240792894281,0.541666666667,-0.175954435451,0.3,0.75,0.6,0.925,0.95,0.95,0.005,0.005
C,baseline_capture,paired,shared,2000,,0,,,,,10000,10000,0,0.444602534225,0.703719000793,0.259116466568,0.259116466568,0,0.0182290886579,0.000182290886579,0.585092564464,0.58280474496,0.474820143885,0.711014117368,0.223878608733,0.295139665325,1,0,0.999616001629,1,0,0,0,0.000383998370677,1,0,0.999616001629,1,0,0,0,0.000383998370677,0,0,0,0.000383998370677,0,0,0,0.000383998370677,,,,,,0.444540727903,0.703856152513,0.25931542461,0.583333333333,-1.09143164525,0.3,0.75,0.6,0.95,0.95,0.95,0.005,0.005
C,baseline_capture,paired,shared,2000,,0,,,,,10000,10000,0,0.444332051646,0.72210749578,0.277775444134,0.277775444134,0,0.0184850958466,0.000184850958466,0.627626861045,0.625152840325,0.511536259542,0.76018907563,0.241622574956,0.314711595724,1,0,0.999616001629,1,0,0,0,0.000383998370677,1,0,0.999616001629,1,0,0,0,0.000383998370677,0,0,0,0.000383998370677,0,0,0,0.000383998370677,,,,,,0.444540727903,0.722378682842,0.277837954939,0.625,-0.338168685365,0.3,0.75,0.6,0.975,0.95,0.95,0.005,0.005
C,baseline_capture,paired,shared,2000,,0,,,,,10000,10000,0,0.444296562594,0.740611038863,0.296314476268,0.296314476268,0,0.0188272251174,0.000188272251174,0.669565793332,0.666929481826,0.546873536985,0.806587820313,0.25978532144,0.333895590521,1,0,0.999616001629,1,0,0,0,0.000383998370677,1,0,0.999616001629,1,0,0,0,0.000383998370677,0,0,0,0.000383998370677,0,0,0,0.000383998370677,,,,,,0.444540727903,0.740901213172,0.296360485269,0.666666666667,-0.244374835649,0.3,0.75,0.6,1,0.95,0.95,0.005,0.005
C,baseline_capture,paired,shared,2000,,0,,,,,10000,10000,0,0.666941880103,0.44459268238,-0.222349197722,-0.222349197722,0,0.0172939963753,0.000172939963753,-0.333382135144,-0.333386168054,-0.381419425328,-0.287234042553,-0.256994238156,-0.189096044479,0,0,0,0.000383998370677,1,0,0.999616001629,1,0,0,0,0.000383998370677,1,0,0.999616001629,1,1,0,0.999616001629,1,0,0,0,0.000383998370677,,,,,,0.666811091854,0.444540727903,-0.222270363951,-0.333333333333,-0.455844727823,0.3,0.75,0.9,0.6,0.95,0.95,0.005,0.005
C,baseline_capture,paired,shared,2000,,0,,,,,10000,10000,0,0.666821150743,0.462929547563,-0.20389160318,-0.20389160318,0,0.0167739842527,0.000167739842527,-0.305756989439,-0.305766550675,-0.352480907311,-0.26,-0.236935049012,-0.171821305842,0,0,0,0.000383998370677,1,0,0.999616001629,1,0,0,0,0.000383998370677,1,0,0.999616001629,1,1,0,0.999616001629,1,0,0,0,0.000383998370677,,,,,,0.666811091854,0.463063258232,-0.203747833622,-0.305555555556,-0.857098444375,0.3,0.75,0.9,0.625,0.95,0.95,0.005,0.005
C,baseline_capture,paired,shared,2000,,0,,,,,10000,10000,0,0.666819606588,0.481552068796,-0.185267537791,-0.185267537791,0,0.0161278387332,0.000161278387332,-0.27783736651,-0.277837568003,-0.323529411765,-0.233801902323,-0.217241522274,-0.154255319149,0,0,0,0.000383998370677,1,0,0.999616001629,1,0,0,0,0.000383998370677,1,0,0.999616001629,1,1,0,0.999616001629,1,0,0,0,0.000383998370677,,,,,,0.666811091854,0.481585788562,-0.185225303293,-0.277777777778,-0.26187326803,0.3,0.75,0.9,0.65,0.95,0.95,0.005,0.005
C,baseline_capture,paired,shared,2000,,0,,,,,10000,10000,0,0.666795034454,0.500198106665,-0.166596927788,-0.166596927788,0,0.0153502482074,0.000153502482074,-0.249854006949,-0.249847283168,-0.293956224222,-0.207592383176,-0.197553498907,-0.137254061144,0,0,0,0.000383998370677,1,0,0.999616001629,1,0,0,0,0.000383998370677,1,0,0.999616001629,1,1,0,0.999616001629,1,0,0,0,0.000383998370677,,,,,,0.666811091854,0.500108318891,-0.166702772964,-0.25,0.689533965534,0.3,0.75,0.9,0.675,0.95,0.95,0.005,0.005
C,baseline_capture,paired,shared,2000,,0,,,,,10000,10000,0,0.666891957521,0.518567049258,-0.148324908263,-0.148324908263,0,0.0146828701286,0.000146828701286,-0.22241963539,-0.222412201242,-0.264936112275,-0.182266009852,-0.178152496293,-0.12035360732,0,0,0,0.000383998370677,1,0,0.999616001629,1,0,0,0,0.000383998370677,1,0,0.999616001629,1,1,0,0.999616001629,1,0,0,0,0.000383998370677,,,,,,0.666811091854,0.51863084922,-0.148180242634,-0.222222222222,-0.985268051808,0.3,0.75,0.9,0.7,0.95,0.95,0.005,0.005
C,baseline_capture,paired,shared,2000,,0,,,,,10000,10000,0,0.666911967308,0.53722402023,-0.129687947078,-0.129687947078,0,0.0138771074096,0.000138771074096,-0.194460893871,-0.194460368737,-0.23498694517,-0.156171112108,-0.157712305026,-0.103188791039,0,0,0,0.000383998370677,1,0,0.999616001629,1,0,0,0,0.000383998370677,1,0,0.999616001629,1,1,0,0.999616001629,1,0,0,0,0.000383998370677,,,,,,0.666811091854,0.537153379549,-0.129657712305,-0.194444444444,-0.217875182493,0.3,0.75,0.9,0.725,0.95,0.95,0.005,0.005
C,baseline_capture,paired,shared,2000,,0,,,,,10000,10000,0,0.666729466514,0.555670573243,-0.111058893271,-0.111058893271,0,0.013094363495,0.00013094363495,-0.166567187844,-0.166572648801,-0.204546907696,-0.129973474801,-0.137521222411,-0.0859632773181,0,0,0,0.000383998370677,1,0,0.999616001629,1,0,0,0,0.000383998370677,0.9998,0.000141407213395,0.999271004156,0.999945151073,1,0,0.999616001629,1,0,0,0,0.000383998370677,,,,,,0.666811091854,0.555675909879,-0.111135181976,-0.166666666667,0.58260720373,0.3,0.75,0.9,0.75,0.95,0.95,0.005,0.005
C,baseline_capture,paired,shared,2000,,0,,,,,10000,10000,0,0.666868465831,0.574275146578,-0.092593319253,-0.092593319253,0,0.0120656574468,0.000120656574468,-0.138838264054,-0.138847949779,-0.174480068386,-0.104838709677,-0.11724137931,-0.0693227818292,0,0,0,0.000383998370677,1,0,0.999616001629,1,0,0,0,0.000383998370677,0.9879,0.0010933247459,0.985562005394,0.989863288996,1,0,0.999616001629,1,0,0,0,0.000383998370677,,,,,,0.666811091854,0.574198440208,-0.0926126516464,-0.138888888889,0.160226605843,0.3,0.75,0.9,0.775,0.95,0.95,0.005,0.005
C,baseline_capture,paired,shared,2000,,0,,,,,10000,10000,0,0.666949686394,0.592813824416,-0.0741358619785,-0.0741358619785,0,0.0108580064159,0.000108580064159,-0.111149784778,-0.1111566037,-0.143603133159,-0.0805555555556,-0.0962573619743,-0.0535714285714,0,0,0,0.000383998370677,1,0,0.999616001629,1,0,0,0,0.000383998370677,0.7555,0.00429790355871,0.746979198293,0.76382457854,1,0,0.999616001629,1,0,0,0,0.000383998370677,,,,,,0.666811091854,0.592720970537,-0.0740901213172,-0.111111111111,-0.421262058157,0.3,0.75,0.9,0.8,0.95,0.95,0.005,0.005
C,baseline_capture,paired,shared,2000,,0,,,,,10000,10000,0,0.667141249068,0.611605972094,-0.0555352769741,-0.0555352769741,0,0.0095336132553,9.5336132553e-05,-0.0832362774057,-0.0832436564996,-0.111688311688,-0.0563002680965,-0.0751252086811,-0.0374149659864,0,0,0,0.000383998370677,0.993,0.000833726573884,0.991165996916,0.99445538069,0,0,0,0.000383998370677,0.1128,0.00316348162631,0.106747781867,0.119149586472,1,0,0.999616001629,1,0,0,0,0.000383998370677,,,,,,0.666811091854,0.611243500867,-0.0555675909879,-0.0833333333333,0.338948233798,0.3,0.75,0.9,0.825,0.95,0.95,0.005,0.005
C,baseline_capture,paired,shared,2000,,0,,,,,10000,10000,0,0.666958405578,0.629905914069,-0.0370524915084,-0.0370524915084,0,0.00775384333324,7.75384333324e-05,-0.0555541804263,-0.0555544261808,-0.0790834836573,-0.034089421704,-0.0528187929228,-0.0226086956522,0,0,0,0.000383998370677,0.6751,0.00468337474478,0.665855032332,0.684210491438,0,0,0,0.000383998370677,0.0004,0.000199959995999,0.000155562836623,0.00102812833536,1,0,0.999616001629,1,0,0,0,0.000383998370677,,,,,,0.666811091854,0.629766031196,-0.0370450606586,-0.0555555555556,-0.0958344069698,0.3,0.75,0.9,0.85,0.95,0.95,0.005,0.005
C,baseline_capture,paired,shared,2000,,0,,,,,10000,10000,0,0.666958405578,0.648442182829,-0.0185162227488,-0.0185162227488,0,0.00552553586811,5.52553586811e-05,-0.0277616801092,-0.0277621851587,-0.0450462398738,-0.0129190641733,-0.0299828042328,-0.0085910652921,0,0,0,0.000383998370677,0.0071,0.000839618365688,0.00563311602124,0.00894542957257,0,0,0,0.000383998370677,0,0,0,0.000383998370677,1,0,0.999616001629,1,0.0066,0.000809718469593,0.00519147881793,0.00838745077425,,,,,,0.666811091854,0.648288561525,-0.0185225303293,-0.0277777777778,0.114153280706,0.3,0.75,0.9,0.875,0.95,0.95,0.005,0.005
C,baseline_capture,paired,shared,2000,,0,,,,,10000,10000,0,0.666766119546,0.666766119546,0,0,0,0,0,0,0,0,0,0,0,0,0,0,0.000383998370677,0,0,0,0.000383998370677,0,0,0,0.000383998370677,0,0,0,0.000383998370677,0,0,0,0.000383998370677,1,0,0.999616001629,1,,,,,,0.666811091854,0.666811091854,0,0,0,0.3,0.75,0.9,0.9,0.95,0.95,0.005,0.005
C,baseline_capture,paired,shared,2000,,0,,,,,10000,10000,0,0.666953551033,0.685479946905,0.018526395872,0.018526395872,0,0.00552921042581,5.52921042581e-05,0.0278491018708,0.0277776403518,0.0127218390359,0.0456989247312,0.00862068965517,0.0299823633157,0.0093,0.000959870303739,0.00759806350136,0.0113787924996,0,0,0,0.000383998370677,0,0,0,0.000383998370677,0,0,0,0.000383998370677,0,0,0,0.000383998370677,0.007,0.000833726573884,0.00554461930955,0.00883400308393,,,,,,0.666811091854,0.685333622184,0.0185225303293,0.0277777777778,0.0699112965364,0.3,0.75,0.9,0.925,0.95,0.95,0.005,0.005
C,baseline_capture,paired,shared,2000,,0,,,,,10000,10000,0,0.666820337377,0.703884927747,0.0370645903699,0.0370645903699,0,0.00781164183679,7.81164183679e-05,0.0557239808389,0.055584073089,0.0332480818414,0.0809252327986,0.0225303292894,0.0527293634815,0.6705,0.00470031647871,0.661223613525,0.67964544303,0,0,0,0.000383998370677,0.0005,0.000223550889061,0.000213588426164,0.00117002594614,0,0,0,0.000383998370677,0,0,0,0.000383998370677,0,0,0,0.000383998370677,,,,,,0.666811091854,0.703856152513,0.0370450606586,0.0555555555556,0.250007767567,0.3,0.75,0.9,0.95,0.95,0.95,0.005,0.005
C,baseline_capture,paired,shared,2000,,0,,,,,10000,10000,0,0.667111221604,0.722600344357,0.0554891227532,0.0554891227532,0,0.00945899504254,9.45899504254e-05,0.0833911075019,0.0831782181985,0.0554016620499,0.115168539326,0.0377999147074,0.0750446723728,0.9906,0.000964968393265,0.988511309047,0.992311911752,0,0,0,0.000383998370677,0.1369,0.00343741748992,0.130302066087,0.14377679353,0,0,0,0.000383998370677,0,0,0,0.000383998370677,0,0,0,0.000383998370677,,,,,,0.666811091854,0.722378682842,0.0555675909879,0.0833333333333,-0.829562065279,0.3,0.75,0.9,0.975,0.95,0.95,0.005,0.005
C,baseline_capture,paired,shared,2000,,0,,,,,10000,10000,0,0.667175161081,0.741233974444,0.0740588133632,0.0740588133632,0,0.0109535099561,0.000109535099561,0.111295983369,0.111003553015,0.0782797805643,0.149051490515,0.0534482758621,0.0963455149502,1,0,0.999616001629,1,0,0,0,0.000383998370677,0.725,0.00446514277487,0.716163335225,0.733663865508,0,0,0,0.000383998370677,0,0,0,0.000383998370677,0,0,0,0.000383998370677,,,,,,0.666811091854,0.740901213172,0.0740901213172,0.111111111111,-0.285825767638,0.3,0.75,0.9,1,0.95,0.95,0.005,0.005
C,independent_recording,paired,independent,2000,,0,,,,,10000,10000,0,0.59263827236,0.444782229281,-0.147856043079,-0.147856043079,0,0.0238184764297,0.000238184764297,-0.248995294588,-0.249487841023,-0.317428334809,-0.175261541233,-0.194975275358,-0.100918242836,0,0,0,0.000383998370677,1,0,0.999616001629,1,0,0,0,0.000383998370677,1,0,0.999616001629,1,1,0,0.999616001629,1,0,0,0,0.000383998370677,,,,,,0.592720970537,0.444540727903,-0.148180242634,-0.25,1.36112633596,0.3,0.75,0.8,0.6,0.95,0.95,0.005,0.005
C,independent_recording,paired,independent,2000,,0,,,,,10000,10000,0,0.592634495305,0.463112201206,-0.129522294098,-0.129522294098,0,0.0234061931825,0.000234061931825,-0.21805733545,-0.218553417198,-0.287390943831,-0.145402189349,-0.175868131846,-0.0834752781295,0,0,0,0.000383998370677,1,0,0.999616001629,1,0,0,0,0.000383998370677,0.9995,0.000223550889061,0.998829974054,0.999786411574,1,0,0.999616001629,1,0,0,0,0.000383998370677,,,,,,0.592720970537,0.463063258232,-0.129657712305,-0.21875,0.578557161448,0.3,0.75,0.8,0.625,0.95,0.95,0.005,0.005
C,independent_recording,paired,independent,2000,,0,,,,,10000,10000,0,0.59243495219,0.48146981325,-0.110965138939,-0.110965138939,0,0.0232491758668,0.000232491758668,-0.186769963414,-0.187303498095,-0.256080052808,-0.114870102096,-0.157697245922,-0.0654081367377,0,0,0,0.000383998370677,1,0,0.999616001629,1,0,0,0,0.000383998370677,0.9899,0.000999899494949,0.987743478501,0.991680279896,1,0,0.999616001629,1,0,0,0,0.000383998370677,,,,,,0.592720970537,0.481585788562,-0.111135181976,-0.1875,0.731393824823,0.3,0.75,0.8,0.65,0.95,0.95,0.005,0.005
C,independent_recording,paired,independent,2000,,0,,,,,10000,10000,0,0.592602570968,0.500179306497,-0.0924232644712,-0.0924232644712,0,0.023025998197,0.00023025998197,-0.15540577042,-0.155961632634,-0.225229262199,-0.0819639270833,-0.137949165171,-0.0467882683754,0,0,0,0.000383998370677,0.9974,0.000509238647394,0.996192986791,0.99822501163,0,0,0,0.000383998370677,0.9369,0.00243142735857,0.931964683332,0.941499778892,1,0,0.999616001629,1,0,0,0,0.000383998370677,,,,,,0.592720970537,0.500108318891,-0.0926126516464,-0.15625,0.822492791127,0.3,0.75,0.8,0.675,0.95,0.95,0.005,0.005
C,independent_recording,paired,independent,2000,,0,,,,,10000,10000,0,0.592631960836,0.518700235783,-0.0739317250534,-0.0739317250534,0,0.0222857651178,0.000222857651178,-0.12421140238,-0.124751498298,-0.193496398846,-0.0513141969337,-0.118704828949,-0.0294683869049,0,0,0,0.000383998370677,0.9774,0.00148624493271,0.974298488181,0.980134870175,0,0,0,0.000383998370677,0.7561,0.00429433103056,0.747585965411,0.764417350623,0.9998,0.000141407213395,0.999271004156,0.999945151073,0.0014,0.000373903730925,0.000834162028875,0.00234876114636,,,,,,0.592720970537,0.51863084922,-0.0740901213172,-0.125,0.710750844522,0.3,0.75,0.8,0.7,0.95,0.95,0.005,0.005
C,independent_recording,paired,independent,2000,,0,,,,,10000,10000,0,0.592580995608,0.536947344507,-0.0556336511005,-0.0556336511005,0,0.0223102445334,0.000223102445334,-0.093289643474,-0.0938836235264,-0.162907170137,-0.0203100535613,-0.0996166986881,-0.0116221016907,0.0001,9.9994999875e-05,1.76526736011e-05,0.000566268897401,0.887,0.00316592798402,0.880645699692,0.893057085569,0,0,0,0.000383998370677,0.4301,0.00495089880729,0.420425084261,0.439828598711,0.9924,0.000868460707229,0.990498622669,0.993923215736,0.0091,0.000949588858401,0.00741817853778,0.0111588310626,,,,,,0.592720970537,0.537153379549,-0.0555675909879,-0.09375,-0.296097662846,0.3,0.75,0.8,0.725,0.95,0.95,0.005,0.005
C,independent_recording,paired,independent,2000,,0,,,,,10000,10000,0,0.592557492387,0.555553713981,-0.0370037784065,-0.0370037784065,0,0.0220714879184,0.000220714879184,-0.061842117414,-0.0624475749306,-0.132491035831,0.011699891227,-0.0807752812062,0.00664511871561,0.0018,0.000423882059068,0.00113892799151,0.00284368798503,0.6368,0.00480921781582,0.627323238842,0.646171699204,0,0,0,0.000383998370677,0.141,0.00348021551057,0.134316674962,0.147959035868,0.9543,0.00208833689811,0.950029553722,0.958221545359,0.0502,0.0021835741343,0.0460903329467,0.0546551119875,,,,,,0.592720970537,0.555675909879,-0.0370450606586,-0.0625,0.187038826753,0.3,0.75,0.8,0.75,0.95,0.95,0.005,0.005
C,independent_recording,paired,independent,2000,,0,,,,,10000,10000,0,0.592869684118,0.574211251207,-0.0186584329112,-0.0186584329112,0,0.0216492265284,0.000216492265284,-0.030840649412,-0.0314713897691,-0.0999126234749,0.0428525489988,-0.0615981672984,0.0245187399958,0.0168,0.001285214379,0.0144602319944,0.019510864031,0.298,0.00457379492326,0.289114480039,0.307040655303,0.0002,0.000141407213395,5.48489273209e-05,0.000728995844007,0.025,0.0015612494996,0.0221175615855,0.0282472368666,0.8086,0.00393403151996,0.800771507837,0.816191488368,0.1522,0.00359214643354,0.145293162028,0.159373947239,,,,,,0.592720970537,0.574198440208,-0.0185225303293,-0.03125,-0.627747978432,0.3,0.75,0.8,0.775,0.95,0.95,0.005,0.005
C,independent_recording,paired,independent,2000,,0,,,,,10000,10000,0,0.592724883379,0.592952819098,0.000227935719069,0.000227935719069,0,0.0212463657106,0.000212463657106,0.00104860485873,0.000384555677448,-0.0669954857662,0.0745118625738,-0.0411665463503,0.042282097902,0.0879,0.00283149412855,0.0825074287038,0.0936090627533,0.0727,0.00259643428571,0.0677734968923,0.0779546681153,0.0052,0.000719232924719,0.00396785292163,0.00681215186599,0.0017,0.00041195994951,0.00106170736112,0.0027209854151,0.4971,0.00499991589929,0.48730334015,0.50689888704,0.2175,0.00412545452041,0.209523562069,0.225693397011,,,,,,0.592720970537,0.592720970537,0,0,1.07282215779,0.3,0.75,0.8,0.8,0.95,0.95,0.005,0.005
C,independent_recording,paired,independent,2000,,0,,,,,10000,10000,0,0.592727987571,0.611458336065,0.0187303484938,0.0187303484938,0,0.0205185588074,0.000205185588074,0.0322680597964,0.0316002430906,-0.0343037003785,0.104203111392,-0.0209967740476,0.0594975940299,0.3045,0.00460195338959,0.295556828244,0.313593315119,0.0081,0.000896347588829,0.00652228990586,0.0100554876912,0.0321,0.00176265680154,0.0288209224468,0.0357384232285,0,0,0,0.000383998370677,0.1845,0.00387891415218,0.177019113829,0.192223189143,0.1585,0.00365209186631,0.15147334003,0.165788930858,,,,,,0.592720970537,0.611243500867,0.0185225303293,0.03125,1.01283022107,0.3,0.75,0.8,0.825,0.95,0.95,0.005,0.005
C,independent_recording,paired,independent,2000,,0,,,,,10000,10000,0,0.592789701443,0.630036320674,0.0372466192313,0.0372466192313,0,0.0200131177279,0.000200131177279,0.0635018699524,0.0628327704422,-0.00365863707935,0.135518035109,-0.00227490963967,0.077380360973,0.6459,0.00478239678404,0.636472281559,0.655215667716,0.0002,0.000141407213395,5.48489273209e-05,0.000728995844007,0.1474,0.00354504217182,0.140587257645,0.154483538006,0,0,0,0.000383998370677,0.0328,0.00178112773265,0.0294845204126,0.0364742876649,0.045,0.00207304124416,0.0411086576754,0.049240780842,,,,,,0.592720970537,0.629766031196,0.0370450606586,0.0625,1.00713229917,0.3,0.75,0.8,0.85,0.95,0.95,0.005,0.005
C,independent_recording,paired,independent,2000,,0,,,,,10000,10000,0,0.592413933716,0.648262064499,0.0558481307827,0.0558481307827,0,0.0194719522442,0.000194719522442,0.0949885472245,0.0942721425074,0.028676920514,0.166066350218,0.0179033316983,0.0946472452654,0.9059,0.00291967789319,0.900020647668,0.911467622455,0,0,0,0.000383998370677,0.4357,0.00495848273164,0.426008078265,0.445441303926,0,0,0,0.000383998370677,0.0022,0.000468525346166,0.00145334957779,0.00332895920005,0.0044,0.000661864034376,0.0032794410394,0.00590117814561,,,,,,0.592720970537,0.648288561525,0.0555675909879,0.09375,1.44073789453,0.3,0.75,0.8,0.875,0.95,0.95,0.005,0.005
C,independent_recording,paired,independent,2000,,0,,,,,10000,10000,0,0.592373637228,0.666821711744,0.0744480745159,0.0744480745159,0,0.0191812898841,0.000191812898841,0.126411342475,0.125677561993,0.0593875731403,0.197915586334,0.0364003960076,0.112217677579,0.9869,0.00113703078234,0.98447708888,0.988948973507,0,0,0,0.000383998370677,0.7777,0.00415791666583,0.769444863774,0.785741863531,0,0,0,0.000383998370677,0,0,0,0.000383998370677,0.0002,0.000141407213395,5.48489273209e-05,0.000728995844007,,,,,,0.592720970537,0.666811091854,0.0740901213172,0.125,1.86615812031,0.3,0.75,0.8,0.9,0.95,0.95,0.005,0.005
C,independent_recording,paired,independent,2000,,0,,,,,10000,10000,0,0.592902334549,0.685341856371,0.0924395218212,0.0924395218212,0,0.0184969687356,0.000184969687356,0.156652927721,0.155910200441,0.0926611573259,0.22722026196,0.0566462260864,0.129328916914,0.9998,0.000141407213395,0.999271004156,0.999945151073,0,0,0,0.000383998370677,0.9539,0.00209701669044,0.949612720389,0.95783868589,0,0,0,0.000383998370677,0,0,0,0.000383998370677,0,0,0,0.000383998370677,,,,,,0.592720970537,0.685333622184,0.0926126516464,0.15625,-0.935990256958,0.3,0.75,0.8,0.925,0.95,0.95,0.005,0.005
C,independent_recording,paired,independent,2000,,0,,,,,10000,10000,0,0.592287319796,0.703467444278,0.111180124482,0.111180124482,0,0.0177954926292,0.000177954926292,0.188478621811,0.187713160092,0.124948025898,0.258475658694,0.0764630268949,0.14664215464,1,0,0.999616001629,1,0,0,0,0.000383998370677,0.9977,0.000479031314217,0.996550922518,0.998466845504,0,0,0,0.000383998370677,0,0,0,0.000383998370677,0,0,0,0.000383998370677,,,,,,0.592720970537,0.703856152513,0.111135181976,0.1875,0.252549939845,0.3,0.75,0.8,0.95,0.95,0.95,0.005,0.005
C,independent_recording,paired,independent,2000,,0,,,,,10000,10000,0,0.592444541731,0.722278063798,0.129833522066,0.129833522066,0,0.0168178652489,0.000168178652489,0.219921183149,0.219148819714,0.15728410746,0.28804345273,0.0972389853848,0.163595292631,1,0,0.999616001629,1,0,0,0,0.000383998370677,0.9999,9.9994999875e-05,0.999433731103,0.999982347326,0,0,0,0.000383998370677,0,0,0,0.000383998370677,0,0,0,0.000383998370677,,,,,,0.592720970537,0.722378682842,0.129657712305,0.21875,1.04537501549,0.3,0.75,0.8,0.975,0.95,0.95,0.005,0.005
C,independent_recording,paired,independent,2000,,0,,,,,10000,10000,0,0.592321040995,0.740557843661,0.148236802666,0.148236802666,0,0.0161289559596,0.000161289559596,0.251058291685,0.250264286438,0.1911585787,0.318416516241,0.117609096372,0.180328914441,1,0,0.999616001629,1,0,0,0,0.000383998370677,1,0,0.999616001629,1,0,0,0,0.000383998370677,0,0,0,0.000383998370677,0,0,0,0.000383998370677,,,,,,0.592720970537,0.740901213172,0.148180242634,0.25,0.350673858291,0.3,0.75,0.8,1,0.95,0.95,0.005,0.005
C,perfect_denominator_specificity,paired,shared,2000,,0,,,,,10000,10000,0,0.599838468714,0.599841054557,2.5858435695e-06,2.5858435695e-06,0,0.0121252389694,0.000121252389694,-3.8704958093e-06,4.31089985753e-06,-0.0397815465191,0.0397420548535,-0.0236900698644,0.023828221456,0.007,0.000833726573884,0.00554461930955,0.00883400308393,0.0062,0.000784956049725,0.00483978481188,0.007939451979,0,0,0,0.000383998370677,0,0,0,0.000383998370677,0.505,0.00499974999375,0.495200631545,0.514795528472,0.3817,0.00485803571415,0.372225571897,0.391265282118,,,,,,0.6,0.6,-1.11022302463e-16,-2.22044604925e-16,0.0213261245913,0.3,0.75,0.8,0.8,0.95,0.7,0,0
C,perfect_denominator_specificity,paired,shared,2000,,0,,,,,10000,10000,0,0.59994115295,0.599994436991,5.32840406991e-05,5.32840406991e-05,0,0.0114564718572,0.000114564718572,7.97104015658e-05,8.88154453769e-05,-0.0376619856798,0.0373652518819,-0.0227094146314,0.0225116636983,0.0046,0.000676671264352,0.0034506598702,0.00612980571547,0.0045,0.00066930934552,0.00336497129159,0.00601557109375,0,0,0,0.000383998370677,0,0,0,0.000383998370677,0.494,0.00499963998704,0.484205071012,0.503799536969,0.4025,0.00490401621123,0.39292751737,0.412147362312,,,,,,0.6,0.6,0,0,0.46509991351,0.3,0.75,0.8,0.8,0.95,0.725,0,0
C,perfect_denominator_specificity,paired,shared,2000,,0,,,,,10000,10000,0,0.600104371851,0.600028156187,-7.62156645096e-05,-7.62156645096e-05,0,0.010711686144,0.00010711686144,-0.00013345330565,-0.000127004014776,-0.0352180008064,0.0353536946856,-0.0209864716988,0.0210251835181,0.0032,0.000564779603031,0.00226771385379,0.00451382692731,0.0027,0.000518913287554,0.00185633062578,0.0039255941537,0,0,0,0.000383998370677,0,0,0,0.000383998370677,0.5029,0.00499991589929,0.49310111296,0.51269665985,0.4279,0.0049477428187,0.418232111094,0.437623261471,,,,,,0.6,0.6,0,0,-0.711518835459,0.3,0.75,0.8,0.8,0.95,0.75,0,0
C,perfect_denominator_specificity,paired,shared,2000,,0,,,,,10000,10000,0,0.600126789104,0.599952884207,-0.000173904896569,-0.000173904896569,0,0.00982026378844,9.82026378844e-05,-0.000293718554616,-0.000289780259316,-0.0320444830724,0.0320729327915,-0.0191593600521,0.0192162117774,0.0017,0.00041195994951,0.00106170736112,0.0027209854151,0.001,0.000316069612586,0.000543285986497,0.00183994438744,0,0,0,0.000383998370677,0,0,0,0.000383998370677,0.5131,0.0049982836054,0.503300393571,0.522889545672,0.4582,0.00498249696437,0.448452398486,0.467979703778,,,,,,0.6,0.6,0,0,-1.770878057,0.3,0.75,0.8,0.8,0.95,0.775,0,0
C,perfect_denominator_specificity,paired,shared,2000,,0,,,,,10000,10000,0,0.600082560138,0.600102138348,1.95782101315e-05,1.95782101315e-05,0,0.0089494756867,8.9494756867e-05,3.25681494891e-05,3.26258608934e-05,-0.0288428138103,0.0300988488488,-0.0172839222919,0.0181079578702,0.0005,0.000223550889061,0.000213588426164,0.00117002594614,0.0005,0.000223550889061,0.000213588426164,0.00117002594614,0,0,0,0.000383998370677,0,0,0,0.000383998370677,0.5006,0.0049999964,0.490801838468,0.510397700734,0.497,0.00499990999919,0.487203390107,0.506798913883,,,,,,0.6,0.6,0,0,0.218763766917,0.3,0.75,0.8,0.8,0.95,0.8,0,0
C,perfect_denominator_specificity,paired,shared,2000,,0,,,,,10000,10000,0,0.60034053776,0.60031298096,-2.75567994233e-05,-2.75567994233e-05,0,0.00794324374392,7.94324374392e-05,-4.18813156587e-05,-4.59019467952e-05,-0.0255386632739,0.0264591854155,-0.0152879979821,0.0157673022199,0.0002,0.000141407213395,5.48489273209e-05,0.000728995844007,0,0,0,0.000383998370677,0,0,0,0.000383998370677,0,0,0,0.000383998370677,0.5058,0.00499966358868,0.496000493599,0.51559505202,0.5503,0.00497463476046,0.540532432972,0.560028936792,,,,,,0.6,0.6,1.11022302463e-16,2.22044604925e-16,-0.346921236611,0.3,0.75,0.8,0.8,0.95,0.825,0,0
C,perfect_denominator_specificity,paired,shared,2000,,0,,,,,10000,10000,0,0.600159184159,0.600149408269,-9.77588938574e-06,-9.77588938574e-06,0,0.00707239349043,7.07239349043e-05,-2.03453570285e-05,-1.62888274373e-05,-0.0231043442447,0.0234608350428,-0.0137421087958,0.0140437490968,0,0,0,0.000383998370677,0,0,0,0.000383998370677,0,0,0,0.000383998370677,0,0,0,0.000383998370677,0.5037,0.00499986309813,0.49390090919,0.513496249222,0.6042,0.00489021840003,0.594577092316,0.613742882423,,,,,,0.6,0.6,0,0,-0.13822603902,0.3,0.75,0.8,0.8,0.95,0.85,0,0
C,perfect_denominator_specificity,paired,shared,2000,,0,,,,,10000,10000,0,0.599944595371,0.599934346546,-1.02488254503e-05,-1.02488254503e-05,0,0.00610498300637,6.10498300637e-05,-2.06243261111e-05,-1.70829532083e-05,-0.0195835852258,0.0206016246067,-0.0116540720029,0.0123681531842,0,0,0,0.000383998370677,0,0,0,0.000383998370677,0,0,0,0.000383998370677,0,0,0,0.000383998370677,0.5072,0.00499948157312,0.49740031254,0.516994157884,0.6755,0.00468187729442,0.666257811912,0.684607404659,,,,,,0.6,0.6,-1.11022302463e-16,-2.22044604925e-16,-0.167876396043,0.3,0.75,0.8,0.8,0.95,0.875,0,0
C,perfect_denominator_specificity,paired,shared,2000,,0,,,,,10000,10000,0,0.600335226412,0.600341350671,6.1242593211e-06,6.1242593211e-06,0,0.00490733948078,4.90733948078e-05,1.62611967649e-05,1.02013992378e-05,-0.015695983054,0.0165715411251,-0.00937240358422,0.00984185554331,0,0,0,0.000383998370677,0,0,0,0.000383998370677,0,0,0,0.000383998370677,0,0,0,0.000383998370677,0.5057,0.00499967508944,0.495900509471,0.515495112948,0.7817,0.00413092132581,0.773496202578,0.78968745274,,,,,,0.6,0.6,0,0,0.124797955085,0.3,0.75,0.8,0.8,0.95,0.9,0,0
C,perfect_denominator_specificity,paired,shared,2000,,0,,,,,10000,10000,0,0.600237539283,0.600232717364,-4.82191906566e-06,-4.82191906566e-06,0,0.00341277933753,3.41277933753e-05,-5.70575593386e-06,-8.033351382e-06,-0.0108748456868,0.0115182424551,-0.00650539376136,0.00690479461283,0,0,0,0.000383998370677,0,0,0,0.000383998370677,0,0,0,0.000383998370677,0,0,0,0.000383998370677,0.5063,0.00499960308425,0.496500420118,0.516094741502,0.9199,0.00271447950812,0.91441705534,0.925060462828,,,,,,0.6,0.6,-1.11022302463e-16,-2.22044604925e-16,-0.141290091994,0.3,0.75,0.8,0.8,0.95,0.925,0,0
C,perfect_denominator_specificity,paired,shared,2000,,0,,,,,10000,10000,0,0.600147502794,0.600147502794,0,0,0,0,0,0,0,0,0,0,0,0,0,0,0.000383998370677,0,0,0,0.000383998370677,0,0,0,0.000383998370677,0,0,0,0.000383998370677,0,0,0,0.000383998370677,1,0,0.999616001629,1,,,,,,0.6,0.6,0,0,0,0.3,0.75,0.8,0.8,0.95,0.95,0,0
C,perfect_denominator_specificity,paired,shared,2000,,0,,,,,10000,10000,0,0.599927253679,0.599941477822,1.4224142866e-05,1.4224142866e-05,0,0.00331403121668,3.31403121668e-05,5.27433626967e-05,2.37097794418e-05,-0.0109346037874,0.0107149692478,-0.00666445923043,0.00627955966439,0,0,0,0.000383998370677,0,0,0,0.000383998370677,0,0,0,0.000383998370677,0,0,0,0.000383998370677,0.4929,0.00499949587459,0.483105775702,0.502699677074,0.9293,0.00256323057878,0.924109570082,0.934160728917,,,,,,0.6,0.6,0,0,0.429209682588,0.3,0.75,0.8,0.8,0.95,0.975,0,0
C,perfect_denominator_specificity,paired,shared,2000,,0,,,,,10000,10000,0,0.599906937717,0.599916546065,9.60834854916e-06,9.60834854916e-06,0,0.0046330320732,4.6330320732e-05,7.37061517e-05,1.60163984528e-05,-0.0152171068452,0.0151404793098,-0.00926341252475,0.00890570577437,0,0,0,0.000383998370677,0,0,0,0.000383998370677,0,0,0,0.000383998370677,0,0,0,0.000383998370677,0.4969,0.00499990389908,0.487103440456,0.506698940334,0.801,0.00399248043201,0.793059947445,0.808708885535,,,,,,0.6,0.6,0,0,0.207387913516,0.3,0.75,0.8,0.8,0.95,1,0,0
