architecture,family,design,coupling,N,p,g,se_A,se_B,sp_A,sp_B,R,valid_R,undefined_R,mean_A,mean_B,delta,bias,true_change,delta_sd,delta_mcse,mean_RC,ratio_of_means_RC,RC_q025,RC_q975,delta_q025,delta_q975,improve_5,improve_5_mcse,improve_5_lo,improve_5_hi,deteriorate_5,deteriorate_5_mcse,deteriorate_5_lo,deteriorate_5_hi,improve_10,improve_10_mcse,improve_10_lo,improve_10_hi,deteriorate_10,deteriorate_10_mcse,deteriorate_10_lo,deteriorate_10_hi,direction_reversal,direction_reversal_mcse,direction_reversal_lo,direction_reversal_hi,masked,masked_mcse,masked_lo,masked_hi,mean_naive_CI_width,naive_CI_excludes_zero,naive_CI_excludes_zero_mcse,naive_CI_excludes_zero_lo,naive_CI_excludes_zero_hi,expected_A,expected_B,expected_delta,expected_RC,analytic_z_delta,e,q,n_A,n_B,d_A,d_B,f_A,f_B
A,main,paired,shared,2000,0.05,0.0,0.8,0.6,1.0,1.0,10000,10000,0,0.04003105,0.0300668,-0.00996425,-0.00996425,-0.0,0.00221176086549,2.21176086549e-05,-0.248960540216,-0.248913031259,-0.346673469388,-0.156626506024,-0.0145,-0.006,0.9999,9.9994999875e-05,0.999433731103,0.999982347326,0.0,0.0,0.0,0.000383998370677,0.9995,0.000223550889061,0.998829974054,0.999786411574,0.0,0.0,0.0,0.000383998370677,0.0,0.0,0.0,0.000383998370677,0.0,0.0,0.0,0.000383998370677,0.00865180042319,0.9999,9.9994999875e-05,0.999433731103,0.999982347326,0.04,0.03,-0.01,-0.25,1.61635918954,,,,,,,,
A,main,paired,shared,2000,0.05,0.0,0.8,0.625,1.0,1.0,10000,10000,0,0.04007585,0.03127815,-0.0087977,-0.0087977,-0.0,0.0020842286609,2.0842286609e-05,-0.219578016396,-0.219526223399,-0.315068493151,-0.132530120482,-0.013,-0.005,0.9999,9.9994999875e-05,0.999433731103,0.999982347326,0.0,0.0,0.0,0.000383998370677,0.9983,0.00041195994951,0.997279014585,0.998938292639,0.0,0.0,0.0,0.000383998370677,0.0,0.0,0.0,0.000383998370677,0.0,0.0,0.0,0.000383998370677,0.00812729924336,1.0,0.0,0.999616001629,1.0,0.04,0.03125,-0.00875,-0.21875,-2.28861645053,,,,,,,,
A,main,paired,shared,2000,0.05,0.0,0.8,0.65,1.0,1.0,10000,10000,0,0.0400639,0.03255155,-0.00751235,-0.00751235,-0.0,0.00193336397689,1.93336397689e-05,-0.187562344235,-0.187509204047,-0.278481012658,-0.105756578947,-0.0115,-0.004,0.9996,0.000199959995999,0.998971871665,0.999844437163,0.0,0.0,0.0,0.000383998370677,0.983,0.00129271033105,0.980274568877,0.985354488697,0.0,0.0,0.0,0.000383998370677,0.0,0.0,0.0,0.000383998370677,0.0,0.0,0.0,0.000383998370677,0.00750467745075,0.9996,0.000199959995999,0.998971871665,0.999844437163,0.04,0.0325,-0.0075,-0.1875,-0.638782978665,,,,,,,,
A,main,paired,shared,2000,0.05,0.0,0.8,0.675,1.0,1.0,10000,10000,0,0.0400668,0.0337852,-0.0062816,-0.0062816,-0.0,0.00178476048169,1.78476048169e-05,-0.156709611336,-0.156778180439,-0.241758241758,-0.0813953488372,-0.01,-0.003,0.9979,0.000457776146168,0.996791606127,0.998626008295,0.0,0.0,0.0,0.000383998370677,0.9228,0.00266908523656,0.917404819832,0.927870471146,0.0,0.0,0.0,0.000383998370677,0.0,0.0,0.0,0.000383998370677,0.0,0.0,0.0,0.000383998370677,0.0068535968503,0.9983,0.00041195994951,0.997279014585,0.998938292639,0.04,0.03375,-0.00625,-0.15625,-1.77054570203,,,,,,,,
A,main,paired,shared,2000,0.05,0.0,0.8,0.7,1.0,1.0,10000,10000,0,0.04008535,0.0350651,-0.00502025,-0.00502025,-0.0,0.00160006904838,1.60006904838e-05,-0.125227710493,-0.125239021238,-0.202707598903,-0.056338028169,-0.0085,-0.002,0.9859,0.00117903307842,0.983395474683,0.9880313557,0.0,0.0,0.0,0.000383998370677,0.7404,0.00438415145724,0.731716061851,0.748899311732,0.0,0.0,0.0,0.000383998370677,0.0,0.0,0.0,0.000383998370677,0.0,0.0,0.0,0.000383998370677,0.00611288122877,0.9891,0.0010383250936,0.986868847623,0.99095552517,0.04,0.035,-0.005,-0.125,-1.26557038401,,,,,,,,
A,main,paired,shared,2000,0.05,0.0,0.8,0.725,1.0,1.0,10000,10000,0,0.04004825,0.03628155,-0.0037667,-0.0037667,-0.0,0.0013752673362,1.3752673362e-05,-0.0940009776306,-0.0940540473054,-0.162790697674,-0.0352941176471,-0.0065,-0.0015,0.9222,0.00267856603428,0.916786487808,0.927289263968,0.0,0.0,0.0,0.000383998370677,0.4103,0.00491888107195,0.400695404574,0.419973484733,0.0,0.0,0.0,0.000383998370677,0.0,0.0,0.0,0.000383998370677,0.0009,0.000299864969611,0.000473577060585,0.00170973011302,0.00527297448388,0.9432,0.0023146006135,0.938490957382,0.947568666462,0.04,0.03625,-0.00375,-0.09375,-1.21430936083,,,,,,,,
A,main,paired,shared,2000,0.05,0.0,0.8,0.75,1.0,1.0,10000,10000,0,0.04005245,0.03753065,-0.0025218,-0.0025218,-0.0,0.00114000207038,1.14000207038e-05,-0.0628668149395,-0.0629624404999,-0.122807017544,-0.0131578947368,-0.005,-0.0005,0.6679,0.00470966654871,0.65860629713,0.677064756217,0.0,0.0,0.0,0.000383998370677,0.0953,0.00293628864385,0.0896993909883,0.101211417293,0.0,0.0,0.0,0.000383998370677,0.0,0.0,0.0,0.000383998370677,0.0072,0.000845467917783,0.00572169385772,0.00905677493642,0.00426541584902,0.7412,0.0043797552443,0.73252436561,0.749690393576,0.04,0.0375,-0.0025,-0.0625,-1.91227722882,,,,,,,,
A,main,paired,shared,2000,0.05,0.0,0.8,0.775,1.0,1.0,10000,10000,0,0.04002345,0.03876315,-0.0012603,-0.0012603,-0.0,0.000807099158038,8.07099158038e-06,-0.0314427539982,-0.0314890395506,-0.0759493670886,0.0,-0.003,0.0,0.172,0.00377380444644,0.164729778419,0.179522124512,0.0,0.0,0.0,0.000383998370677,0.0029,0.000537735064879,0.00201999663356,0.00416177454657,0.0,0.0,0.0,0.000383998370677,0.0,0.0,0.0,0.000383998370677,0.0873,0.00282274175227,0.0819247965651,0.0929921556901,0.00286730540463,0.2458,0.00430560518394,0.237459837065,0.254335387707,0.04,0.03875,-0.00125,-0.03125,-1.27617528744,,,,,,,,
A,main,paired,shared,2000,0.05,0.0,0.8,0.8,1.0,1.0,10000,10000,0,0.04003865,0.04003865,0.0,0.0,-0.0,0.0,0.0,0.0,0.0,0.0,0.0,0.0,0.0,0.0,0.0,0.0,0.000383998370677,0.0,0.0,0.0,0.000383998370677,0.0,0.0,0.0,0.000383998370677,0.0,0.0,0.0,0.000383998370677,0.0,0.0,0.0,0.000383998370677,1.0,0.0,0.999616001629,1.0,0.0,0.0,0.0,0.0,0.000383998370677,0.04,0.04,0.0,0.0,0.0,,,,,,,,
A,main,paired,shared,2000,0.05,0.0,0.8,0.825,1.0,1.0,10000,10000,0,0.0400149,0.0412736,0.0012587,0.0012587,-0.0,0.00080388987672,8.0388987672e-06,0.0318385292281,0.0314557827209,0.0,0.0795454545455,0.0,0.003,0.0,0.0,0.0,0.000383998370677,0.1827,0.00386420379897,0.175248616489,0.190395068877,0.0,0.0,0.0,0.000383998370677,0.0045,0.00066930934552,0.00336497129159,0.00601557109375,0.914,0.00280364049051,0.908344745835,0.919337303514,0.0881,0.00283440275896,0.0827016566889,0.0938146811688,0.00286671909164,0.2434,0.00429134524363,0.23508868964,0.251908378324,0.04,0.04125,0.00125,0.03125,1.08223778554,,,,,,,,
A,main,paired,shared,2000,0.05,0.0,0.8,0.85,1.0,1.0,10000,10000,0,0.0400149,0.04252645,0.00251155,0.00251155,-0.0,0.00113803387894,1.13803387894e-05,0.0635449573987,0.0627653698997,0.0123456790123,0.129411764706,0.0005,0.005,0.0,0.0,0.0,0.000383998370677,0.6584,0.00474246180796,0.649045706079,0.667632643237,0.0,0.0,0.0,0.000383998370677,0.1128,0.00316348162631,0.106747781867,0.119149586472,0.9912,0.000933946465275,0.989171535895,0.992851224106,0.0091,0.000949588858401,0.00741817853778,0.0111588310626,0.00425412304746,0.735,0.00441333207452,0.726260978628,0.743558542137,0.04,0.0425,0.0025,0.0625,1.01490827415,,,,,,,,
A,main,paired,shared,2000,0.05,0.0,0.8,0.875,1.0,1.0,10000,10000,0,0.0400149,0.0437843,0.0037694,0.0037694,-0.0,0.00139173177435,1.39173177435e-05,0.0953755031108,0.0941999105333,0.0326086956522,0.175675675676,0.0015,0.0065,0.0,0.0,0.0,0.000383998370677,0.9019,0.00297449810893,0.895914838608,0.907576503502,0.0,0.0,0.0,0.000383998370677,0.4131,0.00492390485286,0.403484488681,0.422782250236,0.9992,0.000282729552753,0.998422049747,0.99959456628,0.0009,0.000299864969611,0.000473577060585,0.00170973011302,0.00527207557311,0.9358,0.00245108873768,0.930826615932,0.940438691088,0.04,0.04375,0.00375,0.09375,1.39394676169,,,,,,,,
A,main,paired,shared,2000,0.05,0.0,0.8,0.9,1.0,1.0,10000,10000,0,0.0400149,0.0450398,0.0050249,0.0050249,-0.0,0.00160420925653,1.60420925653e-05,0.127137064277,0.125575723043,0.0512820512821,0.220593009931,0.002,0.0085,0.0,0.0,0.0,0.000383998370677,0.9782,0.00146029996918,0.975148900559,0.980883843399,0.0,0.0,0.0,0.000383998370677,0.7217,0.00448161923862,0.712832329288,0.730397405835,0.9999,9.9994999875e-05,0.999433731103,0.999982347326,0.0001,9.9994999875e-05,1.76526736011e-05,0.000566268897401,0.00611458555499,0.9884,0.00107076794872,0.986105826768,0.990319083624,0.04,0.045,0.005,0.125,1.55216658292,,,,,,,,
A,main,paired,shared,2000,0.05,0.0,0.8,0.925,1.0,1.0,10000,10000,0,0.0400149,0.0462907,0.0062758,0.0062758,-0.0,0.0017659689195,1.7659689195e-05,0.158866020395,0.156836578375,0.0740740740741,0.263176169591,0.003,0.01,0.0,0.0,0.0,0.000383998370677,0.9964,0.000598919026246,0.995020370056,0.997398396361,0.0,0.0,0.0,0.000383998370677,0.8986,0.0030185764857,0.892529793093,0.904364083406,1.0,0.0,0.999616001629,1.0,0.0,0.0,0.0,0.000383998370677,0.00685135834109,0.9983,0.00041195994951,0.997279014585,0.998938292639,0.04,0.04625,0.00625,0.15625,1.46095436421,,,,,,,,
A,main,paired,shared,2000,0.05,0.0,0.8,0.95,1.0,1.0,10000,10000,0,0.0400149,0.04754855,0.00753365,0.00753365,-0.0,0.00193070335346,1.93070335346e-05,0.190696566107,0.188271119008,0.0963797497683,0.307712765957,0.004,0.0115,0.0,0.0,0.0,0.000383998370677,0.9997,0.000173179098046,0.999118264228,0.999897967801,0.0,0.0,0.0,0.000383998370677,0.968,0.00176,0.964366735569,0.971273841956,1.0,0.0,0.999616001629,1.0,0.0,0.0,0.0,0.000383998370677,0.00751572551844,0.9998,0.000141407213395,0.999271004156,0.999945151073,0.04,0.0475,0.0075,0.1875,1.74288815212,,,,,,,,
A,main,paired,shared,2000,0.05,0.0,0.8,0.975,1.0,1.0,10000,10000,0,0.0400149,0.0488014,0.0087865,0.0087865,-0.0,0.00208863687375,2.08863687375e-05,0.222402994277,0.219580706187,0.118421052632,0.351351351351,0.005,0.013,0.0,0.0,0.0,0.000383998370677,0.9999,9.9994999875e-05,0.999433731103,0.999982347326,0.0,0.0,0.0,0.000383998370677,0.9916,0.000912657657613,0.989612858569,0.993209594233,1.0,0.0,0.999616001629,1.0,0.0,0.0,0.0,0.000383998370677,0.00812145966732,1.0,0.0,0.999616001629,1.0,0.04,0.04875,0.00875,0.21875,1.7475512598,,,,,,,,
A,main,paired,shared,2000,0.05,0.0,0.8,1.0,1.0,1.0,10000,10000,0,0.0400149,0.0500601,0.0100452,0.0100452,-0.0,0.0022366285366,2.2366285366e-05,0.254241523505,0.251036488908,0.141301150895,0.391304347826,0.006,0.0145,0.0,0.0,0.0,0.000383998370677,1.0,0.0,0.999616001629,1.0,0.0,0.0,0.0,0.000383998370677,0.9977,0.000479031314217,0.996550922518,0.998466845504,1.0,0.0,0.999616001629,1.0,0.0,0.0,0.0,0.000383998370677,0.00868624788281,1.0,0.0,0.999616001629,1.0,0.04,0.05,0.01,0.25,2.02089883324,,,,,,,,
C,C1,paired,shared,2000,,0.0,,,,,10000,10000,0,0.59297328559,0.444662841168,-0.148310444422,-0.148310444422,0.0,0.0147465642406,0.000147465642406,-0.250121635161,-0.250113197384,-0.296829971182,-0.204967671317,-0.177859301192,-0.119932357953,0.0,0.0,0.0,0.000383998370677,1.0,0.0,0.999616001629,1.0,0.0,0.0,0.0,0.000383998370677,1.0,0.0,0.999616001629,1.0,1.0,0.0,0.999616001629,1.0,0.0,0.0,0.0,0.000383998370677,,,,,,0.592720970537,0.444540727903,-0.148180242634,-0.25,-0.882929646813,0.3,0.75,0.8,0.6,0.95,0.95,0.005,0.005
C,C1,paired,shared,2000,,0.0,,,,,10000,10000,0,0.592984246704,0.46335525507,-0.129628991634,-0.129628991634,0.0,0.0140110873503,0.000140110873503,-0.218612085895,-0.218604444139,-0.264789223144,-0.175438596491,-0.158172471641,-0.102915951973,0.0,0.0,0.0,0.000383998370677,1.0,0.0,0.999616001629,1.0,0.0,0.0,0.0,0.000383998370677,1.0,0.0,0.999616001629,1.0,1.0,0.0,0.999616001629,1.0,0.0,0.0,0.0,0.000383998370677,,,,,,0.592720970537,0.463063258232,-0.129657712305,-0.21875,0.204985312658,0.3,0.75,0.8,0.625,0.95,0.95,0.005,0.005
C,C1,paired,shared,2000,,0.0,,,,,10000,10000,0,0.592960263939,0.481742239739,-0.111218024201,-0.111218024201,0.0,0.013067542208,0.00013067542208,-0.187573523432,-0.187564042591,-0.231003279982,-0.147146942583,-0.137288135593,-0.0861478322567,0.0,0.0,0.0,0.000383998370677,1.0,0.0,0.999616001629,1.0,0.0,0.0,0.0,0.000383998370677,1.0,0.0,0.999616001629,1.0,1.0,0.0,0.999616001629,1.0,0.0,0.0,0.0,0.000383998370677,,,,,,0.592720970537,0.481585788562,-0.111135181976,-0.1875,-0.633954139561,0.3,0.75,0.8,0.65,0.95,0.95,0.005,0.005
C,C1,paired,shared,2000,,0.0,,,,,10000,10000,0,0.592734441664,0.500162668503,-0.0925717731606,-0.0925717731606,0.0,0.0121265558284,0.000121265558284,-0.15617151089,-0.156177482956,-0.196480938416,-0.119402985075,-0.117132867133,-0.0699802959471,0.0,0.0,0.0,0.000383998370677,1.0,0.0,0.999616001629,1.0,0.0,0.0,0.0,0.000383998370677,0.9988,0.000346202253026,0.997903527544,0.999313395681,1.0,0.0,0.999616001629,1.0,0.0,0.0,0.0,0.000383998370677,,,,,,0.592720970537,0.500108318891,-0.0926126516464,-0.15625,0.337098896328,0.3,0.75,0.8,0.675,0.95,0.95,0.005,0.005
C,C1,paired,shared,2000,,0.0,,,,,10000,10000,0,0.592724470737,0.518591702179,-0.0741327685585,-0.0741327685585,0.0,0.0109518832943,0.000109518832943,-0.125066417999,-0.125071213048,-0.16082123412,-0.0911616161616,-0.0959602570205,-0.053539865181,0.0,0.0,0.0,0.000383998370677,1.0,0.0,0.999616001629,1.0,0.0,0.0,0.0,0.000383998370677,0.9251,0.00263229918512,0.919775959079,0.930097565507,1.0,0.0,0.999616001629,1.0,0.0,0.0,0.0,0.000383998370677,,,,,,0.592720970537,0.51863084922,-0.0740901213172,-0.125,-0.38940554947,0.3,0.75,0.8,0.7,0.95,0.95,0.005,0.005
C,C1,paired,shared,2000,,0.0,,,,,10000,10000,0,0.592553993821,0.536945442673,-0.0556085511479,-0.0556085511479,0.0,0.00956675540395,9.56675540395e-05,-0.093843203235,-0.0938455427317,-0.125714703425,-0.063768115942,-0.0746534892987,-0.0375,0.0,0.0,0.0,0.000383998370677,0.9991,0.000299864969611,0.998290269887,0.999526422939,0.0,0.0,0.0,0.000383998370677,0.3439,0.00475008199929,0.334651547182,0.353268337109,1.0,0.0,0.999616001629,1.0,0.0,0.0,0.0,0.000383998370677,,,,,,0.592720970537,0.537153379549,-0.0555675909879,-0.09375,-0.428151011997,0.3,0.75,0.8,0.725,0.95,0.95,0.005,0.005
C,C1,paired,shared,2000,,0.0,,,,,10000,10000,0,0.592580786701,0.555779665141,-0.0368011215607,-0.0368011215607,0.0,0.00783290547869,7.83290547869e-05,-0.0621069519723,-0.0621031298797,-0.0886075949367,-0.0380939440994,-0.0525363112008,-0.0223367697595,0.0,0.0,0.0,0.000383998370677,0.8215,0.0038293308815,0.813871619585,0.828881469462,0.0,0.0,0.0,0.000383998370677,0.0035,0.000590571756859,0.00251777850562,0.00486353187646,1.0,0.0,0.999616001629,1.0,0.0,0.0,0.0,0.000383998370677,,,,,,0.592720970537,0.555675909879,-0.0370450606586,-0.0625,3.11428624468,0.3,0.75,0.8,0.75,0.95,0.95,0.005,0.005
C,C1,paired,shared,2000,,0.0,,,,,10000,10000,0,0.592580786701,0.574240414241,-0.0183403724601,-0.0183403724601,0.0,0.00558014352886,5.58014352886e-05,-0.0309530244323,-0.0309499951259,-0.0505952380952,-0.014450867052,-0.029752572694,-0.00854700854701,0.0,0.0,0.0,0.000383998370677,0.0275,0.00163535164414,0.024471692103,0.0308911863573,0.0,0.0,0.0,0.000383998370677,0.0,0.0,0.0,0.000383998370677,1.0,0.0,0.999616001629,1.0,0.006,0.000772269383052,0.00466452289345,0.00771486749678,,,,,,0.592720970537,0.574198440208,-0.0185225303293,-0.03125,3.2643939755,0.3,0.75,0.8,0.775,0.95,0.95,0.005,0.005
C,C1,paired,shared,2000,,0.0,,,,,10000,10000,0,0.593053464329,0.593053464329,0.0,0.0,0.0,0.0,0.0,0.0,0.0,0.0,0.0,0.0,0.0,0.0,0.0,0.0,0.000383998370677,0.0,0.0,0.0,0.000383998370677,0.0,0.0,0.0,0.000383998370677,0.0,0.0,0.0,0.000383998370677,0.0,0.0,0.0,0.000383998370677,1.0,0.0,0.999616001629,1.0,,,,,,0.592720970537,0.592720970537,0.0,0.0,0.0,0.3,0.75,0.8,0.8,0.95,0.95,0.005,0.005
C,C1,paired,shared,2000,,0.0,,,,,10000,10000,0,0.592721250968,0.61124678144,0.0185255304721,0.0185255304721,0.0,0.00563325348667,5.63325348667e-05,0.0313501729819,0.031255046857,0.014164305949,0.0519480519481,0.00854700854701,0.0301013721862,0.0359,0.00186040828852,0.0324282272507,0.039728200037,0.0,0.0,0.0,0.000383998370677,0.0,0.0,0.0,0.000383998370677,0.0,0.0,0.0,0.000383998370677,0.0,0.0,0.0,0.000383998370677,0.0061,0.000778639197575,0.00475210315987,0.00782721043068,,,,,,0.592720970537,0.611243500867,0.0185225303293,0.03125,0.0532577279742,0.3,0.75,0.8,0.825,0.95,0.95,0.005,0.005
C,C1,paired,shared,2000,,0.0,,,,,10000,10000,0,0.592613611099,0.629677785968,0.0370641748699,0.0370641748699,0.0,0.00785710283778,7.85710283778e-05,0.0627312106316,0.0625435767517,0.0375712857785,0.0919881305638,0.0225694444444,0.0530988151589,0.8141,0.00389025950291,0.806355127585,0.821603644639,0.0,0.0,0.0,0.000383998370677,0.0081,0.000896347588829,0.00652228990586,0.0100554876912,0.0,0.0,0.0,0.000383998370677,0.0,0.0,0.0,0.000383998370677,0.0,0.0,0.0,0.000383998370677,,,,,,0.592720970537,0.629766031196,0.0370450606586,0.0625,0.243273018987,0.3,0.75,0.8,0.85,0.95,0.95,0.005,0.005
C,C1,paired,shared,2000,,0.0,,,,,10000,10000,0,0.59264337203,0.648285117168,0.0556417451382,0.0556417451382,0.0,0.00942008608786,9.42008608786e-05,0.094153721453,0.0938873996812,0.06199403971,0.129449838188,0.0376344086022,0.0742662104828,0.9978,0.000468525346166,0.9966710408,0.998546650422,0.0,0.0,0.0,0.000383998370677,0.3546,0.0047839193137,0.345281157953,0.364030508773,0.0,0.0,0.0,0.000383998370677,0.0,0.0,0.0,0.000383998370677,0.0,0.0,0.0,0.000383998370677,,,,,,0.592720970537,0.648288561525,0.0555675909879,0.09375,0.787191854295,0.3,0.75,0.8,0.875,0.95,0.95,0.005,0.005
C,C1,paired,shared,2000,,0.0,,,,,10000,10000,0,0.593052898442,0.667297840835,0.0742449423933,0.0742449423933,0.0,0.0110483386203,0.000110483386203,0.125556292057,0.125191096087,0.0883097784568,0.167792284699,0.0537246971722,0.0963855421687,1.0,0.0,0.999616001629,1.0,0.0,0.0,0.0,0.000383998370677,0.8983,0.00302253387078,0.892222159016,0.904071947882,0.0,0.0,0.0,0.000383998370677,0.0,0.0,0.0,0.000383998370677,0.0,0.0,0.0,0.000383998370677,,,,,,0.592720970537,0.666811091854,0.0740901213172,0.125,1.40130640001,0.3,0.75,0.8,0.9,0.95,0.95,0.005,0.005
C,C1,paired,shared,2000,,0.0,,,,,10000,10000,0,0.592921933597,0.685627066017,0.0927051324205,0.0927051324205,0.0,0.0122362189042,0.000122362189042,0.156822593363,0.156353015747,0.114031432749,0.205357142857,0.0698457117713,0.117431355905,1.0,0.0,0.999616001629,1.0,0.0,0.0,0.0,0.000383998370677,0.9967,0.000573507628546,0.995369359428,0.99764917659,0.0,0.0,0.0,0.000383998370677,0.0,0.0,0.0,0.000383998370677,0.0,0.0,0.0,0.000383998370677,,,,,,0.592720970537,0.685333622184,0.0926126516464,0.15625,0.755795354671,0.3,0.75,0.8,0.925,0.95,0.95,0.005,0.005
C,C1,paired,shared,2000,,0.0,,,,,10000,10000,0,0.592924490602,0.704085183767,0.111160693165,0.111160693165,0.0,0.0131346573697,0.000131346573697,0.188029567506,0.187478667059,0.140715187662,0.241831511366,0.086057594433,0.137614678899,1.0,0.0,0.999616001629,1.0,0.0,0.0,0.0,0.000383998370677,1.0,0.0,0.999616001629,1.0,0.0,0.0,0.0,0.000383998370677,0.0,0.0,0.0,0.000383998370677,0.0,0.0,0.0,0.000383998370677,,,,,,0.592720970537,0.703856152513,0.111135181976,0.1875,0.194228049713,0.3,0.75,0.8,0.95,0.95,0.95,0.005,0.005
C,C1,paired,shared,2000,,0.0,,,,,10000,10000,0,0.592909332854,0.722623325978,0.129713993124,0.129713993124,0.0,0.0139319870336,0.000139319870336,0.219428846176,0.218775428107,0.167646633798,0.277112187066,0.10350877193,0.157712305026,1.0,0.0,0.999616001629,1.0,0.0,0.0,0.0,0.000383998370677,1.0,0.0,0.999616001629,1.0,0.0,0.0,0.0,0.000383998370677,0.0,0.0,0.0,0.000383998370677,0.0,0.0,0.0,0.000383998370677,,,,,,0.592720970537,0.722378682842,0.129657712305,0.21875,0.403968353906,0.3,0.75,0.8,0.975,0.95,0.95,0.005,0.005
C,C1,paired,shared,2000,,0.0,,,,,10000,10000,0,0.593080630292,0.740974366895,0.147893736603,0.147893736603,0.0,0.0146404184739,0.000146404184739,0.250097767112,0.249365312318,0.193820224719,0.311322166987,0.119402985075,0.177258100726,1.0,0.0,0.999616001629,1.0,0.0,0.0,0.0,0.000383998370677,1.0,0.0,0.999616001629,1.0,0.0,0.0,0.0,0.000383998370677,0.0,0.0,0.0,0.000383998370677,0.0,0.0,0.0,0.000383998370677,,,,,,0.592720970537,0.740901213172,0.148180242634,0.25,-1.95695247554,0.3,0.75,0.8,1.0,0.95,0.95,0.005,0.005
A,main,paired,shared,2000,0.05,0.1,0.8,0.6,1.0,1.0,10000,10000,0,0.0400176,0.02701415,-0.01300345,-0.00800345,-0.005,0.00255296197758,2.55296197758e-05,-0.324968651277,-0.324943274959,-0.431818181818,-0.222192982456,-0.018,-0.008,1.0,0.0,0.999616001629,1.0,0.0,0.0,0.0,0.000383998370677,1.0,0.0,0.999616001629,1.0,0.0,0.0,0.0,0.000383998370677,0.0,0.0,0.0,0.000383998370677,0.0,0.0,0.0,0.000383998370677,0.00988255960268,1.0,0.0,0.999616001629,1.0,0.04,0.027,-0.013,-0.325,-0.135137147764,,,,,,,,
A,main,paired,shared,2000,0.05,0.1,0.8,0.625,1.0,1.0,10000,10000,0,0.0399747,0.0281184,-0.0118563,-0.0068563,-0.005,0.00240235872483,2.40235872483e-05,-0.296667866013,-0.296595096398,-0.4,-0.2,-0.017,-0.0075,1.0,0.0,0.999616001629,1.0,0.0,0.0,0.0,0.000383998370677,1.0,0.0,0.999616001629,1.0,0.0,0.0,0.0,0.000383998370677,0.0,0.0,0.0,0.000383998370677,0.0,0.0,0.0,0.000383998370677,0.00943929173876,1.0,0.0,0.999616001629,1.0,0.04,0.028125,-0.011875,-0.296875,0.778401651958,,,,,,,,
A,main,paired,shared,2000,0.05,0.1,0.8,0.65,1.0,1.0,10000,10000,0,0.0399939,0.029205,-0.0107889,-0.0057889,-0.005,0.00232126595149,2.32126595149e-05,-0.269742082146,-0.269763638955,-0.369230769231,-0.175,-0.0155,-0.0065,1.0,0.0,0.999616001629,1.0,0.0,0.0,0.0,0.000383998370677,1.0,0.0,0.999616001629,1.0,0.0,0.0,0.0,0.000383998370677,0.0,0.0,0.0,0.000383998370677,0.0,0.0,0.0,0.000383998370677,0.00900278177718,1.0,0.0,0.999616001629,1.0,0.04,0.02925,-0.01075,-0.26875,-1.67580970095,,,,,,,,
A,main,paired,shared,2000,0.05,0.1,0.8,0.675,1.0,1.0,10000,10000,0,0.04001,0.030358,-0.009652,-0.004652,-0.005,0.00217221496445,2.17221496445e-05,-0.241328991605,-0.241239690077,-0.337837837838,-0.149245792315,-0.014,-0.0055,1.0,0.0,0.999616001629,1.0,0.0,0.0,0.0,0.000383998370677,0.9994,0.00024487547856,0.998691475904,0.999724986524,0.0,0.0,0.0,0.000383998370677,0.0,0.0,0.0,0.000383998370677,0.0,0.0,0.0,0.000383998370677,0.00851526250871,1.0,0.0,0.999616001629,1.0,0.04,0.030375,-0.009625,-0.240625,-1.2429709049,,,,,,,,
A,main,paired,shared,2000,0.05,0.1,0.8,0.7,1.0,1.0,10000,10000,0,0.0399908,0.03147245,-0.00851835,-0.00351835,-0.005,0.00205521547984,2.05521547984e-05,-0.212981956727,-0.213007741781,-0.304347826087,-0.125,-0.013,-0.005,1.0,0.0,0.999616001629,1.0,0.0,0.0,0.0,0.000383998370677,0.9963,0.000607149899119,0.994904491255,0.997314351962,0.0,0.0,0.0,0.000383998370677,0.0,0.0,0.0,0.000383998370677,0.0,0.0,0.0,0.000383998370677,0.00799610793661,0.9999,9.9994999875e-05,0.999433731103,0.999982347326,0.04,0.0315,-0.0085,-0.2125,-0.892850417876,,,,,,,,
A,main,paired,shared,2000,0.05,0.1,0.8,0.725,1.0,1.0,10000,10000,0,0.04000375,0.0326084,-0.00739535,-0.00239535,-0.005,0.00190446477418,1.90446477418e-05,-0.184869876916,-0.184866418773,-0.272727272727,-0.103884908195,-0.0115,-0.004,0.9994,0.00024487547856,0.998691475904,0.999724986524,0.0,0.0,0.0,0.000383998370677,0.9795,0.00141703034548,0.976532979661,0.982098765901,0.0,0.0,0.0,0.000383998370677,0.0,0.0,0.0,0.000383998370677,0.0,0.0,0.0,0.000383998370677,0.00744645389279,0.9997,0.000173179098046,0.999118264228,0.999897967801,0.04,0.032625,-0.007375,-0.184375,-1.06854168561,,,,,,,,
A,main,paired,shared,2000,0.05,0.1,0.8,0.75,1.0,1.0,10000,10000,0,0.0400303,0.0337553,-0.006275,-0.001275,-0.005,0.00176269274367,1.76269274367e-05,-0.156743469619,-0.156756257135,-0.239583333333,-0.0806405265109,-0.01,-0.003,0.9983,0.00041195994951,0.997279014585,0.998938292639,0.0,0.0,0.0,0.000383998370677,0.9259,0.00261933560278,0.920601032608,0.93087187758,0.0,0.0,0.0,0.000383998370677,0.0,0.0,0.0,0.000383998370677,0.0,0.0,0.0,0.000383998370677,0.00685139382985,0.9986,0.000373903730925,0.997651238854,0.999165837971,0.04,0.03375,-0.00625,-0.15625,-1.41828461539,,,,,,,,
A,main,paired,shared,2000,0.05,0.1,0.8,0.775,1.0,1.0,10000,10000,0,0.03997895,0.03484,-0.00513895,-0.00013895,-0.005,0.00159670687504,1.59670687504e-05,-0.128588003954,-0.128541394909,-0.205489524577,-0.059506302521,-0.0085,-0.0025,0.9877,0.00110221186711,0.985344739413,0.989680708577,0.0,0.0,0.0,0.000383998370677,0.7707,0.00420382575757,0.762357630848,0.778834472434,0.0,0.0,0.0,0.000383998370677,0.0,0.0,0.0,0.000383998370677,0.0001,9.9994999875e-05,1.76526736011e-05,0.000566268897401,0.00618853515296,0.9908,0.000954743944731,0.988731160506,0.992491906694,0.04,0.034875,-0.005125,-0.128125,-0.873673196885,,,,,,,,
A,main,paired,shared,2000,0.05,0.1,0.8,0.8,1.0,1.0,10000,10000,0,0.039981,0.03596805,-0.00401295,0.00098705,-0.005,0.00141697144583,1.41697144583e-05,-0.100360083592,-0.100371426428,-0.170739730424,-0.0389485514486,-0.007,-0.0015,0.9421,0.00233554254939,0.937350386499,0.946510082142,0.0,0.0,0.0,0.000383998370677,0.4949,0.00499973989323,0.485104529713,0.50469938707,0.0,0.0,0.0,0.000383998370677,0.0,0.0,0.0,0.000383998370677,0.0004,0.000199959995999,0.000155562836623,0.00102812833536,0.00544905922359,0.9567,0.00203531594599,0.952532394221,0.960516861668,0.04,0.036,-0.004,-0.1,-0.913921027701,,,,,,,,
A,main,paired,shared,2000,0.05,0.1,0.8,0.825,1.0,1.0,10000,10000,0,0.03997965,0.0370915,-0.00288815,0.00211185,-0.005,0.00160495238706,1.60495238706e-05,-0.0719743644474,-0.0722405023556,-0.15,0.0,-0.006,0.0,0.7129,0.00452408653763,0.703952525757,0.721683967737,0.0012,0.000346202253026,0.00068660431877,0.00209647245582,0.2354,0.0042424855922,0.227187462773,0.243815749164,0.0,0.0,0.0,0.000383998370677,0.0194,0.00137926212157,0.0168754713004,0.0222936279335,0.0206,0.00142040980002,0.0179945903728,0.023573587265,0.00620052522938,0.4244,0.0049425159585,0.414743693602,0.434114366951,0.04,0.037125,-0.002875,-0.071875,-0.81933894775,,,,,,,,
A,main,paired,shared,2000,0.05,0.1,0.8,0.85,1.0,1.0,10000,10000,0,0.03997965,0.0382184,-0.00176125,0.00323875,-0.005,0.00177191630904,1.77191630904e-05,-0.0434387680559,-0.0440536623007,-0.128205128205,0.0416666666667,-0.0055,0.0015,0.4443,0.00496887824363,0.434584412842,0.454058364577,0.0163,0.00126626655962,0.0139974377258,0.018974042298,0.0965,0.00295275718609,0.09086668269,0.102443203995,0.0012,0.000346202253026,0.00068660431877,0.00209647245582,0.1268,0.00332748794138,0.12042122933,0.133465387053,0.0725,0.00259313998851,0.0675800233184,0.0777482952886,0.00686721450599,0.153,0.00359987499783,0.146077718558,0.160188776312,0.04,0.03825,-0.00175,-0.04375,-0.634905832889,,,,,,,,
A,main,paired,shared,2000,0.05,0.1,0.8,0.875,1.0,1.0,10000,10000,0,0.03997965,0.0393477,-0.00063195,0.00436805,-0.005,0.00191613709208,1.91613709208e-05,-0.0148409078344,-0.0158067917053,-0.107692307692,0.0804597701149,-0.0045,0.003,0.2337,0.0042318354174,0.225508975935,0.242095541597,0.0903,0.00286611077944,0.084838725866,0.096075922399,0.0351,0.00184032578638,0.031667825249,0.0388892164361,0.0095,0.000970038659023,0.00777816669577,0.0115985357059,0.3241,0.00468037594644,0.314995689754,0.333339400873,0.1026,0.00303435726308,0.096804554114,0.108700647791,0.00747436084135,0.0587,0.0023506235343,0.0542600896316,0.0634788273304,0.04,0.039375,-0.000625,-0.015625,-0.362708912047,,,,,,,,
A,main,paired,shared,2000,0.05,0.1,0.8,0.9,1.0,1.0,10000,10000,0,0.03997965,0.04047835,0.0004987,0.0054987,-0.005,0.00205253979303,2.05253979303e-05,0.0137985375377,0.0124738460692,-0.0853658536585,0.117647058824,-0.0035,0.0045,0.1115,0.00314750297855,0.105479571526,0.117818795208,0.24,0.00427083130081,0.231730175858,0.248469503294,0.0118,0.00107984998958,0.00986311937649,0.0141118166326,0.0505,0.00218974313562,0.0463781434893,0.0549670710459,0.5516,0.0049733031277,0.541834542218,0.56132582915,0.0966,0.00295412322018,0.0909639694127,0.102545840473,0.00803476601866,0.0513,0.00220608952674,0.0471458420422,0.0557987580957,0.04,0.0405,0.0005,0.0125,-0.0633361654871,,,,,,,,
A,main,paired,shared,2000,0.05,0.1,0.8,0.925,1.0,1.0,10000,10000,0,0.03997965,0.0416114,0.00163175,0.00663175,-0.005,0.00215979939134,2.15979939134e-05,0.0425863251765,0.0408145143842,-0.0617315769378,0.157142857143,-0.0025,0.006,0.0432,0.00203307058412,0.0393875707747,0.0473632501368,0.438,0.0049614110896,0.428301458916,0.447746156882,0.0034,0.000582103083654,0.0024341818163,0.00474720536546,0.1484,0.00355496047798,0.141567448988,0.155502578666,0.7382,0.00439614330977,0.729493417925,0.746723645251,0.0717,0.00257990523082,0.0668062416135,0.0769226913908,0.00855811918561,0.1116,0.00314873688961,0.105577116804,0.11792117313,0.04,0.041625,0.001625,0.040625,0.312529025939,,,,,,,,
A,main,paired,shared,2000,0.05,0.1,0.8,0.95,1.0,1.0,10000,10000,0,0.03997965,0.0427407,0.00276105,0.00776105,-0.005,0.00227672928718,2.27672928718e-05,0.071184185398,0.0690613849796,-0.0400101010101,0.193548387097,-0.0015,0.0070125,0.0152,0.00122347701245,0.0129814352543,0.0177908895659,0.6305,0.00482669400315,0.620991425568,0.639908350858,0.0004,0.000199959995999,0.000155562836623,0.00102812833536,0.3007,0.00458562438497,0.291790272132,0.309762789619,0.8643,0.00342469721289,0.857447657224,0.870872561563,0.046,0.00209485083001,0.0420655912573,0.0502830792632,0.00904928968027,0.2255,0.00417911174773,0.2174153935,0.233795421606,0.04,0.04275,0.00275,0.06875,0.485345361972,,,,,,,,
A,main,paired,shared,2000,0.05,0.1,0.8,0.975,1.0,1.0,10000,10000,0,0.03997965,0.0438676,0.00388795,0.00888795,-0.005,0.00239638145167,2.39638145167e-05,0.0997197817895,0.0972482250345,-0.020629408573,0.230769230769,-0.001,0.0085,0.0052,0.000719232924719,0.00396785292163,0.00681215186599,0.7765,0.00416590626395,0.768229675598,0.784557973303,0.0,0.0,0.0,0.000383998370677,0.4835,0.0049972767584,0.473713732169,0.493298939777,0.935,0.00246525860712,0.929999183397,0.939666738021,0.0245,0.00154595439778,0.0216476604822,0.0277175219683,0.00951299247223,0.3695,0.00482669400315,0.360091649142,0.379008574432,0.04,0.043875,0.003875,0.096875,0.540398106945,,,,,,,,
A,main,paired,shared,2000,0.05,0.1,0.8,1.0,1.0,1.0,10000,10000,0,0.03997965,0.0449942,0.00501455,0.01001455,-0.005,0.00250917175414,2.50917175414e-05,0.128227417873,0.125427561272,0.0,0.266666666667,0.0,0.01,0.0019,0.000435475602072,0.00121674415963,0.00296579501724,0.8812,0.00323553025021,0.874711625211,0.887395614431,0.0,0.0,0.0,0.000383998370677,0.6529,0.00476047886247,0.643512526358,0.662170046941,0.972,0.00164972725018,0.968580890787,0.975056614751,0.0127,0.00111976381438,0.0106848828629,0.0150893619491,0.00995411792399,0.5273,0.00499254153713,0.517506188555,0.537072845134,0.04,0.045,0.005,0.125,0.579872620357,,,,,,,,
C,C1,paired,shared,2000,,0.1,,,,,10000,10000,0,0.593044438892,0.489249599048,-0.103794839844,-0.178794839844,0.075,0.0177642171577,0.000177642171577,-0.174791854582,-0.175020340867,-0.229413014498,-0.120448179272,-0.139028475712,-0.0697674418605,0.0,0.0,0.0,0.000383998370677,1.0,0.0,0.999616001629,1.0,0.0,0.0,0.0,0.000383998370677,0.9951,0.000698282893962,0.993528391576,0.996291373237,1.0,0.0,0.999616001629,1.0,0.0,0.0,0.0,0.000383998370677,,,,,,0.592720970537,0.488994800693,-0.103726169844,-0.175,-0.386563614767,0.3,0.75,0.8,0.6,0.95,0.95,0.005,0.005
C,C1,paired,shared,2000,,0.1,,,,,10000,10000,0,0.59306496141,0.50960236502,-0.0834625963903,-0.15846259639,0.075,0.0172010907804,0.000172010907804,-0.140491548086,-0.140730951618,-0.194204968944,-0.0860534124629,-0.117074269391,-0.0499107910682,0.0,0.0,0.0,0.000383998370677,0.9994,0.00024487547856,0.998691475904,0.999724986524,0.0,0.0,0.0,0.000383998370677,0.9302,0.00254809654448,0.925038853481,0.935030754321,1.0,0.0,0.999616001629,1.0,0.0,0.0,0.0,0.000383998370677,,,,,,0.592720970537,0.509369584055,-0.0833513864818,-0.140625,-0.646528234066,0.3,0.75,0.8,0.625,0.95,0.95,0.005,0.005
C,C1,paired,shared,2000,,0.1,,,,,10000,10000,0,0.592832684836,0.529909895589,-0.0629227892468,-0.137922789247,0.075,0.0164867806259,0.000164867806259,-0.105884745061,-0.106139203955,-0.157411128975,-0.0536277602524,-0.0955521756976,-0.0310327554802,0.0,0.0,0.0,0.000383998370677,0.9808,0.00137227402511,0.977919951822,0.983310795345,0.0,0.0,0.0,0.000383998370677,0.5876,0.00492266431925,0.577919910952,0.597212812534,0.9999,9.9994999875e-05,0.999433731103,0.999982347326,0.0001,9.9994999875e-05,1.76526736011e-05,0.000566268897401,,,,,,0.592720970537,0.529744367418,-0.0629766031196,-0.10625,0.326406191961,0.3,0.75,0.8,0.65,0.95,0.95,0.005,0.005
C,C1,paired,shared,2000,,0.1,,,,,10000,10000,0,0.593037943059,0.550424559889,-0.0426133831701,-0.11761338317,0.075,0.015744182638,0.00015744182638,-0.0715962272143,-0.0718560821762,-0.121387283237,-0.0210827544412,-0.0737715722147,-0.0122807017544,0.0,0.0,0.0,0.000383998370677,0.7983,0.00401269373364,0.790321393975,0.806049512597,0.0,0.0,0.0,0.000383998370677,0.1362,0.00343000816326,0.129616845414,0.1430625518,0.9958,0.000646711682282,0.994328104184,0.996891123032,0.0076,0.000868460707229,0.00607678426402,0.00950137733142,,,,,,0.592720970537,0.55011915078,-0.0426018197574,-0.071875,-0.073445620906,0.3,0.75,0.8,0.675,0.95,0.95,0.005,0.005
C,C1,paired,shared,2000,,0.1,,,,,10000,10000,0,0.592837712762,0.570649334331,-0.0221883784315,-0.0971883784315,0.075,0.0147386015763,0.000147386015763,-0.0371756521731,-0.0374274071197,-0.0848000844888,0.0113636363636,-0.051156101105,0.00661184390564,0.0003,0.000173179098046,0.000102032199418,0.000881735772236,0.3002,0.00458344804705,0.291294727063,0.309258718686,0.0,0.0,0.0,0.000383998370677,0.0044,0.000661864034376,0.0032794410394,0.00590117814561,0.9267,0.0026062829854,0.921426280277,0.931646015514,0.1099,0.00312765071579,0.103919061744,0.116180533784,,,,,,0.592720970537,0.570493934142,-0.0222270363951,-0.0375,0.262290580763,0.3,0.75,0.8,0.7,0.95,0.95,0.005,0.005
C,C1,paired,shared,2000,,0.1,,,,,10000,10000,0,0.592825657559,0.591064169644,-0.00176148791434,-0.0767614879143,0.075,0.0136442614981,0.000136442614981,-0.00270726911557,-0.00297134223508,-0.0465150179673,0.0430806916427,-0.0281695980193,0.0247122790064,0.0126,0.00111540306616,0.0105934322319,0.0149808893799,0.0171,0.00129644089723,0.0147381847877,0.0198326808387,0.0,0.0,0.0,0.000383998370677,0.0,0.0,0.0,0.000383998370677,0.5292,0.00499146631763,0.519407565135,0.538970009361,0.3383,0.00473131176314,0.329090464578,0.347633720495,,,,,,0.592720970537,0.590868717504,-0.00185225303293,-0.003125,0.665225586582,0.3,0.75,0.8,0.725,0.95,0.95,0.005,0.005
C,C1,paired,shared,2000,,0.1,,,,,10000,10000,0,0.592800591558,0.611348236251,0.0185476446934,-0.0564523553066,0.075,0.0125111438054,0.000125111438054,0.03156721082,0.0312881683277,-0.00920316186881,0.0750018768769,-0.00546473016633,0.0432434770411,0.1943,0.00395660852246,0.186663178556,0.202171598048,0.0,0.0,0.0,0.000383998370677,0.0009,0.000299864969611,0.000473577060585,0.00170973011302,0.0,0.0,0.0,0.000383998370677,0.0601,0.00237672021913,0.0556084670011,0.0649293747654,0.1372,0.00344058367141,0.130595750186,0.144082879032,,,,,,0.592720970537,0.611243500867,0.0185225303293,0.03125,0.200735955975,0.3,0.75,0.8,0.75,0.95,0.95,0.005,0.005
C,C1,paired,shared,2000,,0.1,,,,,10000,10000,0,0.592937846929,0.631985072718,0.0390472257897,-0.0359527742103,0.075,0.0113320098538,0.000113320098538,0.0661390820162,0.0658538259819,0.0278637770898,0.106918238994,0.0168904700155,0.0617495711835,0.7874,0.0040914696626,0.779271285983,0.795307991753,0.0,0.0,0.0,0.000383998370677,0.0477,0.00213130734527,0.0436935891356,0.0520537757905,0.0,0.0,0.0,0.000383998370677,0.0001,9.9994999875e-05,1.76526736011e-05,0.000566268897401,0.0019,0.000435475602072,0.00121674415963,0.00296579501724,,,,,,0.592720970537,0.631618284229,0.0388973136915,0.065625,1.32290829372,0.3,0.75,0.8,0.775,0.95,0.95,0.005,0.005
C,C1,paired,shared,2000,,0.1,,,,,10000,10000,0,0.592709132925,0.651975749754,0.0592666168282,-0.0157333831718,0.075,0.00983248095697,9.83248095697e-05,0.100290110431,0.0999927511421,0.0670391061453,0.136944764257,0.0407470288625,0.0791366906475,0.9989,0.000331480014481,0.99803119708,0.999385649346,0.0,0.0,0.0,0.000383998370677,0.4892,0.00499883346392,0.47940849405,0.498999800315,0.0,0.0,0.0,0.000383998370677,0.0,0.0,0.0,0.000383998370677,0.0,0.0,0.0,0.000383998370677,,,,,,0.592720970537,0.651993067591,0.0592720970537,0.1,-0.0557359380554,0.3,0.75,0.8,0.8,0.95,0.95,0.005,0.005
C,C1,paired,shared,2000,,0.1,,,,,10000,10000,0,0.592557176095,0.672443275089,0.0798860989941,0.0048860989941,0.075,0.0111595407256,0.000111595407256,0.135207902848,0.134815849368,0.0965890049963,0.177914110429,0.0585284280936,0.102080227109,1.0,0.0,0.999616001629,1.0,0.0,0.0,0.0,0.000383998370677,0.9596,0.00196895505281,0.955561140133,0.963285888564,0.0,0.0,0.0,0.000383998370677,0.0,0.0,0.0,0.000383998370677,0.0,0.0,0.0,0.000383998370677,,,,,,0.592720970537,0.672367850953,0.0796468804159,0.134375,2.14362386441,0.3,0.75,0.8,0.825,0.95,0.95,0.005,0.005
C,C1,paired,shared,2000,,0.1,,,,,10000,10000,0,0.592906285419,0.693051781171,0.100145495752,0.0251454957522,0.075,0.0124839892483,0.000124839892483,0.169412203599,0.168906112509,0.125,0.218357108082,0.0762564991334,0.125211505922,1.0,0.0,0.999616001629,1.0,0.0,0.0,0.0,0.000383998370677,0.9991,0.000299864969611,0.998290269887,0.999526422939,0.0,0.0,0.0,0.000383998370677,0.0,0.0,0.0,0.000383998370677,0.0,0.0,0.0,0.000383998370677,,,,,,0.592720970537,0.692742634315,0.100021663778,0.16875,0.991926311353,0.3,0.75,0.8,0.85,0.95,0.95,0.005,0.005
C,C1,paired,shared,2000,,0.1,,,,,10000,10000,0,0.592345615035,0.712888242326,0.12054262729,0.0455426272905,0.075,0.013395694847,0.00013395694847,0.204101124303,0.203500497397,0.154797840189,0.258622049385,0.0949149563611,0.147404205753,1.0,0.0,0.999616001629,1.0,0.0,0.0,0.0,0.000383998370677,1.0,0.0,0.999616001629,1.0,0.0,0.0,0.0,0.000383998370677,0.0,0.0,0.0,0.000383998370677,0.0,0.0,0.0,0.000383998370677,,,,,,0.592720970537,0.713117417678,0.12039644714,0.203125,1.09124723831,0.3,0.75,0.8,0.875,0.95,0.95,0.005,0.005
C,C1,paired,shared,2000,,0.1,,,,,10000,10000,0,0.592551007035,0.733259920607,0.140708913571,0.0657089135711,0.075,0.0144332238152,0.000144332238152,0.2381510133,0.237462955763,0.184571772924,0.298816568047,0.113333333333,0.169612460298,1.0,0.0,0.999616001629,1.0,0.0,0.0,0.0,0.000383998370677,1.0,0.0,0.999616001629,1.0,0.0,0.0,0.0,0.000383998370677,0.0,0.0,0.0,0.000383998370677,0.0,0.0,0.0,0.000383998370677,,,,,,0.592720970537,0.73349220104,0.140771230503,0.2375,-0.431760307481,0.3,0.75,0.8,0.9,0.95,0.95,0.005,0.005
C,C1,paired,shared,2000,,0.1,,,,,10000,10000,0,0.59257741203,0.753731139174,0.161153727144,0.0861537271442,0.075,0.0152845220349,0.000152845220349,0.272747589244,0.271953881253,0.214084300525,0.33836858006,0.131943516043,0.191756272401,1.0,0.0,0.999616001629,1.0,0.0,0.0,0.0,0.000383998370677,1.0,0.0,0.999616001629,1.0,0.0,0.0,0.0,0.000383998370677,0.0,0.0,0.0,0.000383998370677,0.0,0.0,0.0,0.000383998370677,,,,,,0.592720970537,0.753866984402,0.161146013865,0.271875,0.0504646422506,0.3,0.75,0.8,0.925,0.95,0.95,0.005,0.005
C,C1,paired,shared,2000,,0.1,,,,,10000,10000,0,0.592656430498,0.774138586599,0.181482156101,0.106482156101,0.075,0.0161686840059,0.000161686840059,0.307148731742,0.306218150622,0.244382022472,0.38006367164,0.151103565365,0.213793670599,1.0,0.0,0.999616001629,1.0,0.0,0.0,0.0,0.000383998370677,1.0,0.0,0.999616001629,1.0,0.0,0.0,0.0,0.000383998370677,0.0,0.0,0.0,0.000383998370677,0.0,0.0,0.0,0.000383998370677,,,,,,0.592720970537,0.774241767764,0.181520797227,0.30625,-0.238987452661,0.3,0.75,0.8,0.95,0.95,0.95,0.005,0.005
C,C1,paired,shared,2000,,0.1,,,,,10000,10000,0,0.592552655497,0.794433922082,0.201881266585,0.126881266585,0.075,0.016702960338,0.00016702960338,0.341717301011,0.340697598286,0.272727272727,0.418681837442,0.169877267726,0.235191711326,1.0,0.0,0.999616001629,1.0,0.0,0.0,0.0,0.000383998370677,1.0,0.0,0.999616001629,1.0,0.0,0.0,0.0,0.000383998370677,0.0,0.0,0.0,0.000383998370677,0.0,0.0,0.0,0.000383998370677,,,,,,0.592720970537,0.794616551127,0.201895580589,0.340625,-0.0856974063718,0.3,0.75,0.8,0.975,0.95,0.95,0.005,0.005
C,C1,paired,shared,2000,,0.1,,,,,10000,10000,0,0.592758854388,0.815047609645,0.222288755257,0.147288755257,0.075,0.0172495678003,0.000172495678003,0.376089574466,0.375007059973,0.303465772553,0.456790123457,0.189045936396,0.256685692067,1.0,0.0,0.999616001629,1.0,0.0,0.0,0.0,0.000383998370677,1.0,0.0,0.999616001629,1.0,0.0,0.0,0.0,0.000383998370677,0.0,0.0,0.0,0.000383998370677,0.0,0.0,0.0,0.000383998370677,,,,,,0.592720970537,0.814991334489,0.222270363951,0.375,0.1066189349,0.3,0.75,0.8,1.0,0.95,0.95,0.005,0.005
A,main,paired,shared,2000,0.05,0.2,0.8,0.6,1.0,1.0,10000,10000,0,0.039951,0.02396215,-0.01598885,-0.00598885,-0.01,0.00279633378297,2.79633378297e-05,-0.400207449211,-0.400211509099,-0.507468427095,-0.292303370787,-0.022,-0.0105,1.0,0.0,0.999616001629,1.0,0.0,0.0,0.0,0.000383998370677,1.0,0.0,0.999616001629,1.0,0.0,0.0,0.0,0.000383998370677,0.0,0.0,0.0,0.000383998370677,0.0,0.0,0.0,0.000383998370677,0.0109531049535,1.0,0.0,0.999616001629,1.0,0.04,0.024,-0.016,-0.4,0.398736376463,,,,,,,,
A,main,paired,shared,2000,0.05,0.2,0.8,0.625,1.0,1.0,10000,10000,0,0.0399862,0.0250374,-0.0149488,-0.0049488,-0.01,0.00271180086776,2.71180086776e-05,-0.373855243855,-0.373848977897,-0.481012658228,-0.266666666667,-0.0205,-0.01,1.0,0.0,0.999616001629,1.0,0.0,0.0,0.0,0.000383998370677,1.0,0.0,0.999616001629,1.0,0.0,0.0,0.0,0.000383998370677,0.0,0.0,0.0,0.000383998370677,0.0,0.0,0.0,0.000383998370677,0.0105932785969,1.0,0.0,0.999616001629,1.0,0.04,0.025,-0.015,-0.375,1.8880442369,,,,,,,,
A,main,paired,shared,2000,0.05,0.2,0.8,0.65,1.0,1.0,10000,10000,0,0.0399728,0.0259965,-0.0139763,-0.0039763,-0.01,0.00260446090999,2.60446090999e-05,-0.349678917821,-0.349645258776,-0.455882352941,-0.247058823529,-0.0195,-0.009,1.0,0.0,0.999616001629,1.0,0.0,0.0,0.0,0.000383998370677,1.0,0.0,0.999616001629,1.0,0.0,0.0,0.0,0.000383998370677,0.0,0.0,0.0,0.000383998370677,0.0,0.0,0.0,0.000383998370677,0.0102456961357,1.0,0.0,0.999616001629,1.0,0.04,0.026,-0.014,-0.35,0.909977182192,,,,,,,,
A,main,paired,shared,2000,0.05,0.2,0.8,0.675,1.0,1.0,10000,10000,0,0.03995815,0.02696885,-0.0129893,-0.0029893,-0.01,0.00254592491707,2.54592491707e-05,-0.325005040522,-0.325072607215,-0.428571428571,-0.223684210526,-0.018,-0.0085,1.0,0.0,0.999616001629,1.0,0.0,0.0,0.0,0.000383998370677,1.0,0.0,0.999616001629,1.0,0.0,0.0,0.0,0.000383998370677,0.0,0.0,0.0,0.000383998370677,0.0,0.0,0.0,0.000383998370677,0.00987746185411,1.0,0.0,0.999616001629,1.0,0.04,0.027,-0.013,-0.325,0.420279479896,,,,,,,,
A,main,paired,shared,2000,0.05,0.2,0.8,0.7,1.0,1.0,10000,10000,0,0.03996215,0.02796975,-0.0119924,-0.0019924,-0.01,0.00247579385158,2.47579385158e-05,-0.300018895034,-0.300093963913,-0.402597402597,-0.2,-0.017,-0.0075,1.0,0.0,0.999616001629,1.0,0.0,0.0,0.0,0.000383998370677,1.0,0.0,0.999616001629,1.0,0.0,0.0,0.0,0.000383998370677,0.0,0.0,0.0,0.000383998370677,0.0,0.0,0.0,0.000383998370677,0.00949064388295,1.0,0.0,0.999616001629,1.0,0.04,0.028,-0.012,-0.3,0.306972246302,,,,,,,,
A,main,paired,shared,2000,0.05,0.2,0.8,0.725,1.0,1.0,10000,10000,0,0.0399547,0.0289674,-0.0109873,-0.0009873,-0.01,0.00232938432062,2.32938432062e-05,-0.274942360836,-0.274993930626,-0.375,-0.179775280899,-0.016,-0.0065,1.0,0.0,0.999616001629,1.0,0.0,0.0,0.0,0.000383998370677,1.0,0.0,0.999616001629,1.0,0.0,0.0,0.0,0.000383998370677,0.0,0.0,0.0,0.000383998370677,0.0,0.0,0.0,0.000383998370677,0.00908577703146,1.0,0.0,0.999616001629,1.0,0.04,0.029,-0.011,-0.275,0.545208443605,,,,,,,,
A,main,paired,shared,2000,0.05,0.2,0.8,0.75,1.0,1.0,10000,10000,0,0.03995945,0.0299721,-0.00998735,1.265e-05,-0.01,0.00225213724931,2.25213724931e-05,-0.249819541604,-0.249937123759,-0.348318862785,-0.157894736842,-0.0145,-0.006,1.0,0.0,0.999616001629,1.0,0.0,0.0,0.0,0.000383998370677,0.9994,0.00024487547856,0.998691475904,0.999724986524,0.0,0.0,0.0,0.000383998370677,0.0,0.0,0.0,0.000383998370677,0.0,0.0,0.0,0.000383998370677,0.00866021318076,1.0,0.0,0.999616001629,1.0,0.04,0.03,-0.01,-0.25,0.561688680558,,,,,,,,
A,main,paired,shared,2000,0.05,0.2,0.8,0.775,1.0,1.0,10000,10000,0,0.0399572,0.0309784,-0.0089788,0.0010212,-0.01,0.00211727391825,2.11727391825e-05,-0.224631483565,-0.224710440171,-0.318181818182,-0.135135135135,-0.0135,-0.005,1.0,0.0,0.999616001629,1.0,0.0,0.0,0.0,0.000383998370677,0.9982,0.000423882059068,0.997156312015,0.998861072008,0.0,0.0,0.0,0.000383998370677,0.0,0.0,0.0,0.000383998370677,0.0,0.0,0.0,0.000383998370677,0.00821026137058,1.0,0.0,0.999616001629,1.0,0.04,0.031,-0.009,-0.225,1.00128754326,,,,,,,,
A,main,paired,shared,2000,0.05,0.2,0.8,0.8,1.0,1.0,10000,10000,0,0.03993895,0.03196435,-0.0079746,0.0020254,-0.01,0.00200022621983,2.00022621983e-05,-0.199617793039,-0.19966974595,-0.294117647059,-0.116270643748,-0.012,-0.0045,1.0,0.0,0.999616001629,1.0,0.0,0.0,0.0,0.000383998370677,0.9905,0.000970038659023,0.988401464294,0.992221833304,0.0,0.0,0.0,0.000383998370677,0.0,0.0,0.0,0.000383998370677,0.0,0.0,0.0,0.000383998370677,0.00773401737126,1.0,0.0,0.999616001629,1.0,0.04,0.032,-0.008,-0.2,1.26985636665,,,,,,,,
A,main,paired,shared,2000,0.05,0.2,0.8,0.825,1.0,1.0,10000,10000,0,0.03995765,0.0329825,-0.00697515,0.00302485,-0.01,0.00209935661747,2.09935661747e-05,-0.174242852451,-0.174563569179,-0.270006756757,-0.0821917808219,-0.011,-0.003,0.9961,0.000623280835579,0.994673357685,0.997145639131,0.0,0.0,0.0,0.000383998370677,0.9429,0.00232033596705,0.938179845845,0.947280008398,0.0,0.0,0.0,0.000383998370677,0.0,0.0,0.0,0.000383998370677,0.0,0.0,0.0,0.000383998370677,0.0082248943247,0.9509,0.00216076815045,0.946489101953,0.954964608317,0.04,0.033,-0.007,-0.175,1.18369598539,,,,,,,,
A,main,paired,shared,2000,0.05,0.2,0.8,0.85,1.0,1.0,10000,10000,0,0.03995765,0.0339859,-0.00597175,0.00402825,-0.01,0.00221128150946,2.21128150946e-05,-0.148830730364,-0.149451982286,-0.25,-0.0487804878049,-0.0105,-0.002,0.9736,0.00160321676638,0.97027123527,0.976565041474,0.0,0.0,0.0,0.000383998370677,0.8282,0.00377206521683,0.820681205058,0.835466738411,0.0,0.0,0.0,0.000383998370677,0.0014,0.000373903730925,0.000834162028875,0.00234876114636,0.002,0.000446766158074,0.00129511171254,0.00308735066465,0.0086865792638,0.8007,0.0039947404171,0.792755636189,0.808413427191,0.04,0.034,-0.006,-0.15,1.27753973789,,,,,,,,
A,main,paired,shared,2000,0.05,0.2,0.8,0.875,1.0,1.0,10000,10000,0,0.03995765,0.0349858,-0.00497185,0.00502815,-0.01,0.00231756762349,2.31756762349e-05,-0.123502483303,-0.124427988132,-0.230769230769,-0.0140845070423,-0.0095,-0.0005,0.9126,0.00282420325048,0.906905021049,0.917978103496,0.0009,0.000299864969611,0.000473577060585,0.00170973011302,0.6698,0.00470284977434,0.66051892014,0.678950674013,0.0,0.0,0.0,0.000383998370677,0.0094,0.000964968393265,0.00768808824825,0.0114886909531,0.0075,0.000862771696337,0.00598789788844,0.00939034050668,0.00912251206217,0.5882,0.00492159283159,0.578521779407,0.59781048328,0.04,0.035,-0.005,-0.125,1.2146355392,,,,,,,,
A,main,paired,shared,2000,0.05,0.2,0.8,0.9,1.0,1.0,10000,10000,0,0.03995765,0.0359847,-0.00397295,0.00602705,-0.01,0.00242019194082,2.42019194082e-05,-0.0981988223106,-0.0994290204754,-0.212121212121,0.0144927536232,-0.009,0.0005,0.7995,0.00400374512176,0.791538460162,0.807231524814,0.0069,0.000827791640451,0.00545620543118,0.00872249376198,0.491,0.00499918993438,0.481207104586,0.500799807385,0.0006,0.00024487547856,0.000275013476331,0.0013085240963,0.0344,0.00182254327795,0.0310028839694,0.0381546953134,0.0243,0.0015397892713,0.0214597917759,0.0275055442739,0.00953769039724,0.3784,0.00484988082328,0.368942812991,0.387950575413,0.04,0.036,-0.004,-0.1,1.11767994694,,,,,,,,
A,main,paired,shared,2000,0.05,0.2,0.8,0.925,1.0,1.0,10000,10000,0,0.03995765,0.0369697,-0.00298795,0.00701205,-0.01,0.00254119569594,2.54119569594e-05,-0.0731658566081,-0.074777921124,-0.192307692308,0.0526315789474,-0.008,0.002,0.6557,0.00475139463737,0.646329245302,0.664951177605,0.0272,0.00162665792347,0.0241888094761,0.0305742993833,0.3403,0.00473809993563,0.331076399965,0.349646249115,0.0034,0.000582103083654,0.0024341818163,0.00474720536546,0.099,0.00298662016333,0.0932994140596,0.105008552634,0.0428,0.00202405928767,0.0390053588429,0.0469457692673,0.0099294309053,0.2228,0.00416125173475,0.214751412178,0.231061476519,0.04,0.037,-0.003,-0.075,0.474186227344,,,,,,,,
A,main,paired,shared,2000,0.05,0.2,0.8,0.95,1.0,1.0,10000,10000,0,0.03995765,0.0379696,-0.00198805,0.00801195,-0.01,0.00263508568459,2.63508568459e-05,-0.0478376095474,-0.0497539269702,-0.171721117424,0.084513010265,-0.007,0.003,0.5015,0.00499997749995,0.491701529892,0.511297318113,0.0706,0.00256155499648,0.0657425899049,0.0757871878959,0.2134,0.004097077495,0.205480717265,0.221539390601,0.0155,0.00123530360641,0.0132582225255,0.0181138718957,0.1977,0.00398264623084,0.190010875125,0.20562129029,0.0584,0.00234498272915,0.0539712467459,0.0631679006151,0.0103107552342,0.118,0.0032260812141,0.111823196916,0.124470177839,0.04,0.038,-0.002,-0.05,0.453495689718,,,,,,,,
A,main,paired,shared,2000,0.05,0.2,0.8,0.975,1.0,1.0,10000,10000,0,0.03995765,0.038973,-0.00098465,0.00901535,-0.01,0.00272657895554,2.72657895554e-05,-0.0224254874597,-0.0246423400776,-0.151898734177,0.116883116883,-0.0065,0.0045,0.3535,0.00478056220543,0.344188156256,0.362924355267,0.1498,0.00356875272329,0.142939899689,0.15692905277,0.1253,0.00331058771217,0.118954902025,0.131932866354,0.04,0.00195959179423,0.0363325868499,0.0440206916511,0.3229,0.00467584847915,0.313805018871,0.332130993352,0.0733,0.0026062829854,0.0683539844864,0.0785737197231,0.0106790900993,0.0687,0.0025294329404,0.0639062068102,0.0738250301844,0.04,0.039,-0.001,-0.025,0.562976544979,,,,,,,,
A,main,paired,shared,2000,0.05,0.2,0.8,1.0,1.0,1.0,10000,10000,0,0.03995765,0.0399751,1.745e-05,0.01001745,-0.01,0.00280472942513,2.80472942513e-05,0.00293495028883,0.000436712369221,-0.130434782609,0.147058823529,-0.0055,0.0055,0.2338,0.00423246453027,0.225607705301,0.242196735432,0.2506,0.0043335855824,0.24220318846,0.259188349927,0.0718,0.00258156464184,0.0669029544182,0.0770259017864,0.0923,0.00289448976505,0.0867823895927,0.0981307226787,0.466,0.00498842660565,0.456237788122,0.475788323768,0.0765,0.00265796444671,0.0714515708987,0.0818736757212,0.0110340099413,0.0479,0.00213554653426,0.0438852156171,0.0522619957097,0.04,0.04,0.0,0.0,0.622163401704,,,,,,,,
C,C1,paired,shared,2000,,0.2,,,,,10000,10000,0,0.592872116382,0.533647430619,-0.0592246857629,-0.209224685763,0.15,0.0200447998115,0.000200447998115,-0.0994555246943,-0.0998945373317,-0.162790697674,-0.036183219721,-0.0991889347202,-0.0207597304564,0.0,0.0,0.0,0.000383998370677,0.9361,0.00244574712511,0.931136957708,0.940728118913,0.0,0.0,0.0,0.000383998370677,0.4971,0.00499991589929,0.48730334015,0.50689888704,0.998,0.000446766158074,0.996912649335,0.998704888287,0.0043,0.000654332484292,0.00319407440154,0.00578662158315,,,,,,0.592720970537,0.533448873484,-0.0592720970537,-0.1,0.236526636666,0.3,0.75,0.8,0.6,0.95,0.95,0.005,0.005
C,C1,paired,shared,2000,,0.2,,,,,10000,10000,0,0.592807875963,0.555874011881,-0.0369338640822,-0.186933864082,0.15,0.019426010503,0.00019426010503,-0.0618509100354,-0.0623032614441,-0.123840379188,0.0,-0.0748685098104,0.0,0.0002,0.000141407213395,5.48489273209e-05,0.000728995844007,0.6442,0.00478755010418,0.63476284003,0.65352641484,0.0,0.0,0.0,0.000383998370677,0.1151,0.00319142585689,0.108992176037,0.121503425909,0.9713,0.00166962001665,0.967842253219,0.974395789917,0.0412,0.00198752509418,0.0374774661619,0.045274890743,,,,,,0.592720970537,0.555675909879,-0.0370450606586,-0.0625,0.572410770235,0.3,0.75,0.8,0.625,0.95,0.95,0.005,0.005
C,C1,paired,shared,2000,,0.2,,,,,10000,10000,0,0.592628884899,0.578169826985,-0.0144590579144,-0.164459057914,0.15,0.0188836176303,0.000188836176303,-0.0239297094514,-0.0243981660071,-0.0838373672822,0.0388059701493,-0.0508217896959,0.0222621863673,0.0123,0.00110221186711,0.0103192914233,0.0146552605874,0.2051,0.00403774677264,0.197300112151,0.213126370088,0.0,0.0,0.0,0.000383998370677,0.0068,0.000821812630713,0.00536787615584,0.00861089983699,0.7647,0.00424186173749,0.756285434373,0.77291127689,0.1966,0.00397427276366,0.188927697941,0.20450531227,,,,,,0.592720970537,0.577902946274,-0.0148180242634,-0.025,1.90094057216,0.3,0.75,0.8,0.65,0.95,0.95,0.005,0.005
C,C1,paired,shared,2000,,0.2,,,,,10000,10000,0,0.592642813573,0.600057128154,0.00741431458041,-0.14258568542,0.15,0.0180662897988,0.000180662897988,0.012992975308,0.0125105956077,-0.0460122699387,0.0743059394811,-0.0280229697066,0.0428082191781,0.1127,0.00316225726341,0.106650217902,0.119047227236,0.018,0.00132951118837,0.0155732272496,0.0207969471797,0.0044,0.000661864034376,0.0032794410394,0.00590117814561,0.0,0.0,0.0,0.000383998370677,0.3246,0.00468225202226,0.31549182293,0.333842883698,0.2461,0.00430737495466,0.237756255408,0.254638738965,,,,,,0.592720970537,0.600129982669,0.00740901213172,0.0125,0.0293499592774,0.3,0.75,0.8,0.675,0.95,0.95,0.005,0.005
C,C1,paired,shared,2000,,0.2,,,,,10000,10000,0,0.592973251339,0.622868709929,0.0298954585901,-0.12010454141,0.15,0.0174245188847,0.000174245188847,0.0509218925508,0.0504162009375,-0.00584838195195,0.111111111111,-0.00354625675522,0.0638686131387,0.5022,0.00499995159977,0.492401311827,0.51199699858,0.0005,0.000223550889061,0.000213588426164,0.00117002594614,0.0561,0.00230114732253,0.0517579364469,0.0607829773066,0.0,0.0,0.0,0.000383998370677,0.0387,0.00192879003523,0.0350933566821,0.0426609202147,0.0659,0.00248107214728,0.0612019586074,0.0709314287781,,,,,,0.592720970537,0.622357019064,0.0296360485269,0.05,1.48876456761,0.3,0.75,0.8,0.7,0.95,0.95,0.005,0.005
C,C1,paired,shared,2000,,0.2,,,,,10000,10000,0,0.593023356944,0.644908864287,0.0518855073431,-0.0981144926569,0.15,0.0166444848248,0.000166444848248,0.0880149468937,0.0874931935405,0.0320699708455,0.147728248985,0.0194802321572,0.0844827586207,0.9029,0.00296093887137,0.89694100555,0.908549568563,0.0,0.0,0.0,0.000383998370677,0.3342,0.00471710038053,0.325019876085,0.343507457774,0.0,0.0,0.0,0.000383998370677,0.0012,0.000346202253026,0.00068660431877,0.00209647245582,0.0028,0.000528408932551,0.00193800573069,0.00404384224912,,,,,,0.592720970537,0.644584055459,0.051863084922,0.0875,0.134713818661,0.3,0.75,0.8,0.725,0.95,0.95,0.005,0.005
C,C1,paired,shared,2000,,0.2,,,,,10000,10000,0,0.592717936292,0.666697146056,0.0739792097645,-0.0760207902355,0.15,0.0157783666678,0.000157783666678,0.125361650774,0.124813516236,0.0708656053552,0.184442473953,0.0433996383363,0.105263157895,0.9968,0.000564779603031,0.995486173073,0.997732286146,0.0,0.0,0.0,0.000383998370677,0.8118,0.00390871794838,0.8040198582,0.819340680416,0.0,0.0,0.0,0.000383998370677,0.0,0.0,0.0,0.000383998370677,0.0,0.0,0.0,0.000383998370677,,,,,,0.592720970537,0.666811091854,0.0740901213172,0.125,-0.702934308655,0.3,0.75,0.8,0.75,0.95,0.95,0.005,0.005
C,C1,paired,shared,2000,,0.2,,,,,10000,10000,0,0.592995143221,0.68924261168,0.0962474684593,-0.0537525315407,0.15,0.014817374579,0.00014817374579,0.162876229064,0.162307346965,0.110795247482,0.220125786164,0.0678253500368,0.125862370388,1.0,0.0,0.999616001629,1.0,0.0,0.0,0.0,0.000383998370677,0.991,0.000944404574322,0.988951233693,0.992671679907,0.0,0.0,0.0,0.000383998370677,0.0,0.0,0.0,0.000383998370677,0.0,0.0,0.0,0.000383998370677,,,,,,0.592720970537,0.68903812825,0.0963171577123,0.1625,-0.470321193737,0.3,0.75,0.8,0.775,0.95,0.95,0.005,0.005
C,C1,paired,shared,2000,,0.2,,,,,10000,10000,0,0.592824831194,0.711263082935,0.118438251741,-0.0315617482592,0.15,0.0134668143402,0.000134668143402,0.200366553941,0.199786253053,0.151830687155,0.254716981132,0.0927639873978,0.145221125282,1.0,0.0,0.999616001629,1.0,0.0,0.0,0.0,0.000383998370677,1.0,0.0,0.999616001629,1.0,0.0,0.0,0.0,0.000383998370677,0.0,0.0,0.0,0.000383998370677,0.0,0.0,0.0,0.000383998370677,,,,,,0.592720970537,0.711265164645,0.118544194107,0.2,-0.786692115496,0.3,0.75,0.8,0.8,0.95,0.95,0.005,0.005
C,C1,paired,shared,2000,,0.2,,,,,10000,10000,0,0.592713927016,0.733423695358,0.140709768342,-0.00929023165763,0.15,0.0144634421073,0.000144634421073,0.238089849899,0.23739912617,0.183333333333,0.297736403202,0.112726622215,0.169463087248,1.0,0.0,0.999616001629,1.0,0.0,0.0,0.0,0.000383998370677,1.0,0.0,0.999616001629,1.0,0.0,0.0,0.0,0.000383998370677,0.0,0.0,0.0,0.000383998370677,0.0,0.0,0.0,0.000383998370677,,,,,,0.592720970537,0.73349220104,0.140771230503,0.2375,-0.424948361369,0.3,0.75,0.8,0.825,0.95,0.95,0.005,0.005
C,C1,paired,shared,2000,,0.2,,,,,10000,10000,0,0.592948166114,0.755837297659,0.162889131545,0.0128891315446,0.15,0.0153410096097,0.000153410096097,0.275519851019,0.274710574808,0.215904949642,0.340974446897,0.133455210238,0.193606944078,1.0,0.0,0.999616001629,1.0,0.0,0.0,0.0,0.000383998370677,1.0,0.0,0.999616001629,1.0,0.0,0.0,0.0,0.000383998370677,0.0,0.0,0.0,0.000383998370677,0.0,0.0,0.0,0.000383998370677,,,,,,0.592720970537,0.755719237435,0.162998266898,0.275,-0.711396159513,0.3,0.75,0.8,0.85,0.95,0.95,0.005,0.005
C,C1,paired,shared,2000,,0.2,,,,,10000,10000,0,0.592906821847,0.778103860831,0.185197038984,0.0351970389838,0.15,0.0161916838773,0.000161916838773,0.31325937692,0.312354373672,0.249235295505,0.382980278711,0.153710083759,0.217015257808,1.0,0.0,0.999616001629,1.0,0.0,0.0,0.0,0.000383998370677,1.0,0.0,0.999616001629,1.0,0.0,0.0,0.0,0.000383998370677,0.0,0.0,0.0,0.000383998370677,0.0,0.0,0.0,0.000383998370677,,,,,,0.592720970537,0.77794627383,0.185225303293,0.3125,-0.174560653157,0.3,0.75,0.8,0.875,0.95,0.95,0.005,0.005
C,C1,paired,shared,2000,,0.2,,,,,10000,10000,0,0.592589087807,0.800137434307,0.2075483465,0.0575483464996,0.15,0.0169332895663,0.000169332895663,0.351263086413,0.350239906151,0.282721116928,0.428154405475,0.174910685896,0.24143563264,1.0,0.0,0.999616001629,1.0,0.0,0.0,0.0,0.000383998370677,1.0,0.0,0.999616001629,1.0,0.0,0.0,0.0,0.000383998370677,0.0,0.0,0.0,0.000383998370677,0.0,0.0,0.0,0.000383998370677,,,,,,0.592720970537,0.800173310225,0.207452339688,0.35,0.566970824918,0.3,0.75,0.8,0.9,0.95,0.95,0.005,0.005
C,C1,paired,shared,2000,,0.2,,,,,10000,10000,0,0.592732853061,0.822344718148,0.229611865087,0.079611865087,0.15,0.0177407944107,0.000177407944107,0.388532724505,0.387378333935,0.314445480857,0.471949757088,0.195690227149,0.26523391319,1.0,0.0,0.999616001629,1.0,0.0,0.0,0.0,0.000383998370677,1.0,0.0,0.999616001629,1.0,0.0,0.0,0.0,0.000383998370677,0.0,0.0,0.0,0.000383998370677,0.0,0.0,0.0,0.000383998370677,,,,,,0.592720970537,0.82240034662,0.229679376083,0.3875,-0.38054099858,0.3,0.75,0.8,0.925,0.95,0.95,0.005,0.005
C,C1,paired,shared,2000,,0.2,,,,,10000,10000,0,0.592344087602,0.844567004373,0.25222291677,0.10222291677,0.15,0.0180065146249,0.000180065146249,0.427055431473,0.42580473419,0.348402014105,0.514565478638,0.217461141752,0.287932405264,1.0,0.0,0.999616001629,1.0,0.0,0.0,0.0,0.000383998370677,1.0,0.0,0.999616001629,1.0,0.0,0.0,0.0,0.000383998370677,0.0,0.0,0.0,0.000383998370677,0.0,0.0,0.0,0.000383998370677,,,,,,0.592720970537,0.844627383016,0.251906412478,0.425,1.75772101722,0.3,0.75,0.8,0.95,0.95,0.95,0.005,0.005
C,C1,paired,shared,2000,,0.2,,,,,10000,10000,0,0.592491583615,0.866934993545,0.27444340993,0.12444340993,0.15,0.0185261219708,0.000185261219708,0.464537079742,0.463202208301,0.382256983816,0.55660453685,0.238596491228,0.311030892608,1.0,0.0,0.999616001629,1.0,0.0,0.0,0.0,0.000383998370677,1.0,0.0,0.999616001629,1.0,0.0,0.0,0.0,0.000383998370677,0.0,0.0,0.0,0.000383998370677,0.0,0.0,0.0,0.000383998370677,,,,,,0.592720970537,0.866854419411,0.274133448873,0.4625,1.67310275264,0.3,0.75,0.8,0.975,0.95,0.95,0.005,0.005
C,C1,paired,shared,2000,,0.2,,,,,10000,10000,0,0.592705986734,0.889127283129,0.296421296394,0.146421296394,0.15,0.0188454889602,0.000188454889602,0.501543326127,0.500115239307,0.414285714286,0.596924242424,0.259527816678,0.333346518987,1.0,0.0,0.999616001629,1.0,0.0,0.0,0.0,0.000383998370677,1.0,0.0,0.999616001629,1.0,0.0,0.0,0.0,0.000383998370677,0.0,0.0,0.0,0.000383998370677,0.0,0.0,0.0,0.000383998370677,,,,,,0.592720970537,0.889081455806,0.296360485269,0.5,0.322682663046,0.3,0.75,0.8,1.0,0.95,0.95,0.005,0.005
C,C2_sensitivity,paired,shared,2000,,0.0,,,,,10000,10000,0,0.593244034762,0.590632311537,-0.0026117232243,-0.0026117232243,0.0,0.0121980887112,0.000121980887112,-0.00441411365081,-0.00440244329696,-0.04581776517,0.0363434571145,-0.0269588146778,0.021546218414,0.0041,0.000638998435053,0.00302385465635,0.00555699492769,0.0136,0.00115823313715,0.0115094452378,0.0160641083772,0.0,0.0,0.0,0.000383998370677,0.0,0.0,0.0,0.000383998370677,0.5858,0.00492583353353,0.576114394217,0.595419711662,0.3665,0.00481848264498,0.357108885603,0.375993641962,,,,,,0.592720970537,0.590163934426,-0.00255703611103,-0.00431406384815,-0.44832526275,0.3,0.75,0.8,0.8,0.95,0.7,0.005,0.005
C,C2_sensitivity,paired,shared,2000,,0.0,,,,,10000,10000,0,0.592837994865,0.590633655268,-0.00220433959677,-0.00220433959677,0.0,0.0112391937906,0.000112391937906,-0.00372845663644,-0.00371828326772,-0.0413043478261,0.0343875665664,-0.0243683582239,0.0203137105854,0.0029,0.000537735064879,0.00201999663356,0.00416177454657,0.0078,0.000879724957018,0.00625477582918,0.00972323216691,0.0,0.0,0.0,0.000383998370677,0.0,0.0,0.0,0.000383998370677,0.5819,0.00493246784075,0.572202896369,0.591534204698,0.4,0.00489897948557,0.390438343404,0.40963845627,,,,,,0.592720970537,0.590497737557,-0.0022232329807,-0.00375089306978,0.168102661795,0.3,0.75,0.8,0.8,0.95,0.725,0.005,0.005
C,C2_sensitivity,paired,shared,2000,,0.0,,,,,10000,10000,0,0.592739320025,0.591029909292,-0.00170941073233,-0.00170941073233,0.0,0.0104397986421,0.000104397986421,-0.00288304131811,-0.00288391654573,-0.0375898012431,0.0319816953235,-0.0222040509271,0.018942097153,0.0018,0.000423882059068,0.00113892799151,0.00284368798503,0.0035,0.000590571756859,0.00251777850562,0.00486353187646,0.0,0.0,0.0,0.000383998370677,0.0,0.0,0.0,0.000383998370677,0.5666,0.00495544589316,0.556863761524,0.576285089893,0.427,0.00494642294997,0.417335042087,0.436721021675,,,,,,0.592720970537,0.590809628009,-0.00191134252851,-0.00322469192675,1.9342499133,0.3,0.75,0.8,0.8,0.95,0.75,0.005,0.005
C,C2_sensitivity,paired,shared,2000,,0.0,,,,,10000,10000,0,0.592624310539,0.591161474988,-0.00146283555068,-0.00146283555068,0.0,0.00969625157482,9.69625157482e-05,-0.00247092691224,-0.00246840287289,-0.0350684207421,0.02942259205,-0.0207864394248,0.0173746758925,0.0006,0.00024487547856,0.000275013476331,0.0013085240963,0.0024,0.000489309717868,0.0016133788094,0.0035687763691,0.0,0.0,0.0,0.000383998370677,0.0,0.0,0.0,0.000383998370677,0.5591,0.00496494904304,0.549348026465,0.568806584927,0.4571,0.00498156190366,0.447354652511,0.466878294549,,,,,,0.592720970537,0.591101694915,-0.00161927562201,-0.00273193577163,1.61340771867,0.3,0.75,0.8,0.8,0.95,0.775,0.005,0.005
C,C2_sensitivity,paired,shared,2000,,0.0,,,,,10000,10000,0,0.592583053451,0.591246366723,-0.00133668672804,-0.00133668672804,0.0,0.00878005737144,8.78005737144e-05,-0.0022551292686,-0.00225569516418,-0.0314192936015,0.0269199615193,-0.0186139810797,0.0159394938394,0.0004,0.000199959995999,0.000155562836623,0.00102812833536,0.0012,0.000346202253026,0.00068660431877,0.00209647245582,0.0,0.0,0.0,0.000383998370677,0.0,0.0,0.0,0.000383998370677,0.56,0.0049638694584,0.550249795589,0.569704124606,0.5004,0.0049999984,0.49060191135,0.510197781451,,,,,,0.592720970537,0.591375770021,-0.00134520051673,-0.00226953420512,0.096967346863,0.3,0.75,0.8,0.8,0.95,0.8,0.005,0.005
C,C2_sensitivity,paired,shared,2000,,0.0,,,,,10000,10000,0,0.592682061614,0.591512236598,-0.00116982501667,-0.00116982501667,0.0,0.00787496631227,7.87496631227e-05,-0.00198095262096,-0.00197378171609,-0.0278510153519,0.0244797920098,-0.0163986766552,0.0144924479147,0.0001,9.9994999875e-05,1.76526736011e-05,0.000566268897401,0.0002,0.000141407213395,5.48489273209e-05,0.000728995844007,0.0,0.0,0.0,0.000383998370677,0.0,0.0,0.0,0.000383998370677,0.5613,0.00496228082639,0.551552408251,0.571000513549,0.5466,0.00497823703735,0.536826797512,0.55633741384,,,,,,0.592720970537,0.591633466135,-0.0010875044018,-0.00183476619836,-1.04534561297,0.3,0.75,0.8,0.8,0.95,0.825,0.005,0.005
C,C2_sensitivity,paired,shared,2000,,0.0,,,,,10000,10000,0,0.592515122592,0.591761164571,-0.000753958020915,-0.000753958020915,0.0,0.00701190650783,7.01190650783e-05,-0.00127620294136,-0.00127247051116,-0.0244711451743,0.0217306451288,-0.0144939862151,0.012913708982,0.0,0.0,0.0,0.000383998370677,0.0,0.0,0.0,0.000383998370677,0.0,0.0,0.0,0.000383998370677,0.0,0.0,0.0,0.000383998370677,0.5454,0.00497934574016,0.535625086548,0.5551400464,0.5986,0.00490181639803,0.588956524328,0.608167751193,,,,,,0.592720970537,0.591876208897,-0.000844761639776,-0.00142522650921,1.29499186505,0.3,0.75,0.8,0.8,0.95,0.85,0.005,0.005
C,C2_sensitivity,paired,shared,2000,,0.0,,,,,10000,10000,0,0.592741747809,0.592192092015,-0.000549655793853,-0.000549655793853,0.0,0.0058725995153,5.8725995153e-05,-0.000924229977835,-0.000927310748541,-0.0201979498849,0.0186408732702,-0.0118435564884,0.0110409154746,0.0,0.0,0.0,0.000383998370677,0.0,0.0,0.0,0.000383998370677,0.0,0.0,0.0,0.000383998370677,0.0,0.0,0.0,0.000383998370677,0.5425,0.00498190475622,0.53272118746,0.552246172679,0.6824,0.00465542951832,0.673206967695,0.691452949699,,,,,,0.592720970537,0.592105263158,-0.000615707379367,-0.00103878116344,1.12474186844,0.3,0.75,0.8,0.8,0.95,0.875,0.005,0.005
C,C2_sensitivity,paired,shared,2000,,0.0,,,,,10000,10000,0,0.592642336195,0.592170902189,-0.000471434006019,-0.000471434006019,0.0,0.00475686146229,4.75686146229e-05,-0.000793760187393,-0.000795478110871,-0.0163101704118,0.0152319358372,-0.00963585964519,0.00892112505243,0.0,0.0,0.0,0.000383998370677,0.0,0.0,0.0,0.000383998370677,0.0,0.0,0.0,0.000383998370677,0.0,0.0,0.0,0.000383998370677,0.5457,0.00497907129895,0.535925508932,0.555439393617,0.7849,0.0041089170106,0.776738072696,0.792843125032,,,,,,0.592720970537,0.592321755027,-0.000399215509839,-0.000673530260753,-1.51819633075,0.3,0.75,0.8,0.8,0.95,0.9,0.005,0.005
C,C2_sensitivity,paired,shared,2000,,0.0,,,,,10000,10000,0,0.592796387576,0.59256378301,-0.000232604565145,-0.000232604565145,0.0,0.00330637650903,3.30637650903e-05,-0.000391531173619,-0.000392385260808,-0.0112765784666,0.0108341235968,-0.00658161854393,0.00637595005546,0.0,0.0,0.0,0.000383998370677,0.0,0.0,0.0,0.000383998370677,0.0,0.0,0.0,0.000383998370677,0.0,0.0,0.0,0.000383998370677,0.5371,0.00498621690262,0.527314814277,0.546856693044,0.9221,0.00268014160074,0.916683441403,0.927192387173,,,,,,0.592720970537,0.592526690391,-0.000194280145803,-0.000327776737217,-1.15910632795,0.3,0.75,0.8,0.8,0.95,0.925,0.005,0.005
C,C2_sensitivity,paired,shared,2000,,0.0,,,,,10000,10000,0,0.592543106689,0.592543106689,0.0,0.0,0.0,0.0,0.0,0.0,0.0,0.0,0.0,0.0,0.0,0.0,0.0,0.0,0.000383998370677,0.0,0.0,0.0,0.000383998370677,0.0,0.0,0.0,0.000383998370677,0.0,0.0,0.0,0.000383998370677,0.0,0.0,0.0,0.000383998370677,1.0,0.0,0.999616001629,1.0,,,,,,0.592720970537,0.592720970537,0.0,0.0,0.0,0.3,0.75,0.8,0.8,0.95,0.95,0.005,0.005
C,C2_sensitivity,paired,shared,2000,,0.0,,,,,10000,10000,0,0.59294236198,0.593177746775,0.000235384794786,0.000235384794786,0.0,0.00323796690898,3.23796690898e-05,0.000429569825377,0.000396977530835,-0.0104699359821,0.0111788961095,-0.00626933282913,0.00656196674911,0.0,0.0,0.0,0.000383998370677,0.0,0.0,0.0,0.000383998370677,0.0,0.0,0.0,0.000383998370677,0.0,0.0,0.0,0.000383998370677,0.4658,0.00498828988733,0.45603813273,0.475588132759,0.9283,0.00257990523082,0.923077308609,0.933193758386,,,,,,0.592720970537,0.592905405405,0.000184434868144,0.000311166429587,1.573515977,0.3,0.75,0.8,0.8,0.95,0.975,0.005,0.005
C,C2_sensitivity,paired,shared,2000,,0.0,,,,,10000,10000,0,0.592851691439,0.593260526225,0.000408834785723,0.000408834785723,0.0,0.00456600379994,4.56600379994e-05,0.000753322571334,0.000689607184438,-0.0144650958202,0.016023673158,-0.0086931561335,0.00929571075367,0.0,0.0,0.0,0.000383998370677,0.0,0.0,0.0,0.000383998370677,0.0,0.0,0.0,0.000383998370677,0.0,0.0,0.0,0.000383998370677,0.4629,0.00498621690262,0.453143306956,0.472685185723,0.8043,0.00396738591518,0.796407830816,0.811958467776,,,,,,0.592720970537,0.593080724876,0.00035975433918,0.000606953958207,1.07491033064,0.3,0.75,0.8,0.8,0.95,1.0,0.005,0.005
C,C2_false_positive,paired,shared,2000,,0.0,,,,,10000,10000,0,0.592799209513,0.600111445257,0.00731223574402,0.00731223574402,0.0,0.00274823991308,2.74823991308e-05,0.0123609092213,0.0123350969884,0.00360344157107,0.0223752151463,0.00217250816524,0.0131029421368,0.0,0.0,0.0,0.000383998370677,0.0,0.0,0.0,0.000383998370677,0.0,0.0,0.0,0.000383998370677,0.0,0.0,0.0,0.000383998370677,0.0,0.0,0.0,0.000383998370677,0.3095,0.00462287518759,0.300513927276,0.318632376103,,,,,,0.592720970537,0.6,0.00727902946274,0.0122807017544,1.20827447144,0.3,0.75,0.8,0.8,0.95,0.95,0.005,0.0
C,C2_false_positive,paired,shared,2000,,0.0,,,,,10000,10000,0,0.592824812691,0.596470374624,0.00364556193311,0.00364556193311,0.0,0.00193920702737,1.93920702737e-05,0.00616178801738,0.00614947595827,0.0,0.0133779264214,0.0,0.00787678425575,0.0,0.0,0.0,0.000383998370677,0.0,0.0,0.0,0.000383998370677,0.0,0.0,0.0,0.000383998370677,0.0,0.0,0.0,0.000383998370677,0.0,0.0,0.0,0.000383998370677,0.8586,0.00348433695271,0.851633046151,0.865291550218,,,,,,0.592720970537,0.596338273758,0.00361730322037,0.00610287707062,1.45723031846,0.3,0.75,0.8,0.8,0.95,0.95,0.005,0.0025
C,C2_false_positive,paired,shared,2000,,0.0,,,,,10000,10000,0,0.592395391154,0.592395391154,0.0,0.0,0.0,0.0,0.0,0.0,0.0,0.0,0.0,0.0,0.0,0.0,0.0,0.0,0.000383998370677,0.0,0.0,0.0,0.000383998370677,0.0,0.0,0.0,0.000383998370677,0.0,0.0,0.0,0.000383998370677,0.0,0.0,0.0,0.000383998370677,1.0,0.0,0.999616001629,1.0,,,,,,0.592720970537,0.592720970537,0.0,0.0,0.0,0.3,0.75,0.8,0.8,0.95,0.95,0.005,0.005
C,C2_false_positive,paired,shared,2000,,0.0,,,,,10000,10000,0,0.592912341793,0.58932880377,-0.00358353802326,-0.00358353802326,0.0,0.00191482508746,1.91482508746e-05,-0.00604813215574,-0.00604395923421,-0.0133555926544,0.0,-0.00784027936308,0.0,0.0,0.0,0.0,0.000383998370677,0.0,0.0,0.0,0.000383998370677,0.0,0.0,0.0,0.000383998370677,0.0,0.0,0.0,0.000383998370677,0.9703,0.00169758387127,0.966787942699,0.973450868434,0.8714,0.0033475668776,0.864695982211,0.877818783799,,,,,,0.592720970537,0.589147286822,-0.00357368371556,-0.00602928509905,-0.514632264174,0.3,0.75,0.8,0.8,0.95,0.95,0.005,0.0075
C,C2_false_positive,paired,shared,2000,,0.0,,,,,10000,10000,0,0.592593523687,0.585456588906,-0.00713693478106,-0.00713693478106,0.0,0.00269400760955,2.69400760955e-05,-0.0120478946289,-0.0120435585199,-0.0218120805369,-0.00355856083639,-0.0128817194941,-0.00212488670018,0.0,0.0,0.0,0.000383998370677,0.0,0.0,0.0,0.000383998370677,0.0,0.0,0.0,0.000383998370677,0.0,0.0,0.0,0.000383998370677,0.9994,0.00024487547856,0.998691475904,0.999724986524,0.3296,0.00470067909987,0.320453808273,0.338877058372,,,,,,0.592720970537,0.585616438356,-0.0071045321811,-0.0119863013699,-1.2027657178,0.3,0.75,0.8,0.8,0.95,0.95,0.005,0.01
C,C2_false_positive,paired,shared,2000,,0.0,,,,,10000,10000,0,0.592932699489,0.582313367538,-0.0106193319515,-0.0106193319515,0.0,0.00326816083823,3.26816083823e-05,-0.0179147034814,-0.0179098436647,-0.0294129681332,-0.00823723228995,-0.017431427839,-0.00484370783351,0.0,0.0,0.0,0.000383998370677,0.0,0.0,0.0,0.000383998370677,0.0,0.0,0.0,0.000383998370677,0.0,0.0,0.0,0.000383998370677,1.0,0.0,0.999616001629,1.0,0.0616,0.00240427619046,0.0570539483414,0.06648274143,,,,,,0.592720970537,0.582127659574,-0.0105933109628,-0.0178723404255,-0.79619669955,0.3,0.75,0.8,0.8,0.95,0.95,0.005,0.0125
C,C2_false_positive,paired,shared,2000,,0.0,,,,,10000,10000,0,0.592692750562,0.57863519684,-0.0140575537222,-0.0140575537222,0.0,0.00372825702016,3.72825702016e-05,-0.0237259815735,-0.023718113152,-0.0367778760492,-0.0120274914089,-0.0218756039103,-0.00715500503166,0.0,0.0,0.0,0.000383998370677,0.0,0.0,0.0,0.000383998370677,0.0,0.0,0.0,0.000383998370677,0.0,0.0,0.0,0.000383998370677,1.0,0.0,0.999616001629,1.0,0.0081,0.000896347588829,0.00652228990586,0.0100554876912,,,,,,0.592720970537,0.578680203046,-0.0140407674916,-0.0236886632826,-0.450243385408,0.3,0.75,0.8,0.8,0.95,0.95,0.005,0.015
C,C2_false_positive,paired,shared,2000,,0.0,,,,,10000,10000,0,0.592887835424,0.575395982917,-0.0174918525074,-0.0174918525074,0.0,0.00417161564637,4.17161564637e-05,-0.0295095631557,-0.029502802153,-0.0439932318105,-0.0166937952142,-0.0261855204898,-0.00984457119054,0.0,0.0,0.0,0.000383998370677,0.0034,0.000582103083654,0.0024341818163,0.00474720536546,0.0,0.0,0.0,0.000383998370677,0.0,0.0,0.0,0.000383998370677,1.0,0.0,0.999616001629,1.0,0.0007,0.0002644825136,0.000339126331688,0.00144433444127,,,,,,0.592720970537,0.57527333894,-0.017447631597,-0.0294365012616,-1.06004277965,0.3,0.75,0.8,0.8,0.95,0.95,0.005,0.0175
C,C2_false_positive,paired,shared,2000,,0.0,,,,,10000,10000,0,0.592645378192,0.571798500396,-0.0208468777958,-0.0208468777958,0.0,0.00452590583844,4.52590583844e-05,-0.0351874140571,-0.035175972956,-0.0508474576271,-0.0211633759195,-0.0301647707626,-0.0124388767923,0.0,0.0,0.0,0.000383998370677,0.0318,0.00175467261904,0.0285366561179,0.0354229199564,0.0,0.0,0.0,0.000383998370677,0.0,0.0,0.0,0.000383998370677,1.0,0.0,0.999616001629,1.0,0.0001,9.9994999875e-05,1.76526736011e-05,0.000566268897401,,,,,,0.592720970537,0.571906354515,-0.0208146160222,-0.0351170568562,-0.712824675118,0.3,0.75,0.8,0.8,0.95,0.95,0.005,0.02
C,C2_false_positive,paired,shared,2000,,0.0,,,,,10000,10000,0,0.592926957914,0.568722440631,-0.0242045172834,-0.0242045172834,0.0,0.00485259399816,4.85259399816e-05,-0.040829963119,-0.0408220893996,-0.0576614180712,-0.025641025641,-0.0342766017965,-0.0151258890598,0.0,0.0,0.0,0.000383998370677,0.1299,0.0033619338185,0.123452581131,0.136631654463,0.0,0.0,0.0,0.000383998370677,0.0,0.0,0.0,0.000383998370677,1.0,0.0,0.999616001629,1.0,0.0,0.0,0.0,0.000383998370677,,,,,,0.592720970537,0.568578553616,-0.0241424169213,-0.0407315045719,-1.27973537673,0.3,0.75,0.8,0.8,0.95,0.95,0.005,0.0225
C,C2_false_positive,paired,shared,2000,,0.0,,,,,10000,10000,0,0.592779385898,0.565331475595,-0.0274479103033,-0.0274479103033,0.0,0.00516821061192,5.16821061192e-05,-0.046312927193,-0.0463037530593,-0.064,-0.0300497147779,-0.0379317933857,-0.0177121365214,0.0,0.0,0.0,0.000383998370677,0.3251,0.00468412200951,0.315987968033,0.334346354597,0.0,0.0,0.0,0.000383998370677,0.0,0.0,0.0,0.000383998370677,1.0,0.0,0.999616001629,1.0,0.0,0.0,0.0,0.000383998370677,,,,,,0.592720970537,0.565289256198,-0.0274317143389,-0.0462809917355,-0.313376631893,0.3,0.75,0.8,0.8,0.95,0.95,0.005,0.025
C,C2_false_positive,paired,shared,2000,,0.0,,,,,10000,10000,0,0.592681449367,0.562005592121,-0.0306758572455,-0.0306758572455,0.0,0.00542048044789,5.42048044789e-05,-0.0517607185641,-0.0517577482445,-0.0697674418605,-0.0348258706468,-0.0416714920013,-0.0205304902904,0.0,0.0,0.0,0.000383998370677,0.5689,0.00495230037457,0.559169039858,0.578578045166,0.0,0.0,0.0,0.000383998370677,0.0,0.0,0.0,0.000383998370677,1.0,0.0,0.999616001629,1.0,0.0,0.0,0.0,0.000383998370677,,,,,,0.592720970537,0.562037797864,-0.0306831726737,-0.0517666392769,0.134959035746,0.3,0.75,0.8,0.8,0.95,0.95,0.005,0.0275
C,C2_false_positive,paired,shared,2000,,0.0,,,,,10000,10000,0,0.592533446587,0.558690303491,-0.033843143096,-0.033843143096,0.0,0.00567735884665,5.67735884665e-05,-0.0571142706349,-0.0571160046591,-0.0761904761905,-0.0394944707741,-0.0453680349835,-0.023219177678,0.0,0.0,0.0,0.000383998370677,0.7743,0.00418042473919,0.766002083473,0.782387255021,0.0,0.0,0.0,0.000383998370677,0.0001,9.9994999875e-05,1.76526736011e-05,0.000566268897401,1.0,0.0,0.999616001629,1.0,0.0,0.0,0.0,0.000383998370677,,,,,,0.592720970537,0.558823529412,-0.0338974411255,-0.0571895424837,0.956395940163,0.3,0.75,0.8,0.8,0.95,0.95,0.005,0.03
A,main,repeated,shared,2000,0.05,0.0,0.8,0.6,1.0,1.0,10000,10000,0,0.04001675,0.02992065,-0.0100961,-0.0100961,-0.0,0.0058438369102,5.8438369102e-05,-0.242837636865,-0.252296850694,-0.46513885753,0.0405405405405,-0.0215,0.0015,0.9243,0.00264517504147,0.918951057132,0.92932308185,0.0219,0.00146357063376,0.0192097246262,0.0249574546158,0.8646,0.00342150317843,0.85775379725,0.871166191138,0.0115,0.00106619651097,0.00958987375405,0.0137852926541,0.0377,0.00190469708878,0.0341408822782,0.0416141626153,0.0078,0.000879724957018,0.00625477582918,0.00972323216691,0.0227389445568,0.4171,0.0049307969944,0.407469452195,0.426794214734,0.04,0.03,-0.01,-0.25,-1.64446752154,,,,,,,,
A,main,repeated,shared,2000,0.05,0.0,0.8,0.625,1.0,1.0,10000,10000,0,0.04001675,0.03116885,-0.0088479,-0.0088479,-0.0,0.00586499832997,5.86499832997e-05,-0.211357334598,-0.221104912318,-0.440860215054,0.0833626760563,-0.0205,0.003,0.8845,0.00319624388932,0.878087292587,0.890617412666,0.0355,0.00185039860571,0.0320479646366,0.0393087698498,0.8131,0.00389831232715,0.805339739392,0.820619800829,0.0197,0.00138967298312,0.0171550099307,0.0226138589042,0.061,0.00239330315673,0.0564756593148,0.0658614912546,0.0115,0.00106619651097,0.00958987375405,0.0137852926541,0.0229358542397,0.3301,0.00470248859648,0.320950071857,0.339380410789,0.04,0.03125,-0.00875,-0.21875,-1.66922468673,,,,,,,,
A,main,repeated,shared,2000,0.05,0.0,0.8,0.65,1.0,1.0,10000,10000,0,0.04001675,0.03240955,-0.0076072,-0.0076072,-0.0,0.00587441988973,5.87441988973e-05,-0.180164106191,-0.190100395459,-0.414634146341,0.106666666667,-0.019,0.0035,0.8356,0.0037063815238,0.828207007531,0.842735252762,0.0538,0.0022562260525,0.0495467486208,0.0583959315252,0.7412,0.0043797552443,0.73252436561,0.749690393576,0.0283,0.00165828556045,0.0252265318643,0.0317357321986,0.0945,0.00292523076013,0.088921350817,0.100390071862,0.0146,0.00119945154133,0.01242858336,0.0171442022583,0.02312925799,0.2506,0.0043335855824,0.24220318846,0.259188349927,0.04,0.0325,-0.0075,-0.1875,-1.82486104181,,,,,,,,
A,main,repeated,shared,2000,0.05,0.0,0.8,0.675,1.0,1.0,10000,10000,0,0.04001675,0.0336831,-0.00633365,-0.00633365,-0.0,0.00595694982375,5.95694982375e-05,-0.147770167517,-0.158274972355,-0.387755102041,0.16393442623,-0.018,0.0055,0.7757,0.00417120498178,0.767419604356,0.783768658942,0.0903,0.00286611077944,0.084838725866,0.096075922399,0.667,0.00471286537045,0.657700376916,0.676171367628,0.0497,0.00217324434889,0.0456107427312,0.0541350862015,0.1377,0.00344584837159,0.131085247701,0.144592997518,0.0186,0.00135107512744,0.0161308610243,0.021438852607,0.0233260835002,0.1849,0.003882164216,0.177412594697,0.192629401076,0.04,0.03375,-0.00625,-0.15625,-1.40424214531,,,,,,,,
A,main,repeated,shared,2000,0.05,0.0,0.8,0.7,1.0,1.0,10000,10000,0,0.04001675,0.0349325,-0.00508425,-0.00508425,-0.0,0.00600056894138,6.00056894138e-05,-0.116199643925,-0.127053046537,-0.368433827287,0.194444444444,-0.017,0.0065,0.7029,0.00456980951463,0.693866805563,0.711777367898,0.1261,0.00331962030961,0.119736905786,0.132750248195,0.5772,0.00494004210508,0.5674898645,0.586850846151,0.0758,0.00264677841914,0.0707737405464,0.0811520436713,0.1888,0.00391349664622,0.181249729643,0.196589270943,0.0234,0.00151170235166,0.0206150524188,0.0265509748281,0.0235169721538,0.1367,0.00343530362559,0.130106282711,0.143572730505,0.04,0.035,-0.005,-0.125,-1.4040335312,,,,,,,,
A,main,repeated,shared,2000,0.05,0.0,0.8,0.725,1.0,1.0,10000,10000,0,0.04001675,0.0361666,-0.00385015,-0.00385015,-0.0,0.00608292447549,6.08292447549e-05,-0.0848383206837,-0.0962134606134,-0.341176470588,0.235294117647,-0.016,0.008,0.6268,0.0048365458749,0.617273548432,0.636229069582,0.1786,0.0038301702312,0.171216848212,0.18622998594,0.4919,0.00499934385695,0.482106457478,0.501699763295,0.1106,0.0031363615863,0.104601734857,0.116897323074,0.2506,0.0043335855824,0.24220318846,0.259188349927,0.0253,0.00157034741379,0.0223996564579,0.0285649115953,0.023703655712,0.0994,0.00299198328872,0.0936887586058,0.105418900889,0.04,0.03625,-0.00375,-0.09375,-1.64641202441,,,,,,,,
A,main,repeated,shared,2000,0.05,0.0,0.8,0.75,1.0,1.0,10000,10000,0,0.04001675,0.0374233,-0.00259345,-0.00259345,-0.0,0.00606562208472,6.06562208472e-05,-0.0533612091529,-0.0648091111847,-0.316831683168,0.275873411978,-0.0145,0.009,0.5458,0.00497897941349,0.536025650521,0.555539175229,0.2322,0.00422235905626,0.22402811314,0.240577556387,0.4039,0.00490677888232,0.394321568196,0.413552236291,0.1479,0.00355000830985,0.141077339642,0.154993072011,0.319,0.00466089047286,0.309935815906,0.328203191504,0.0289,0.00167525490598,0.0257931122484,0.0323686910165,0.0238909207423,0.0683,0.00252260004757,0.0635197374277,0.0734118067655,0.04,0.0375,-0.0025,-0.0625,-1.5406498904,,,,,,,,
A,main,repeated,shared,2000,0.05,0.0,0.8,0.775,1.0,1.0,10000,10000,0,0.04001675,0.03867495,-0.0013418,-0.0013418,-0.0,0.00612889705395,6.12889705395e-05,-0.0216305857927,-0.033530958911,-0.291666666667,0.312523320896,-0.0135,0.0105,0.4587,0.00498291390654,0.448951389767,0.468480328499,0.299,0.00457819833559,0.290105470803,0.308048896542,0.3244,0.00468150232297,0.315293368228,0.333641492,0.2029,0.00402158662719,0.195132608729,0.210895563103,0.3945,0.00488743030641,0.384963078142,0.404117945514,0.0325,0.00177323856263,0.0292000687178,0.0361589697588,0.0240761270249,0.0535,0.0022502833155,0.0492584959021,0.058084414643,0.04,0.03875,-0.00125,-0.03125,-1.49782251508,,,,,,,,
A,main,repeated,shared,2000,0.05,0.0,0.8,0.8,1.0,1.0,10000,10000,0,0.04001675,0.03993345,-8.33e-05,-8.33e-05,-0.0,0.00621467000913,6.21467000913e-05,0.0104360025461,-0.00208162831814,-0.266666666667,0.36066712204,-0.012,0.012,0.3774,0.00484736258186,0.367948129749,0.386946026651,0.3736,0.00483759278981,0.364168726112,0.383128348676,0.2574,0.00437201601095,0.248925303014,0.266061012995,0.2646,0.00441119983678,0.256045787936,0.273334998497,0.4757,0.00499409160909,0.465922966537,0.485495695784,0.0337,0.00180455839473,0.0303383376228,0.0374197792577,0.0242608539105,0.0514,0.00220812227922,0.0472418249706,0.0559026983676,0.04,0.04,0.0,0.0,-1.34037688047,,,,,,,,
A,main,repeated,shared,2000,0.05,0.0,0.8,0.825,1.0,1.0,10000,10000,0,0.04001675,0.0411848,0.00116805,0.00116805,-0.0,0.00629651084351,6.29651084351e-05,0.0422452450596,0.0291890270949,-0.241379310345,0.402991092922,-0.011,0.0135,0.3001,0.00458301200086,0.291195619575,0.309157902974,0.4484,0.0049733031277,0.43867417085,0.458165457782,0.1913,0.00393324687758,0.183710086835,0.199126993759,0.3319,0.00470895306836,0.322736718139,0.341192382114,0.5621,0.0049612860228,0.552354049703,0.5717982577,0.0298,0.00170035172832,0.0266436793484,0.0333174327194,0.0244423731552,0.0593,0.00236185329773,0.0548378767571,0.0641005794068,0.04,0.04125,0.00125,0.03125,-1.30151447423,,,,,,,,
A,main,repeated,shared,2000,0.05,0.0,0.8,0.85,1.0,1.0,10000,10000,0,0.04001675,0.04244515,0.0024284,0.0024284,-0.0,0.00629253391237,6.29253391237e-05,0.0739306025883,0.0606845883286,-0.215075146628,0.442628805621,-0.01,0.015,0.2322,0.00422235905626,0.22402811314,0.240577556387,0.5263,0.00499307830902,0.516505521106,0.536074280579,0.1395,0.00346467530946,0.132847685381,0.146429177445,0.4034,0.00490579697909,0.393823683567,0.413050504918,0.6358,0.00481205112192,0.626318072946,0.645177633096,0.0305,0.00171958570592,0.0273057888562,0.0340547856138,0.024622848771,0.0698,0.00254809654448,0.0649692456787,0.0749611465194,0.04,0.0425,0.0025,0.0625,-1.13785640248,,,,,,,,
A,main,repeated,shared,2000,0.05,0.0,0.8,0.875,1.0,1.0,10000,10000,0,0.04001675,0.04369145,0.0036747,0.0036747,-0.0,0.00637580936074,6.37580936074e-05,0.105574270826,0.0918290465867,-0.19194048923,0.47619047619,-0.009,0.016,0.1804,0.00384520272547,0.172986714779,0.188058736979,0.5998,0.00489938730863,0.590160821678,0.609362532247,0.1024,0.00303173613628,0.0966097635766,0.108495591928,0.4786,0.0049954183008,0.468819254172,0.488397180958,0.7013,0.00457688005086,0.692253570465,0.710191831791,0.0281,0.00165258554998,0.0250377566728,0.0315246609894,0.0248000578606,0.0944,0.00292384404509,0.0888241045606,0.100287394918,0.04,0.04375,0.00375,0.09375,-1.18102652918,,,,,,,,
A,main,repeated,shared,2000,0.05,0.0,0.8,0.9,1.0,1.0,10000,10000,0,0.04001675,0.04492695,0.0049102,0.0049102,-0.0,0.0063786953788,6.3786953788e-05,0.136657391056,0.12270361786,-0.161616161616,0.513898809524,-0.0070125,0.0175,0.1373,0.00344163783684,0.13069364729,0.144184905128,0.6701,0.00470176551946,0.660820928764,0.67924843499,0.0698,0.00254809654448,0.0649692456787,0.0749611465194,0.5512,0.00497371651786,0.541433886055,0.560926792511,0.7685,0.00421791121291,0.760130886731,0.776662906144,0.0231,0.00150221136995,0.0203337232629,0.0262325343831,0.0249735175271,0.1212,0.00326359556318,0.11494850308,0.127742414085,0.04,0.045,0.005,0.125,-1.40781138881,,,,,,,,
A,main,repeated,shared,2000,0.05,0.0,0.8,0.925,1.0,1.0,10000,10000,0,0.04001675,0.0462256,0.00620885,0.00620885,-0.0,0.00645988232752,6.45988232752e-05,0.169653686484,0.155156278308,-0.134020618557,0.56339833875,-0.0065,0.019,0.0967,0.00295548828453,0.091061258033,0.102648475053,0.7337,0.00442022974516,0.724947967157,0.742272552005,0.0453,0.00207961318519,0.0413956809718,0.0495535271465,0.6226,0.00484736258186,0.613053973349,0.632051870251,0.8213,0.00383100913598,0.813668409405,0.828684833242,0.0213,0.00144382512792,0.0186485530354,0.0243190870047,0.0251545607363,0.1619,0.00368359050384,0.154810343962,0.169249315736,0.04,0.04625,0.00625,0.15625,-0.637008507487,,,,,,,,
A,main,repeated,shared,2000,0.05,0.0,0.8,0.95,1.0,1.0,10000,10000,0,0.04001675,0.04745355,0.0074368,0.0074368,-0.0,0.00648272383577,6.48272383577e-05,0.200686258601,0.185842178588,-0.114953580902,0.594649084568,-0.0055,0.02,0.0699,0.00254978410851,0.0650659034252,0.0750644119733,0.7901,0.00407237019437,0.782007658303,0.797969545842,0.0316,0.00174932672763,0.0283471903023,0.0352125393713,0.6998,0.00458344804705,0.690741281314,0.708705272937,0.863,0.00343847349852,0.856121176766,0.869600040417,0.0173,0.00130386770801,0.0149235984543,0.0200471135727,0.0253239240058,0.2107,0.00407805725806,0.20281900802,0.218803173437,0.04,0.0475,0.0075,0.1875,-0.974898848094,,,,,,,,
A,main,repeated,shared,2000,0.05,0.0,0.8,0.975,1.0,1.0,10000,10000,0,0.04001675,0.04868095,0.0086642,0.0086642,-0.0,0.00655266603019,6.55266603019e-05,0.231822504428,0.216514334622,-0.0901105651106,0.637954980843,-0.004,0.0215,0.0482,0.00214188608474,0.0441726929166,0.0525742880111,0.8413,0.00365396100143,0.834007485228,0.848330397484,0.0216,0.00145373450121,0.0189290675427,0.0246383420983,0.7544,0.00430442377096,0.745866849532,0.762737772097,0.9002,0.00299733147983,0.89417078008,0.905921867624,0.0141,0.00117903307842,0.0119686442998,0.0166045253169,0.0254917358094,0.2648,0.00441226653773,0.256243621759,0.273537011074,0.04,0.04875,0.00875,0.21875,-1.30939070608,,,,,,,,
A,main,repeated,shared,2000,0.05,0.0,0.8,1.0,1.0,1.0,10000,10000,0,0.04001675,0.04999635,0.0099796,0.0099796,-0.0,0.00654401377227,6.54401377227e-05,0.264863852542,0.249385569793,-0.0631612258494,0.675685192234,-0.003,0.023,0.0319,0.00175733861279,0.0286314025877,0.0355280966869,0.8845,0.00319624388932,0.878087292587,0.890617412666,0.0142,0.00118314665194,0.0120605741398,0.0167125186772,0.8126,0.00390232289797,0.804832076314,0.820127847905,0.9328,0.0025036804908,0.927724810097,0.937542800913,0.0097,0.000980097444135,0.00795848139696,0.0118180674053,0.0256694445171,0.3339,0.00471604484712,0.324722058852,0.343205505407,0.04,0.05,0.01,0.25,-0.311735285253,,,,,,,,
C,C1,repeated,shared,2000,,0.0,,,,,10000,10000,0,0.593019609258,0.444279076911,-0.148740532347,-0.148740532347,0.0,0.0289467573043,0.000289467573043,-0.249909686535,-0.250818910581,-0.330800782125,-0.163855168459,-0.205517882568,-0.0922597253538,0.0,0.0,0.0,0.000383998370677,1.0,0.0,0.999616001629,1.0,0.0,0.0,0.0,0.000383998370677,0.9997,0.000173179098046,0.999118264228,0.999897967801,1.0,0.0,0.999616001629,1.0,0.0,0.0,0.0,0.000383998370677,,,,,,0.592720970537,0.444540727903,-0.148180242634,-0.25,-1.93558714346,0.3,0.75,0.8,0.6,0.95,0.95,0.005,0.005
C,C1,repeated,shared,2000,,0.0,,,,,10000,10000,0,0.593019609258,0.462878946713,-0.130140662545,-0.130140662545,0.0,0.0290868089862,0.000290868089862,-0.21850252294,-0.219454231383,-0.30271665866,-0.129986396373,-0.187106053472,-0.0732420115864,0.0,0.0,0.0,0.000383998370677,0.9996,0.000199959995999,0.998971871665,0.999844437163,0.0,0.0,0.0,0.000383998370677,0.9943,0.000752828665767,0.99262279504,0.99559758417,1.0,0.0,0.999616001629,1.0,0.0,0.0,0.0,0.000383998370677,,,,,,0.592720970537,0.463063258232,-0.129657712305,-0.21875,-1.66037546456,0.3,0.75,0.8,0.625,0.95,0.95,0.005,0.005
C,C1,repeated,shared,2000,,0.0,,,,,10000,10000,0,0.593019609258,0.481370819212,-0.111648790046,-0.111648790046,0.0,0.0288613744203,0.000288613744203,-0.187300734279,-0.188271666406,-0.271643703989,-0.0968124292035,-0.168110219076,-0.0547713988336,0.0,0.0,0.0,0.000383998370677,0.9984,0.000399679871898,0.997402363084,0.99901486734,0.0,0.0,0.0,0.000383998370677,0.9706,0.00168924953752,0.967104128947,0.973734451786,1.0,0.0,0.999616001629,1.0,0.0,0.0,0.0,0.000383998370677,,,,,,0.592720970537,0.481585788562,-0.111135181976,-0.1875,-1.77956899393,0.3,0.75,0.8,0.65,0.95,0.95,0.005,0.005
C,C1,repeated,shared,2000,,0.0,,,,,10000,10000,0,0.593019609258,0.50005751189,-0.092962097368,-0.092962097368,0.0,0.0288974993864,0.000288974993864,-0.155752168722,-0.156760579105,-0.242341837089,-0.0655509033448,-0.150746935777,-0.0367936271242,0.0001,9.9994999875e-05,1.76526736011e-05,0.000566268897401,0.9878,0.00109777775529,0.985453354103,0.989772017087,0.0,0.0,0.0,0.000383998370677,0.8912,0.00311388117949,0.884946007958,0.897153551717,0.9994,0.00024487547856,0.998691475904,0.999724986524,0.0007,0.0002644825136,0.000339126331688,0.00144433444127,,,,,,0.592720970537,0.500108318891,-0.0926126516464,-0.15625,-1.20925937862,0.3,0.75,0.8,0.675,0.95,0.95,0.005,0.005
C,C1,repeated,shared,2000,,0.0,,,,,10000,10000,0,0.593019609258,0.518851709747,-0.0741678995108,-0.0741678995108,0.0,0.02923929659,0.0002923929659,-0.123986624676,-0.125068207447,-0.213020602878,-0.0305219060113,-0.131778662151,-0.0173714348858,0.0003,0.000173179098046,0.000102032199418,0.000881735772236,0.9434,0.00231076697224,0.938698384762,0.947761085483,0.0,0.0,0.0,0.000383998370677,0.7021,0.00457335314622,0.693060171633,0.710984616225,0.9936,0.00079743589084,0.991836359609,0.994984557199,0.0064,0.00079743589084,0.00501544280103,0.0081636403905,,,,,,0.592720970537,0.51863084922,-0.0740901213172,-0.125,-0.266005693527,0.3,0.75,0.8,0.7,0.95,0.95,0.005,0.005
C,C1,repeated,shared,2000,,0.0,,,,,10000,10000,0,0.593019609258,0.537272169636,-0.0557474396216,-0.0557474396216,0.0,0.0290873125614,0.000290873125614,-0.0929000634223,-0.0940060644729,-0.180728981973,0.0028456176262,-0.112165334782,0.00155413358026,0.0016,0.000399679871897,0.000985132659693,0.0025976369162,0.8225,0.00382091284905,0.814887722882,0.829864598169,0.0001,9.9994999875e-05,1.76526736011e-05,0.000566268897401,0.4474,0.00497225542385,0.437676607123,0.457163789506,0.9708,0.00168366742559,0.967314970267,0.973923456867,0.0249,0.00155820377358,0.0220235554629,0.028141319789,,,,,,0.592720970537,0.537153379549,-0.0555675909879,-0.09375,-0.618306119913,0.3,0.75,0.8,0.725,0.95,0.95,0.005,0.005
C,C1,repeated,shared,2000,,0.0,,,,,10000,10000,0,0.593019609258,0.555948532026,-0.0370710772319,-0.0370710772319,0.0,0.0288513095179,0.000288513095179,-0.0613896774319,-0.0625123969817,-0.150859521762,0.035279836466,-0.0933636127148,0.0199495323816,0.0109,0.0010383250936,0.00904447482956,0.0131311523766,0.6045,0.00488957820267,0.594878231147,0.614041513194,0.0008,0.000282729552753,0.000405433719897,0.00157795025339,0.2077,0.00405660831237,0.199862170841,0.215762314607,0.8982,0.00302385118681,0.892119617871,0.903974565827,0.0738,0.00261445137648,0.0688378001485,0.0790895200627,,,,,,0.592720970537,0.555675909879,-0.0370450606586,-0.0625,-0.0901746705129,0.3,0.75,0.8,0.75,0.95,0.95,0.005,0.005
C,C1,repeated,shared,2000,,0.0,,,,,10000,10000,0,0.593019609258,0.574336581578,-0.0186830276798,-0.0186830276798,0.0,0.0289191647697,0.000289191647697,-0.0303340361579,-0.0315049070691,-0.121705177022,0.0681539500321,-0.0756027062955,0.0376435978301,0.0491,0.00216076815045,0.0450353916832,0.0535108980475,0.3494,0.00476780494567,0.340114719553,0.358800940756,0.0042,0.000646711682282,0.00310887696814,0.00567189581622,0.0723,0.00258983995645,0.0673865609605,0.0775419112458,0.7395,0.00438907450381,0.730806764567,0.748009300214,0.1274,0.00333420515266,0.121007844187,0.134078311399,,,,,,0.592720970537,0.574198440208,-0.0185225303293,-0.03125,-0.554986120032,0.3,0.75,0.8,0.775,0.95,0.95,0.005,0.005
C,C1,repeated,shared,2000,,0.0,,,,,10000,10000,0,0.593019609258,0.593025821631,6.21237333342e-06,6.21237333342e-06,0.0,0.0287066358318,0.000287066358318,0.00121891401919,1.04758312145e-05,-0.0892707040057,0.100649634567,-0.0551692320003,0.0567213704546,0.1568,0.00363612101009,0.149805271801,0.16405830468,0.1456,0.00352704749047,0.138823190695,0.152648987351,0.0258,0.0015853819729,0.0228700652289,0.0290941188259,0.0135,0.00115402556298,0.0114176977087,0.015955932706,0.5008,0.0049999936,0.491001767153,0.510597618449,0.1615,0.00367991508054,0.154417695943,0.168842270954,,,,,,0.592720970537,0.592720970537,0.0,0.0,0.0216408964458,0.3,0.75,0.8,0.8,0.95,0.95,0.005,0.005
C,C1,repeated,shared,2000,,0.0,,,,,10000,10000,0,0.593019609258,0.611290945277,0.018271336019,0.018271336019,0.0,0.0288875692791,0.000288875692791,0.0320746900314,0.0308106776468,-0.0628829604586,0.132251117956,-0.0391828476107,0.0746651398172,0.3535,0.00478056220543,0.344188156256,0.362924355267,0.0446,0.00206423932721,0.0407260367722,0.0488237089438,0.0861,0.00280511657512,0.0807597678884,0.0917581059629,0.0033,0.000573507628546,0.00235082340962,0.00463064057181,0.2601,0.0043868894447,0.251595133311,0.268789109107,0.1355,0.00342256847996,0.128931684167,0.142348250645,,,,,,0.592720970537,0.611243500867,0.0185225303293,0.03125,-0.869558486616,0.3,0.75,0.8,0.825,0.95,0.95,0.005,0.005
C,C1,repeated,shared,2000,,0.0,,,,,10000,10000,0,0.593027001416,0.629874564864,0.0368475634476,0.0368475634476,0.0,0.0283773546904,0.000283773546904,0.0634067167872,0.0621347145401,-0.0295623396424,0.164575414444,-0.0181166553468,0.0925552311209,0.5942,0.00491046189273,0.584541278947,0.60378637576,0.0084,0.000912657657613,0.0067904057667,0.0103871414313,0.2275,0.00419218022036,0.219389028617,0.235820250495,0.0002,0.000141407213395,5.48489273209e-05,0.000728995844007,0.0984,0.00297854729692,0.0927154523796,0.104392975112,0.0802,0.00271602577307,0.0750364712834,0.0856859337486,,,,,,0.592720970537,0.629766031196,0.0370450606586,0.0625,-0.695967658513,0.3,0.75,0.8,0.85,0.95,0.95,0.005,0.005
C,C1,repeated,shared,2000,,0.0,,,,,10000,10000,0,0.593027001416,0.648101872875,0.0550748714583,0.0550748714583,0.0,0.028248512344,0.00028248512344,0.0941860761184,0.0928707652885,0.000133377229714,0.197563442982,8.60749150006e-05,0.111545119273,0.8128,0.00390071993355,0.80503513907,0.820324631549,0.0011,0.000331480014481,0.00061435065423,0.00196880292003,0.4411,0.00496518670344,0.431392872737,0.450852362271,0.0,0.0,0.0,0.000383998370677,0.0247,0.00155209245859,0.0218355819181,0.0279294469331,0.0278,0.00164399391726,0.0247546750246,0.0312079730367,,,,,,0.592720970537,0.648288561525,0.0555675909879,0.09375,-1.74423177963,0.3,0.75,0.8,0.875,0.95,0.95,0.005,0.005
C,C1,repeated,shared,2000,,0.0,,,,,10000,10000,0,0.593027001416,0.666803857745,0.0737768563284,0.0737768563284,0.0,0.0284356500789,0.000284356500789,0.125781701963,0.12440724647,0.0295245475948,0.231708660855,0.0185906802567,0.129616148853,0.9364,0.00244039013275,0.931447329555,0.941017516667,0.0001,9.9994999875e-05,1.76526736011e-05,0.000566268897401,0.6834,0.00465149911319,0.674214282484,0.692444866913,0.0,0.0,0.0,0.000383998370677,0.0041,0.000638998435053,0.00302385465635,0.00555699492769,0.0061,0.000778639197575,0.00475210315987,0.00782721043068,,,,,,0.592720970537,0.666811091854,0.0740901213172,0.125,-1.1016628347,0.3,0.75,0.8,0.9,0.95,0.95,0.005,0.005
C,C1,repeated,shared,2000,,0.0,,,,,10000,10000,0,0.593027001416,0.685190779007,0.0921637775905,0.0921637775905,0.0,0.0279089379585,0.000279089379585,0.156802616506,0.155412447275,0.061722619112,0.260092364178,0.0383313498806,0.146452412521,0.9851,0.00121152754818,0.982532331286,0.987295113495,0.0,0.0,0.0,0.000383998370677,0.8654,0.00341295824762,0.858570224497,0.871949149493,0.0,0.0,0.0,0.000383998370677,0.0007,0.0002644825136,0.000339126331688,0.00144433444127,0.001,0.000316069612586,0.000543285986497,0.00183994438744,,,,,,0.592720970537,0.685333622184,0.0926126516464,0.15625,-1.60835233735,0.3,0.75,0.8,0.925,0.95,0.95,0.005,0.005
C,C1,repeated,shared,2000,,0.0,,,,,10000,10000,0,0.593019609258,0.703715890301,0.110696281044,0.110696281044,0.0,0.0279311406515,0.000279311406515,0.188102882577,0.186665464878,0.089499849205,0.292568692544,0.0556752847738,0.164546463099,0.9975,0.000499374608886,0.996311919232,0.998306002389,0.0,0.0,0.0,0.000383998370677,0.9599,0.00196193756272,0.955874756622,0.963572041677,0.0,0.0,0.0,0.000383998370677,0.0001,9.9994999875e-05,1.76526736011e-05,0.000566268897401,0.0001,9.9994999875e-05,1.76526736011e-05,0.000566268897401,,,,,,0.592720970537,0.703856152513,0.111135181976,0.1875,-1.57136773438,0.3,0.75,0.8,0.95,0.95,0.95,0.005,0.005
C,C1,repeated,shared,2000,,0.0,,,,,10000,10000,0,0.593027001416,0.722459309461,0.129432308045,0.129432308045,0.0,0.027638519282,0.00027638519282,0.219729709288,0.218257023265,0.120388814061,0.324943471062,0.0749688813466,0.182583272473,1.0,0.0,0.999616001629,1.0,0.0,0.0,0.0,0.000383998370677,0.9903,0.000980097444135,0.988181932595,0.992041518603,0.0,0.0,0.0,0.000383998370677,0.0,0.0,0.0,0.000383998370677,0.0,0.0,0.0,0.000383998370677,,,,,,0.592720970537,0.722378682842,0.129657712305,0.21875,-0.815543907622,0.3,0.75,0.8,0.975,0.95,0.95,0.005,0.005
C,C1,repeated,shared,2000,,0.0,,,,,10000,10000,0,0.593019609258,0.74098560423,0.147965994973,0.147965994973,0.0,0.0275045284023,0.000275045284023,0.251041117242,0.249512819918,0.148717346773,0.359083863294,0.0931013753683,0.201824745743,1.0,0.0,0.999616001629,1.0,0.0,0.0,0.0,0.000383998370677,0.9992,0.000282729552753,0.998422049747,0.99959456628,0.0,0.0,0.0,0.000383998370677,0.0,0.0,0.0,0.000383998370677,0.0,0.0,0.0,0.000383998370677,,,,,,0.592720970537,0.740901213172,0.148180242634,0.25,-0.778954136498,0.3,0.75,0.8,1.0,0.95,0.95,0.005,0.005
C,C2_sensitivity,repeated,shared,2000,,0.0,,,,,10000,10000,0,0.593329349087,0.590332982,-0.00299636708667,-0.00299636708667,0.0,0.0313780577913,0.000313780577913,-0.00387138670616,-0.00505009079912,-0.104725818219,0.102459521908,-0.0644668483411,0.0581587431497,0.1552,0.00362095236091,0.148235593956,0.162429211321,0.1911,0.00393167636003,0.183513239655,0.198923994538,0.0281,0.00165258554998,0.0250377566728,0.0315246609894,0.0319,0.00175733861279,0.0286314025877,0.0355280966869,0.5386,0.00498507813379,0.528816468938,0.548353886388,0.1517,0.00358729856577,0.144802848487,0.158864644778,,,,,,0.592720970537,0.590163934426,-0.00255703611103,-0.00431406384815,-1.40012163456,0.3,0.75,0.8,0.8,0.95,0.7,0.005,0.005
C,C2_sensitivity,repeated,shared,2000,,0.0,,,,,10000,10000,0,0.593333680474,0.590517037572,-0.00281664290169,-0.00281664290169,0.0,0.0314030262468,0.000314030262468,-0.00354681417339,-0.00474714818049,-0.102867295769,0.104351707079,-0.0634254073088,0.0586624981822,0.1561,0.0036295012054,0.14911850548,0.163345608599,0.1891,0.00391588036079,0.181544945706,0.196893824481,0.0293,0.0016864610876,0.0261710405912,0.032790455475,0.0303,0.00171411522366,0.0271165660693,0.0338441620002,0.5361,0.00498695087203,0.526313760552,0.545858514766,0.1495,0.00356580636042,0.142645785259,0.156623397599,,,,,,0.592720970537,0.590497737557,-0.0022232329807,-0.00375089306978,-1.88965839254,0.3,0.75,0.8,0.8,0.95,0.725,0.005,0.005
C,C2_sensitivity,repeated,shared,2000,,0.0,,,,,10000,10000,0,0.593329349087,0.590629538539,-0.00269981054758,-0.00269981054758,0.0,0.0306980820639,0.000306980820639,-0.00337702176732,-0.00455027305111,-0.10113902006,0.100804959202,-0.0627948435643,0.0567983522268,0.1513,0.0035834105263,0.144410616734,0.15845718373,0.1815,0.003854319006,0.174068437445,0.189176169517,0.0259,0.00158836991913,0.0229641839419,0.0291999233132,0.0264,0.00160321676638,0.0234349585264,0.0297287647303,0.5359,0.00498709524673,0.526113554546,0.545658874371,0.1521,0.00359117794045,0.145195097204,0.159272088862,,,,,,0.592720970537,0.590809628009,-0.00191134252851,-0.00322469192675,-2.56846019706,0.3,0.75,0.8,0.8,0.95,0.75,0.005,0.005
C,C2_sensitivity,repeated,shared,2000,,0.0,,,,,10000,10000,0,0.593329349087,0.590973243102,-0.00235610598419,-0.00235610598419,0.0,0.0306832719874,0.000306832719874,-0.00277274705987,-0.0039709918072,-0.10186479408,0.100751324877,-0.0634976810572,0.0572235237073,0.1538,0.00360756926475,0.146862342235,0.161003538237,0.1789,0.00383268561194,0.171511806462,0.186534797292,0.0259,0.00158836991913,0.0229641839419,0.0291999233132,0.029,0.0016780643611,0.0258875789101,0.0324741475551,0.5264,0.00499302553568,0.516605586081,0.536174138805,0.1494,0.00356482313727,0.142547749273,0.156521510384,,,,,,0.592720970537,0.591101694915,-0.00161927562201,-0.00273193577163,-2.40140739387,0.3,0.75,0.8,0.8,0.95,0.775,0.005,0.005
C,C2_sensitivity,repeated,shared,2000,,0.0,,,,,10000,10000,0,0.593329349087,0.591181645753,-0.00214770333379,-0.00214770333379,0.0,0.0303319396145,0.000303319396145,-0.00243502496926,-0.00361974902657,-0.0994115038112,0.102058843455,-0.0613418277277,0.0581037349673,0.1515,0.0035853556309,0.144606730487,0.158660916378,0.176,0.00380820167533,0.16866087349,0.183587957454,0.0274,0.00163245949414,0.0243773866715,0.0307855685884,0.0243,0.0015397892713,0.0214597917759,0.0275055442739,0.5265,0.00499297256151,0.516705651448,0.536273996638,0.1597,0.00366327599288,0.152650975024,0.167010374267,,,,,,0.592720970537,0.591375770021,-0.00134520051673,-0.00226953420512,-2.64573524562,0.3,0.75,0.8,0.8,0.95,0.8,0.005,0.005
C,C2_sensitivity,repeated,shared,2000,,0.0,,,,,10000,10000,0,0.593329349087,0.591338205361,-0.0019911437256,-0.0019911437256,0.0,0.0301732029689,0.000301732029689,-0.0021541766326,-0.00335588274652,-0.0989794156223,0.0998150577124,-0.0611783405374,0.0560943437462,0.1523,0.00359311438727,0.145391227907,0.15947580456,0.1717,0.00377119490348,0.164435004541,0.179217128789,0.0247,0.00155209245859,0.0218355819181,0.0279294469331,0.0238,0.00152425588403,0.0209903548907,0.0269753651575,0.5237,0.00499437994149,0.51390396982,0.533477828657,0.1517,0.00358729856577,0.144802848487,0.158864644778,,,,,,0.592720970537,0.591633466135,-0.0010875044018,-0.00183476619836,-2.99484057005,0.3,0.75,0.8,0.8,0.95,0.825,0.005,0.005
C,C2_sensitivity,repeated,shared,2000,,0.0,,,,,10000,10000,0,0.593329349087,0.591571058933,-0.00175829015377,-0.00175829015377,0.0,0.0299246847987,0.000299246847987,-0.00176422990591,-0.00296343027102,-0.0992602791,0.101383877817,-0.0614589316051,0.0570974151172,0.1539,0.00360852864752,0.146960424894,0.161105378778,0.1668,0.0037279721029,0.159621539826,0.174234356688,0.0261,0.0015943271308,0.0231524577737,0.029411495882,0.024,0.00153049011758,0.0211780889735,0.0271874774754,0.526,0.00499323542405,0.516205328544,0.535774703541,0.1597,0.00366327599288,0.152650975024,0.167010374267,,,,,,0.592720970537,0.591876208897,-0.000844761639776,-0.00142522650921,-3.05275901864,0.3,0.75,0.8,0.8,0.95,0.85,0.005,0.005
C,C2_sensitivity,repeated,shared,2000,,0.0,,,,,10000,10000,0,0.593329349087,0.592041245912,-0.00128810317447,-0.00128810317447,0.0,0.0296595114185,0.000296595114185,-0.000977020157435,-0.00217097498456,-0.0957123688969,0.099673615372,-0.0595945488272,0.0557891594117,0.1558,0.00362665631126,0.148824192397,0.163040152082,0.165,0.00371180549059,0.157853893848,0.17240338506,0.024,0.00153049011758,0.0211780889735,0.0271874774754,0.0196,0.00138621210498,0.0170618120835,0.0225071335511,0.5167,0.00499721032177,0.506901113562,0.526486060893,0.1547,0.00361618459153,0.147745123599,0.161920065675,,,,,,0.592720970537,0.592105263158,-0.000615707379367,-0.00103878116344,-2.26704946558,0.3,0.75,0.8,0.8,0.95,0.875,0.005,0.005
C,C2_sensitivity,repeated,shared,2000,,0.0,,,,,10000,10000,0,0.593329349087,0.591871936142,-0.00145741294439,-0.00145741294439,0.0,0.0296890434026,0.000296890434026,-0.00124541507284,-0.00245633044554,-0.0967245476899,0.101340283361,-0.0602700684303,0.057174017435,0.1532,0.00360180177134,0.146273868199,0.160392473071,0.1642,0.00370456961063,0.157068372717,0.171589520588,0.0264,0.00160321676638,0.0234349585264,0.0297287647303,0.021,0.00143384099537,0.0183681840466,0.0239996863925,0.5182,0.00499668650207,0.50840156364,0.527984458819,0.1616,0.00368083468795,0.154515856477,0.168944033621,,,,,,0.592720970537,0.592321755027,-0.000399215509839,-0.000673530260753,-3.5642692161,0.3,0.75,0.8,0.8,0.95,0.9,0.005,0.005
C,C2_sensitivity,repeated,shared,2000,,0.0,,,,,10000,10000,0,0.593329349087,0.592204637929,-0.00112471115785,-0.00112471115785,0.0,0.0293066228956,0.000293066228956,-0.00069581138693,-0.00189559333208,-0.0949973428119,0.100509516391,-0.0589763985296,0.0566984948852,0.1505,0.00357560833985,0.143626204339,0.157642210522,0.1591,0.00365769312545,0.152062139523,0.166399670566,0.0252,0.00156732128168,0.0223056121568,0.028459032696,0.0184,0.00134392856953,0.0159449025598,0.0212249646708,0.5171,0.00499707504446,0.507301224948,0.526885642307,0.1632,0.00369548048297,0.156086557995,0.170572103307,,,,,,0.592720970537,0.592526690391,-0.000194280145803,-0.000327776737217,-3.17481483748,0.3,0.75,0.8,0.8,0.95,0.925,0.005,0.005
C,C2_sensitivity,repeated,shared,2000,,0.0,,,,,10000,10000,0,0.593329349087,0.592576351702,-0.000752997384496,-0.000752997384496,0.0,0.0288931709008,0.000288931709008,-8.64652054337e-05,-0.00126910523751,-0.0912670766158,0.0987512580525,-0.0568249336787,0.0557494425233,0.1567,0.00363517688703,0.149707159266,0.163956494015,0.1516,0.00358632736933,0.144704788956,0.158762781108,0.0242,0.00153669645669,0.0213658773938,0.0273995354558,0.0167,0.00128144878946,0.0143676265635,0.0194035462616,0.5099,0.00499901980392,0.500100180274,0.519692216558,0.1549,0.00361809328238,0.147941308643,0.162123727033,,,,,,0.592720970537,0.592720970537,0.0,0.0,-2.60614311625,0.3,0.75,0.8,0.8,0.95,0.95,0.005,0.005
C,C2_sensitivity,repeated,shared,2000,,0.0,,,,,10000,10000,0,0.593329349087,0.592496441816,-0.000832907271018,-0.000832907271018,0.0,0.0288089693857,0.000288089693857,-0.000216521043662,-0.00140378572592,-0.0936099551805,0.0995091039716,-0.0583880428672,0.0561279324437,0.1501,0.00357169413584,0.14323402381,0.15723469825,0.1535,0.00360468791992,0.146568100514,0.160698010357,0.0246,0.00154902679125,0.021741614648,0.0278234910028,0.0185,0.00134750695731,0.0160378718578,0.0213319185731,0.5065,0.00499957748215,0.496700393469,0.516294614552,0.1672,0.00373154338043,0.160014391753,0.174641197562,,,,,,0.592720970537,0.592905405405,0.000184434868144,0.000311166429587,-3.53133819382,0.3,0.75,0.8,0.8,0.95,0.975,0.005,0.005
C,C2_sensitivity,repeated,shared,2000,,0.0,,,,,10000,10000,0,0.593329349087,0.592683878706,-0.000645470380872,-0.000645470380872,0.0,0.0285949724092,0.000285949724092,0.000102681206435,-0.00108787873357,-0.092106469532,0.0981397286158,-0.0568939434606,0.05495692476,0.149,0.00356088472153,0.142155616144,0.156113950712,0.1495,0.00356580636042,0.142645785259,0.156623397599,0.0232,0.00150538234346,0.0204274854056,0.0263386954407,0.0157,0.00124312147435,0.0134428765415,0.0183290642804,0.5062,0.00499961558522,0.496400434031,0.51599480439,0.1674,0.00373332613095,0.160210823372,0.174844612344,,,,,,0.592720970537,0.593080724876,0.00035975433918,0.000606953958207,-3.51538971839,0.3,0.75,0.8,0.8,0.95,1.0,0.005,0.005
C,C2_false_positive,repeated,shared,2000,,0.0,,,,,10000,10000,0,0.593123664676,0.599868907015,0.00674524233883,0.00674524233883,0.0,0.0292749021757,0.000292749021757,0.0126238172324,0.0113724046781,-0.0806841186362,0.114797667629,-0.0501997860303,0.0646316486708,0.2199,0.0041417869332,0.211890650813,0.228124465074,0.1039,0.00305130775242,0.0980708625347,0.110033340975,0.0469,0.00211424667435,0.0429272862324,0.0512206930911,0.0082,0.00090181816349,0.00661159660079,0.0101661041966,0.4108,0.00491979023943,0.401193431677,0.420475073632,0.1578,0.00364553370578,0.150786453019,0.165076355465,,,,,,0.592720970537,0.6,0.00727902946274,0.0122807017544,-1.8233609141,0.3,0.75,0.8,0.8,0.95,0.95,0.005,0.0
C,C2_false_positive,repeated,shared,2000,,0.0,,,,,10000,10000,0,0.593123664676,0.596106812331,0.00298314765514,0.00298314765514,0.0,0.0290640945666,0.000290640945666,0.00626938737356,0.00502955426128,-0.0868551286749,0.10663442303,-0.053999634825,0.0602308900438,0.1907,0.0039285303868,0.183119554966,0.198517986426,0.1264,0.00332299623834,0.120030179306,0.133056744276,0.0328,0.00178112773265,0.0294845204126,0.0364742876649,0.0119,0.00108436110222,0.0099542787759,0.0142205804336,0.4605,0.00498437307994,0.450747840293,0.470282495578,0.1556,0.00362475709531,0.148627988803,0.162836509274,,,,,,0.592720970537,0.596338273758,0.00361730322037,0.00610287707062,-2.18192093952,0.3,0.75,0.8,0.8,0.95,0.95,0.005,0.0025
C,C2_false_positive,repeated,shared,2000,,0.0,,,,,10000,10000,0,0.593123664676,0.592547283531,-0.000576381145255,-0.000576381145255,0.0,0.0291502503704,0.000291502503704,0.000265367797953,-0.000971772295697,-0.0922052307255,0.10036874475,-0.0569845782215,0.0561596861591,0.1549,0.00361809328238,0.147941308643,0.162123727033,0.1544,0.00361331758914,0.147450853799,0.161614565874,0.0256,0.00157938722294,0.0226818645519,0.0288824731022,0.0162,0.00126244049365,0.0139049497819,0.0188666070416,0.5054,0.0049997083915,0.495600559437,0.51519529338,0.1605,0.00367069135178,0.153436144755,0.167824590138,,,,,,0.592720970537,0.592720970537,0.0,0.0,-1.97727682586,0.3,0.75,0.8,0.8,0.95,0.95,0.005,0.005
C,C2_false_positive,repeated,shared,2000,,0.0,,,,,10000,10000,0,0.593123664676,0.589018258822,-0.00410540585361,-0.00410540585361,0.0,0.0291572861883,0.000291572861883,-0.00569754936599,-0.00692166928773,-0.0997832460237,0.0920782710272,-0.061969573483,0.0517963365642,0.13,0.00336303434416,0.123550387484,0.13673377131,0.1821,0.00385926923134,0.174658511637,0.189785634527,0.0187,0.00135463316067,0.0162238699029,0.0215457669287,0.025,0.0015612494996,0.0221175615855,0.0282472368666,0.5519,0.00497299095113,0.542135038519,0.56162510245,0.1531,0.00360083865231,0.146175792854,0.160290625216,,,,,,0.592720970537,0.589147286822,-0.00357368371556,-0.00602928509905,-1.82363384104,0.3,0.75,0.8,0.8,0.95,0.95,0.005,0.0075
C,C2_false_positive,repeated,shared,2000,,0.0,,,,,10000,10000,0,0.593123664676,0.585425982415,-0.00769768226049,-0.00769768226049,0.0,0.0289757540952,0.000289757540952,-0.0117719733222,-0.0129782079504,-0.105289057202,0.0871723300716,-0.0649973259951,0.0491571930439,0.1066,0.0030860401812,0.100701812244,0.112800317674,0.2171,0.0041227125779,0.209129086197,0.225288180081,0.0129,0.00112843209809,0.0108678872362,0.0153062039765,0.0306,0.0017223135603,0.0274004146572,0.0341600830132,0.6047,0.00488915033518,0.595078992462,0.61424059828,0.1579,0.0036464721307,0.150884576711,0.165178154975,,,,,,0.592720970537,0.585616438356,-0.0071045321811,-0.0119863013699,-2.0470565751,0.3,0.75,0.8,0.8,0.95,0.95,0.005,0.01
C,C2_false_positive,repeated,shared,2000,,0.0,,,,,10000,10000,0,0.593123664676,0.581953969007,-0.0111696956687,-0.0111696956687,0.0,0.0289126617292,0.000289126617292,-0.0176388415691,-0.018831984515,-0.108875243976,0.0801727474684,-0.0677702272782,0.0453243241569,0.0834,0.00276485876674,0.0781396294518,0.0889803179906,0.2601,0.0043868894447,0.251595133311,0.268789109107,0.0106,0.00102409179276,0.00877235099287,0.0128035066123,0.0409,0.00198058551949,0.0371911609003,0.0449614264036,0.6506,0.00476780494567,0.641199059244,0.659885280447,0.148,0.00355099985919,0.141175359327,0.155094975526,,,,,,0.592720970537,0.582127659574,-0.0105933109628,-0.0178723404255,-1.99353733417,0.3,0.75,0.8,0.8,0.95,0.95,0.005,0.0125
C,C2_false_positive,repeated,shared,2000,,0.0,,,,,10000,10000,0,0.593123664676,0.57863150496,-0.0144921597158,-0.0144921597158,0.0,0.0289803028796,0.000289803028796,-0.0232373709083,-0.0244336224954,-0.113856366435,0.0759331413606,-0.0704079819626,0.0423191833013,0.0702,0.00255483776393,0.0653558943368,0.0753741906626,0.2987,0.00457688005086,0.289808168209,0.307746429535,0.0082,0.00090181816349,0.00661159660079,0.0101661041966,0.0521,0.00222228688517,0.0479138318312,0.0566301539093,0.6904,0.00462328714228,0.681266855372,0.699386918048,0.1356,0.00342363315792,0.129029560692,0.14245029732,,,,,,0.592720970537,0.578680203046,-0.0140407674916,-0.0236886632826,-1.55758283857,0.3,0.75,0.8,0.8,0.95,0.95,0.005,0.015
C,C2_false_positive,repeated,shared,2000,,0.0,,,,,10000,10000,0,0.593123664676,0.575199829441,-0.017923835235,-0.017923835235,0.0,0.028863563322,0.00028863563322,-0.029037828421,-0.0302193898212,-0.119646598287,0.067742102067,-0.0740035863594,0.0380620347789,0.0519,0.00221825133833,0.0477218074297,0.0564223319101,0.3364,0.00472477555022,0.327203997248,0.345721647019,0.006,0.000772269383052,0.00466452289345,0.00771486749678,0.0686,0.00252772704223,0.0638095849179,0.0737217288764,0.7316,0.00443126889277,0.72282715083,0.740194981125,0.131,0.00337400355661,0.124528521569,0.137754869229,,,,,,0.592720970537,0.57527333894,-0.017447631597,-0.0294365012616,-1.64984355088,0.3,0.75,0.8,0.8,0.95,0.95,0.005,0.0175
C,C2_false_positive,repeated,shared,2000,,0.0,,,,,10000,10000,0,0.593123664676,0.571824981055,-0.0212986836208,-0.0212986836208,0.0,0.0288369795458,0.000288369795458,-0.034735223753,-0.0359093472225,-0.126088180868,0.0625999401641,-0.0781798713024,0.0350651103065,0.0425,0.00201726919374,0.0387187616541,0.0466325968551,0.3846,0.00486500606372,0.375110804687,0.394177822137,0.0037,0.000607149899119,0.00268564803775,0.00509550874498,0.0822,0.00274669182836,0.0769756606379,0.0877452084007,0.7694,0.00421216856263,0.761041789158,0.77755131252,0.1202,0.00325195264418,0.113971687704,0.126719997458,,,,,,0.592720970537,0.571906354515,-0.0208146160222,-0.0351170568562,-1.67863488536,0.3,0.75,0.8,0.8,0.95,0.95,0.005,0.02
C,C2_false_positive,repeated,shared,2000,,0.0,,,,,10000,10000,0,0.593123664676,0.568628047506,-0.0244956171702,-0.0244956171702,0.0,0.0289112079351,0.000289112079351,-0.0401199233184,-0.0412993421593,-0.131192261706,0.0576306185401,-0.0811822049719,0.0325505952119,0.0343,0.00181998653841,0.0309079243266,0.0380497317559,0.4326,0.0049543641368,0.422917336281,0.4423344267,0.0028,0.000528408932551,0.00193800573069,0.00404384224912,0.0996,0.00299465924606,0.0938834418476,0.105624064048,0.7965,0.00402601229506,0.788495999048,0.804276289918,0.1111,0.00314255930732,0.105089406124,0.117409267809,,,,,,0.592720970537,0.568578553616,-0.0241424169213,-0.0407315045719,-1.2216724037,0.3,0.75,0.8,0.8,0.95,0.95,0.005,0.0225
C,C2_false_positive,repeated,shared,2000,,0.0,,,,,10000,10000,0,0.593123664676,0.565120281667,-0.0280033830094,-0.0280033830094,0.0,0.0285771647657,0.000285771647657,-0.0460598549477,-0.0472133969308,-0.135031134668,0.0497838534917,-0.0835750066284,0.0281089907518,0.0248,0.00155515143957,0.0219295622152,0.0280353898363,0.4719,0.00499209765529,0.462128331556,0.481693249153,0.0018,0.000423882059068,0.00113892799151,0.00284368798503,0.1236,0.00329124657235,0.117293431515,0.130195642458,0.8371,0.00369274410161,0.829733140757,0.844207967541,0.0995,0.00299332173346,0.0937860993147,0.10552148338,,,,,,0.592720970537,0.565289256198,-0.0274317143389,-0.0462809917355,-2.00043872493,0.3,0.75,0.8,0.8,0.95,0.95,0.005,0.025
C,C2_false_positive,repeated,shared,2000,,0.0,,,,,10000,10000,0,0.593123664676,0.561996181971,-0.0311274827045,-0.0311274827045,0.0,0.0286818544948,0.000286818544948,-0.0513319241234,-0.0524805947871,-0.140018136661,0.0452828838284,-0.0868955137912,0.0253282007413,0.0201,0.00140342402716,0.0175279812174,0.0230405804188,0.5261,0.0049931832532,0.516305392338,0.535874562947,0.0015,0.00038700775186,0.000909261825593,0.00247358454997,0.1476,0.00354703030717,0.140783287155,0.154687354897,0.8611,0.00345842146072,0.854182839861,0.867739836516,0.0949,0.00293076764688,0.089310355357,0.100800760123,,,,,,0.592720970537,0.562037797864,-0.0306831726737,-0.0517666392769,-1.54909798785,0.3,0.75,0.8,0.8,0.95,0.95,0.005,0.0275
C,C2_false_positive,repeated,shared,2000,,0.0,,,,,10000,10000,0,0.593123664676,0.558769645571,-0.0343540191049,-0.0343540191049,0.0,0.0289690609143,0.000289690609143,-0.0567529840388,-0.0579204998061,-0.146701955052,0.0390354826102,-0.0914996724578,0.0220785300576,0.015,0.00121552457811,0.0127970424891,0.0175754359304,0.5635,0.00495951358502,0.553756984008,0.573194248199,0.0013,0.000360320690497,0.00075991187258,0.00222308810233,0.1841,0.00387565723459,0.176625646381,0.191816963789,0.884,0.00320224920954,0.877575724411,0.890129364841,0.0794,0.0027036205355,0.0742610670868,0.0848619523426,,,,,,0.592720970537,0.558823529412,-0.0338974411255,-0.0571895424837,-1.57608829888,0.3,0.75,0.8,0.8,0.95,0.95,0.005,0.03
C,C3_surface,paired,shared,2000,,0.0,,,,,10000,10000,0,0.592796058031,0.442634913904,-0.150161144127,-0.150161144127,0.0,0.0192023601359,0.000192023601359,-0.253308868836,-0.253309957266,-0.314012627396,-0.191650070202,-0.187573622617,-0.112633499728,0.0,0.0,0.0,0.000383998370677,1.0,0.0,0.999616001629,1.0,0.0,0.0,0.0,0.000383998370677,1.0,0.0,0.999616001629,1.0,1.0,0.0,0.999616001629,1.0,0.0,0.0,0.0,0.000383998370677,,,,,,0.592720970537,0.44262295082,-0.150098019718,-0.253235547886,-0.32873255765,0.3,0.75,0.8,0.6,0.95,0.7,0.005,0.005
C,C3_surface,paired,shared,2000,,0.0,,,,,10000,10000,0,0.592770144676,0.442824760466,-0.14994538421,-0.14994538421,0.0,0.0186507952611,0.000186507952611,-0.252963683264,-0.252957045082,-0.312133399845,-0.193720458675,-0.186130238167,-0.113162870903,0.0,0.0,0.0,0.000383998370677,1.0,0.0,0.999616001629,1.0,0.0,0.0,0.0,0.000383998370677,1.0,0.0,0.999616001629,1.0,1.0,0.0,0.999616001629,1.0,0.0,0.0,0.0,0.000383998370677,,,,,,0.592720970537,0.442873303167,-0.14984766737,-0.252813169802,-0.52392854562,0.3,0.75,0.8,0.6,0.95,0.725,0.005,0.005
C,C3_surface,paired,shared,2000,,0.0,,,,,10000,10000,0,0.592459269714,0.44263682546,-0.149822444253,-0.149822444253,0.0,0.0179908337731,0.000179908337731,-0.252899107278,-0.252882268727,-0.309228649088,-0.194985261058,-0.184924569337,-0.114433168004,0.0,0.0,0.0,0.000383998370677,1.0,0.0,0.999616001629,1.0,0.0,0.0,0.0,0.000383998370677,1.0,0.0,0.999616001629,1.0,1.0,0.0,0.999616001629,1.0,0.0,0.0,0.0,0.000383998370677,,,,,,0.592720970537,0.443107221007,-0.149613749531,-0.252418518945,-1.16000584126,0.3,0.75,0.8,0.6,0.95,0.75,0.005,0.005
C,C3_surface,paired,shared,2000,,0.0,,,,,10000,10000,0,0.592588331691,0.443199155069,-0.149389176622,-0.149389176622,0.0,0.0177347415183,0.000177347415183,-0.252122894235,-0.252096048188,-0.308612553692,-0.194874604429,-0.184013966493,-0.114362017247,0.0,0.0,0.0,0.000383998370677,1.0,0.0,0.999616001629,1.0,0.0,0.0,0.0,0.000383998370677,1.0,0.0,0.999616001629,1.0,1.0,0.0,0.999616001629,1.0,0.0,0.0,0.0,0.000383998370677,,,,,,0.592720970537,0.443326271186,-0.149394699351,-0.252048951829,0.0311407367085,0.3,0.75,0.8,0.6,0.95,0.775,0.005,0.005
C,C3_surface,paired,shared,2000,,0.0,,,,,10000,10000,0,0.592541254052,0.443482815132,-0.14905843892,-0.14905843892,0.0,0.0170932671593,0.000170932671593,-0.251574907445,-0.251557909092,-0.306765567199,-0.197259391817,-0.182954662184,-0.115812114387,0.0,0.0,0.0,0.000383998370677,1.0,0.0,0.999616001629,1.0,0.0,0.0,0.0,0.000383998370677,1.0,0.0,0.999616001629,1.0,1.0,0.0,0.999616001629,1.0,0.0,0.0,0.0,0.000383998370677,,,,,,0.592720970537,0.443531827515,-0.149189143022,-0.251702150654,0.764652543857,0.3,0.75,0.8,0.6,0.95,0.8,0.005,0.005
C,C3_surface,paired,shared,2000,,0.0,,,,,10000,10000,0,0.592774277179,0.443442566419,-0.14933171076,-0.14933171076,0.0,0.0167882412614,0.000167882412614,-0.25191799269,-0.251920025057,-0.304956978639,-0.199182630312,-0.182550468236,-0.1165759142,0.0,0.0,0.0,0.000383998370677,1.0,0.0,0.999616001629,1.0,0.0,0.0,0.0,0.000383998370677,1.0,0.0,0.999616001629,1.0,1.0,0.0,0.999616001629,1.0,0.0,0.0,0.0,0.000383998370677,,,,,,0.592720970537,0.443725099602,-0.148995870936,-0.251376074649,-2.00044673804,0.3,0.75,0.8,0.6,0.95,0.825,0.005,0.005
C,C3_surface,paired,shared,2000,,0.0,,,,,10000,10000,0,0.592658484779,0.443839830098,-0.148818654681,-0.148818654681,0.0,0.0163521134993,0.000163521134993,-0.251102567373,-0.2511035588,-0.301963993171,-0.199832050342,-0.180853445969,-0.117233758852,0.0,0.0,0.0,0.000383998370677,1.0,0.0,0.999616001629,1.0,0.0,0.0,0.0,0.000383998370677,1.0,0.0,0.999616001629,1.0,1.0,0.0,0.999616001629,1.0,0.0,0.0,0.0,0.000383998370677,,,,,,0.592720970537,0.443907156673,-0.148813813864,-0.251068919882,-0.0296036145433,0.3,0.75,0.8,0.6,0.95,0.85,0.005,0.005
C,C3_surface,paired,shared,2000,,0.0,,,,,10000,10000,0,0.592728340322,0.444068094875,-0.148660245447,-0.148660245447,0.0,0.0157973815421,0.000157973815421,-0.250820446155,-0.250806710822,-0.301422671292,-0.200764555185,-0.180574350968,-0.117731541891,0.0,0.0,0.0,0.000383998370677,1.0,0.0,0.999616001629,1.0,0.0,0.0,0.0,0.000383998370677,1.0,0.0,0.999616001629,1.0,1.0,0.0,0.999616001629,1.0,0.0,0.0,0.0,0.000383998370677,,,,,,0.592720970537,0.444078947368,-0.148642023169,-0.250779085873,-0.115349993142,0.3,0.75,0.8,0.6,0.95,0.875,0.005,0.005
C,C3_surface,paired,shared,2000,,0.0,,,,,10000,10000,0,0.592695291306,0.443979772935,-0.148715518371,-0.148715518371,0.0,0.0155123628443,0.000155123628443,-0.250909118261,-0.25091395284,-0.299330792613,-0.203348185242,-0.179380814527,-0.118980629709,0.0,0.0,0.0,0.000383998370677,1.0,0.0,0.999616001629,1.0,0.0,0.0,0.0,0.000383998370677,1.0,0.0,0.999616001629,1.0,1.0,0.0,0.999616001629,1.0,0.0,0.0,0.0,0.000383998370677,,,,,,0.592720970537,0.444241316271,-0.148479654267,-0.250505147696,-1.52049115043,0.3,0.75,0.8,0.6,0.95,0.9,0.005,0.005
C,C3_surface,paired,shared,2000,,0.0,,,,,10000,10000,0,0.592695112673,0.444204016122,-0.148491096551,-0.148491096551,0.0,0.0149950827509,0.000149950827509,-0.250538750658,-0.250535382149,-0.297817732993,-0.20409818205,-0.178148507373,-0.119467385439,0.0,0.0,0.0,0.000383998370677,1.0,0.0,0.999616001629,1.0,0.0,0.0,0.0,0.000383998370677,1.0,0.0,0.999616001629,1.0,1.0,0.0,0.999616001629,1.0,0.0,0.0,0.0,0.000383998370677,,,,,,0.592720970537,0.444395017794,-0.148325952744,-0.250245832553,-1.10131974648,0.3,0.75,0.8,0.6,0.95,0.925,0.005,0.005
C,C3_surface,paired,shared,2000,,0.0,,,,,10000,10000,0,0.592637120289,0.444227511498,-0.148409608791,-0.148409608791,0.0,0.014629205706,0.00014629205706,-0.250429645525,-0.250422397974,-0.2963021381,-0.205633144662,-0.177449168207,-0.120209059233,0.0,0.0,0.0,0.000383998370677,1.0,0.0,0.999616001629,1.0,0.0,0.0,0.0,0.000383998370677,1.0,0.0,0.999616001629,1.0,1.0,0.0,0.999616001629,1.0,0.0,0.0,0.0,0.000383998370677,,,,,,0.592720970537,0.444540727903,-0.148180242634,-0.25,-1.56786473208,0.3,0.75,0.8,0.6,0.95,0.95,0.005,0.005
C,C3_surface,paired,shared,2000,,0.0,,,,,10000,10000,0,0.592688055807,0.444182805302,-0.148505250505,-0.148505250505,0.0,0.014625169108,0.00014625169108,-0.250550352098,-0.25056224611,-0.295733341759,-0.205751488489,-0.177823775866,-0.119739273644,0.0,0.0,0.0,0.000383998370677,1.0,0.0,0.999616001629,1.0,0.0,0.0,0.0,0.000383998370677,1.0,0.0,0.999616001629,1.0,1.0,0.0,0.999616001629,1.0,0.0,0.0,0.0,0.000383998370677,,,,,,0.592720970537,0.444679054054,-0.148041916483,-0.249766625178,-3.16805924632,0.3,0.75,0.8,0.6,0.95,0.975,0.005,0.005
C,C3_surface,paired,shared,2000,,0.0,,,,,10000,10000,0,0.592810614549,0.444476761966,-0.148333852583,-0.148333852583,0.0,0.0147988092508,0.000147988092508,-0.250187349111,-0.250221316795,-0.295733638806,-0.204783699059,-0.178074323408,-0.119286604558,0.0,0.0,0.0,0.000383998370677,1.0,0.0,0.999616001629,1.0,0.0,0.0,0.0,0.000383998370677,1.0,0.0,0.999616001629,1.0,1.0,0.0,0.999616001629,1.0,0.0,0.0,0.0,0.000383998370677,,,,,,0.592720970537,0.444810543657,-0.14791042688,-0.249544784531,-2.86121468008,0.3,0.75,0.8,0.6,0.95,1.0,0.005,0.005
C,C3_surface,paired,shared,2000,,0.0,,,,,10000,10000,0,0.592669785307,0.461083833633,-0.131585951674,-0.131585951674,0.0,0.0186850905253,0.000186850905253,-0.222021090514,-0.222022372215,-0.281826166336,-0.161981227059,-0.168536645453,-0.0952259737443,0.0,0.0,0.0,0.000383998370677,1.0,0.0,0.999616001629,1.0,0.0,0.0,0.0,0.000383998370677,1.0,0.0,0.999616001629,1.0,1.0,0.0,0.999616001629,1.0,0.0,0.0,0.0,0.000383998370677,,,,,,0.592720970537,0.46106557377,-0.131655396767,-0.222120362381,0.371660458234,0.3,0.75,0.8,0.625,0.95,0.7,0.005,0.005
C,C3_surface,paired,shared,2000,,0.0,,,,,10000,10000,0,0.592635533128,0.461047731078,-0.13158780205,-0.13158780205,0.0,0.0179135002718,0.000179135002718,-0.222028484847,-0.222038326584,-0.278664961151,-0.164932326918,-0.166693665651,-0.0964733007731,0.0,0.0,0.0,0.000383998370677,1.0,0.0,0.999616001629,1.0,0.0,0.0,0.0,0.000383998370677,1.0,0.0,0.999616001629,1.0,1.0,0.0,0.999616001629,1.0,0.0,0.0,0.0,0.000383998370677,,,,,,0.592720970537,0.461326357466,-0.131394613071,-0.221680385211,-1.07845466057,0.3,0.75,0.8,0.625,0.95,0.725,0.005,0.005
C,C3_surface,paired,shared,2000,,0.0,,,,,10000,10000,0,0.592473472885,0.461301758708,-0.131171714176,-0.131171714176,0.0,0.0175886633062,0.000175886633062,-0.221399907498,-0.221396771636,-0.277075999876,-0.16343136988,-0.165342903341,-0.0964865487308,0.0,0.0,0.0,0.000383998370677,1.0,0.0,0.999616001629,1.0,0.0,0.0,0.0,0.000383998370677,1.0,0.0,0.999616001629,1.0,1.0,0.0,0.999616001629,1.0,0.0,0.0,0.0,0.000383998370677,,,,,,0.592720970537,0.461570021882,-0.131150948655,-0.221269290568,-0.118061961705,0.3,0.75,0.8,0.625,0.95,0.75,0.005,0.005
C,C3_surface,paired,shared,2000,,0.0,,,,,10000,10000,0,0.592659184658,0.461881526375,-0.130777658283,-0.130777658283,0.0,0.0170832714778,0.000170832714778,-0.220685242668,-0.220662501601,-0.275215008545,-0.165627756116,-0.164104622084,-0.0969187104079,0.0,0.0,0.0,0.000383998370677,1.0,0.0,0.999616001629,1.0,0.0,0.0,0.0,0.000383998370677,1.0,0.0,0.999616001629,1.0,1.0,0.0,0.999616001629,1.0,0.0,0.0,0.0,0.000383998370677,,,,,,0.592720970537,0.461798199153,-0.130922771385,-0.220884324822,0.849445620142,0.3,0.75,0.8,0.625,0.95,0.775,0.005,0.005
C,C3_surface,paired,shared,2000,,0.0,,,,,10000,10000,0,0.59271751615,0.462034205797,-0.130683310353,-0.130683310353,0.0,0.0165743607066,0.000165743607066,-0.220485555312,-0.220481606824,-0.273703864676,-0.167381136633,-0.163699033321,-0.0984774467959,0.0,0.0,0.0,0.000383998370677,1.0,0.0,0.999616001629,1.0,0.0,0.0,0.0,0.000383998370677,1.0,0.0,0.999616001629,1.0,1.0,0.0,0.999616001629,1.0,0.0,0.0,0.0,0.000383998370677,,,,,,0.592720970537,0.462012320329,-0.130708650209,-0.220523073598,0.152885868678,0.3,0.75,0.8,0.625,0.95,0.8,0.005,0.005
C,C3_surface,paired,shared,2000,,0.0,,,,,10000,10000,0,0.592612315526,0.461942352726,-0.1306699628,-0.1306699628,0.0,0.0161220909105,0.000161220909105,-0.220503366975,-0.220498223503,-0.272030754684,-0.170232802504,-0.162101670897,-0.100022542276,0.0,0.0,0.0,0.000383998370677,1.0,0.0,0.999616001629,1.0,0.0,0.0,0.0,0.000383998370677,1.0,0.0,0.999616001629,1.0,1.0,0.0,0.999616001629,1.0,0.0,0.0,0.0,0.000383998370677,,,,,,0.592720970537,0.462213645418,-0.130507325119,-0.220183411092,-1.00878776516,0.3,0.75,0.8,0.625,0.95,0.825,0.005,0.005
C,C3_surface,paired,shared,2000,,0.0,,,,,10000,10000,0,0.592398576776,0.461934356402,-0.130464220374,-0.130464220374,0.0,0.0156644134149,0.000156644134149,-0.220235358444,-0.220230475712,-0.270780906331,-0.171070593643,-0.161511846315,-0.100761686753,0.0,0.0,0.0,0.000383998370677,1.0,0.0,0.999616001629,1.0,0.0,0.0,0.0,0.000383998370677,1.0,0.0,0.999616001629,1.0,1.0,0.0,0.999616001629,1.0,0.0,0.0,0.0,0.000383998370677,,,,,,0.592720970537,0.462403288201,-0.130317682336,-0.21986345821,-0.935483725709,0.3,0.75,0.8,0.625,0.95,0.85,0.005,0.005
C,C3_surface,paired,shared,2000,,0.0,,,,,10000,10000,0,0.59258476635,0.462482034508,-0.130102731842,-0.130102731842,0.0,0.0150302603931,0.000150302603931,-0.219572555633,-0.21955125955,-0.268352480796,-0.171579672431,-0.159755372926,-0.100693471153,0.0,0.0,0.0,0.000383998370677,1.0,0.0,0.999616001629,1.0,0.0,0.0,0.0,0.000383998370677,1.0,0.0,0.999616001629,1.0,1.0,0.0,0.999616001629,1.0,0.0,0.0,0.0,0.000383998370677,,,,,,0.592720970537,0.462582236842,-0.130138733695,-0.219561547784,0.23952913499,0.3,0.75,0.8,0.625,0.95,0.875,0.005,0.005
C,C3_surface,paired,shared,2000,,0.0,,,,,10000,10000,0,0.592841466511,0.462717403301,-0.130124063211,-0.130124063211,0.0,0.0148993558619,0.000148993558619,-0.219484661387,-0.219492175499,-0.267241649621,-0.17291183151,-0.159602837962,-0.101366275437,0.0,0.0,0.0,0.000383998370677,1.0,0.0,0.999616001629,1.0,0.0,0.0,0.0,0.000383998370677,1.0,0.0,0.999616001629,1.0,1.0,0.0,0.999616001629,1.0,0.0,0.0,0.0,0.000383998370677,,,,,,0.592720970537,0.462751371115,-0.129969599422,-0.219276195516,-1.03671453942,0.3,0.75,0.8,0.625,0.95,0.9,0.005,0.005
C,C3_surface,paired,shared,2000,,0.0,,,,,10000,10000,0,0.592728584064,0.462739097971,-0.129989486092,-0.129989486092,0.0,0.0143530375862,0.000143530375862,-0.219297739327,-0.219306929997,-0.26506682419,-0.1741339169,-0.158072527231,-0.102048558335,0.0,0.0,0.0,0.000383998370677,1.0,0.0,0.999616001629,1.0,0.0,0.0,0.0,0.000383998370677,1.0,0.0,0.999616001629,1.0,1.0,0.0,0.999616001629,1.0,0.0,0.0,0.0,0.000383998370677,,,,,,0.592720970537,0.462911476868,-0.129809493669,-0.219006075576,-1.25403715022,0.3,0.75,0.8,0.625,0.95,0.925,0.005,0.005
C,C3_surface,paired,shared,2000,,0.0,,,,,10000,10000,0,0.592606802042,0.462702273672,-0.12990452837,-0.12990452837,0.0,0.0139714840491,0.000139714840491,-0.219218198385,-0.219208635341,-0.264152283448,-0.175953079179,-0.157894736842,-0.102836879433,0.0,0.0,0.0,0.000383998370677,1.0,0.0,0.999616001629,1.0,0.0,0.0,0.0,0.000383998370677,1.0,0.0,0.999616001629,1.0,1.0,0.0,0.999616001629,1.0,0.0,0.0,0.0,0.000383998370677,,,,,,0.592720970537,0.463063258232,-0.129657712305,-0.21875,-1.76657013412,0.3,0.75,0.8,0.625,0.95,0.95,0.005,0.005
C,C3_surface,paired,shared,2000,,0.0,,,,,10000,10000,0,0.592853414344,0.463019640871,-0.129833773474,-0.129833773474,0.0,0.0139535878885,0.000139535878885,-0.218977043146,-0.218998103633,-0.262701407868,-0.176090154078,-0.157743956386,-0.102683953176,0.0,0.0,0.0,0.000383998370677,1.0,0.0,0.999616001629,1.0,0.0,0.0,0.0,0.000383998370677,1.0,0.0,0.999616001629,1.0,1.0,0.0,0.999616001629,1.0,0.0,0.0,0.0,0.000383998370677,,,,,,0.592720970537,0.463207347973,-0.129513622564,-0.218506901227,-2.29439848728,0.3,0.75,0.8,0.625,0.95,0.975,0.005,0.005
C,C3_surface,paired,shared,2000,,0.0,,,,,10000,10000,0,0.592761397064,0.463138294067,-0.129623102997,-0.129623102997,0.0,0.0141814457367,0.000141814457367,-0.218633450536,-0.218676694601,-0.262196190153,-0.175725065563,-0.158359403561,-0.102171301619,0.0,0.0,0.0,0.000383998370677,1.0,0.0,0.999616001629,1.0,0.0,0.0,0.0,0.000383998370677,1.0,0.0,0.999616001629,1.0,1.0,0.0,0.999616001629,1.0,0.0,0.0,0.0,0.000383998370677,,,,,,0.592720970537,0.46334431631,-0.129376654228,-0.21827581722,-1.73782542367,0.3,0.75,0.8,0.625,0.95,1.0,0.005,0.005
C,C3_surface,paired,shared,2000,,0.0,,,,,10000,10000,0,0.592588446335,0.479170056978,-0.113418389357,-0.113418389357,0.0,0.0179517890144,0.000179517890144,-0.191386805391,-0.191394871194,-0.249450123878,-0.133375899105,-0.149238988968,-0.0783423203012,0.0,0.0,0.0,0.000383998370677,1.0,0.0,0.999616001629,1.0,0.0,0.0,0.0,0.000383998370677,0.9993,0.0002644825136,0.998555665559,0.999660873668,1.0,0.0,0.999616001629,1.0,0.0,0.0,0.0,0.000383998370677,,,,,,0.592720970537,0.479508196721,-0.113212773816,-0.191005176877,-1.14537632447,0.3,0.75,0.8,0.65,0.95,0.7,0.005,0.005
C,C3_surface,paired,shared,2000,,0.0,,,,,10000,10000,0,0.592661818262,0.479401899174,-0.113259919088,-0.113259919088,0.0,0.0174785756149,0.000174785756149,-0.191100730778,-0.191103789038,-0.248266819267,-0.134838057894,-0.147996405484,-0.0788926950017,0.0,0.0,0.0,0.000383998370677,1.0,0.0,0.999616001629,1.0,0.0,0.0,0.0,0.000383998370677,0.9994,0.00024487547856,0.998691475904,0.999724986524,1.0,0.0,0.999616001629,1.0,0.0,0.0,0.0,0.000383998370677,,,,,,0.592720970537,0.479779411765,-0.112941558773,-0.190547600619,-1.82143169165,0.3,0.75,0.8,0.65,0.95,0.725,0.005,0.005
C,C3_surface,paired,shared,2000,,0.0,,,,,10000,10000,0,0.592633393618,0.479901425115,-0.112731968503,-0.112731968503,0.0,0.0168581948941,0.000168581948941,-0.190227560971,-0.190222099728,-0.24408332887,-0.135148239644,-0.145931089033,-0.0795265641563,0.0,0.0,0.0,0.000383998370677,1.0,0.0,0.999616001629,1.0,0.0,0.0,0.0,0.000383998370677,0.9997,0.000173179098046,0.999118264228,0.999897967801,1.0,0.0,0.999616001629,1.0,0.0,0.0,0.0,0.000383998370677,,,,,,0.592720970537,0.480032822757,-0.11268814778,-0.19012006219,-0.259937218442,0.3,0.75,0.8,0.65,0.95,0.75,0.005,0.005
C,C3_surface,paired,shared,2000,,0.0,,,,,10000,10000,0,0.59282230249,0.48019003243,-0.112632270059,-0.112632270059,0.0,0.0164739760746,0.000164739760746,-0.190021906186,-0.189993307584,-0.243106778349,-0.137414048206,-0.145181397487,-0.0806770617929,0.0,0.0,0.0,0.000383998370677,1.0,0.0,0.999616001629,1.0,0.0,0.0,0.0,0.000383998370677,0.9997,0.000173179098046,0.999118264228,0.999897967801,1.0,0.0,0.999616001629,1.0,0.0,0.0,0.0,0.000383998370677,,,,,,0.592720970537,0.480270127119,-0.112450843419,-0.189719697814,-1.10129236486,0.3,0.75,0.8,0.65,0.95,0.775,0.005,0.005
C,C3_surface,paired,shared,2000,,0.0,,,,,10000,10000,0,0.59259152928,0.480430412746,-0.112161116534,-0.112161116534,0.0,0.0158520210203,0.000158520210203,-0.189276070837,-0.18927222377,-0.241381243548,-0.139011984725,-0.144079261483,-0.0818788532332,0.0,0.0,0.0,0.000383998370677,1.0,0.0,0.999616001629,1.0,0.0,0.0,0.0,0.000383998370677,0.9998,0.000141407213395,0.999271004156,0.999945151073,1.0,0.0,0.999616001629,1.0,0.0,0.0,0.0,0.000383998370677,,,,,,0.592720970537,0.480492813142,-0.112228157396,-0.189343996542,0.422916808666,0.3,0.75,0.8,0.65,0.95,0.8,0.005,0.005
C,C3_surface,paired,shared,2000,,0.0,,,,,10000,10000,0,0.592694257528,0.480668628002,-0.112025629525,-0.112025629525,0.0,0.015375359627,0.00015375359627,-0.189010639792,-0.189010823207,-0.23815585929,-0.139753082262,-0.142292482871,-0.0822326865754,0.0,0.0,0.0,0.000383998370677,1.0,0.0,0.999616001629,1.0,0.0,0.0,0.0,0.000383998370677,0.9999,9.9994999875e-05,0.999433731103,0.999982347326,1.0,0.0,0.999616001629,1.0,0.0,0.0,0.0,0.000383998370677,,,,,,0.592720970537,0.480702191235,-0.112018779302,-0.188990747536,-0.0445532556917,0.3,0.75,0.8,0.65,0.95,0.825,0.005,0.005
C,C3_surface,paired,shared,2000,,0.0,,,,,10000,10000,0,0.592270415563,0.480415190031,-0.111855225532,-0.111855225532,0.0,0.0148459948347,0.000148459948347,-0.188855222348,-0.188858370421,-0.23658121109,-0.141518073657,-0.141605122268,-0.0832103175554,0.0,0.0,0.0,0.000383998370677,1.0,0.0,0.999616001629,1.0,0.0,0.0,0.0,0.000383998370677,1.0,0.0,0.999616001629,1.0,1.0,0.0,0.999616001629,1.0,0.0,0.0,0.0,0.000383998370677,,,,,,0.592720970537,0.480899419729,-0.111821550808,-0.188657996539,-0.226826993865,0.3,0.75,0.8,0.65,0.95,0.85,0.005,0.005
C,C3_surface,paired,shared,2000,,0.0,,,,,10000,10000,0,0.592437695416,0.481061935763,-0.111375759653,-0.111375759653,0.0,0.0142671112521,0.000142671112521,-0.188005668304,-0.187995734429,-0.233798441956,-0.142547136057,-0.139043207162,-0.08387373609,0.0,0.0,0.0,0.000383998370677,1.0,0.0,0.999616001629,1.0,0.0,0.0,0.0,0.000383998370677,1.0,0.0,0.999616001629,1.0,1.0,0.0,0.999616001629,1.0,0.0,0.0,0.0,0.000383998370677,,,,,,0.592720970537,0.481085526316,-0.111635444221,-0.188344009695,1.82016221691,0.3,0.75,0.8,0.65,0.95,0.875,0.005,0.005
C,C3_surface,paired,shared,2000,,0.0,,,,,10000,10000,0,0.592904712213,0.481415968347,-0.111488743867,-0.111488743867,0.0,0.013947882319,0.00013947882319,-0.188036432841,-0.188038215198,-0.233216611642,-0.144406422507,-0.138713627959,-0.0845722004105,0.0,0.0,0.0,0.000383998370677,1.0,0.0,0.999616001629,1.0,0.0,0.0,0.0,0.000383998370677,1.0,0.0,0.999616001629,1.0,1.0,0.0,0.999616001629,1.0,0.0,0.0,0.0,0.000383998370677,,,,,,0.592720970537,0.48126142596,-0.111459544577,-0.188047243337,-0.209345681917,0.3,0.75,0.8,0.65,0.95,0.9,0.005,0.005
C,C3_surface,paired,shared,2000,,0.0,,,,,10000,10000,0,0.592860932908,0.481542539339,-0.11131839357,-0.11131839357,0.0,0.0135408497538,0.000135408497538,-0.187758382845,-0.187764764704,-0.231249763534,-0.145716460663,-0.137767478244,-0.0856014953765,0.0,0.0,0.0,0.000383998370677,1.0,0.0,0.999616001629,1.0,0.0,0.0,0.0,0.000383998370677,1.0,0.0,0.999616001629,1.0,1.0,0.0,0.999616001629,1.0,0.0,0.0,0.0,0.000383998370677,,,,,,0.592720970537,0.481427935943,-0.111293034594,-0.187766318599,-0.187277579549,0.3,0.75,0.8,0.65,0.95,0.925,0.005,0.005
C,C3_surface,paired,shared,2000,,0.0,,,,,10000,10000,0,0.592333756387,0.481188554021,-0.111145202366,-0.111145202366,0.0,0.0131352668098,0.000131352668098,-0.187633957621,-0.187639487312,-0.230337459273,-0.146549902865,-0.137391304348,-0.0857142857143,0.0,0.0,0.0,0.000383998370677,1.0,0.0,0.999616001629,1.0,0.0,0.0,0.0,0.000383998370677,1.0,0.0,0.999616001629,1.0,1.0,0.0,0.999616001629,1.0,0.0,0.0,0.0,0.000383998370677,,,,,,0.592720970537,0.481585788562,-0.111135181976,-0.1875,-0.0762861583477,0.3,0.75,0.8,0.65,0.95,0.95,0.005,0.005
C,C3_surface,paired,shared,2000,,0.0,,,,,10000,10000,0,0.592741859965,0.481501025675,-0.111240834291,-0.111240834291,0.0,0.0132307153407,0.000132307153407,-0.187643723712,-0.187671635503,-0.228922808239,-0.146914391339,-0.137720493689,-0.0856962298281,0.0,0.0,0.0,0.000383998370677,1.0,0.0,0.999616001629,1.0,0.0,0.0,0.0,0.000383998370677,1.0,0.0,0.999616001629,1.0,1.0,0.0,0.999616001629,1.0,0.0,0.0,0.0,0.000383998370677,,,,,,0.592720970537,0.481735641892,-0.110985328645,-0.187247177276,-1.93115518601,0.3,0.75,0.8,0.65,0.95,0.975,0.005,0.005
C,C3_surface,paired,shared,2000,,0.0,,,,,10000,10000,0,0.592791879738,0.481742179889,-0.111049699849,-0.111049699849,0.0,0.0134059793173,0.000134059793173,-0.187291240344,-0.187333368834,-0.228986189053,-0.145790006,-0.13780692788,-0.0855369189705,0.0,0.0,0.0,0.000383998370677,1.0,0.0,0.999616001629,1.0,0.0,0.0,0.0,0.000383998370677,1.0,0.0,0.999616001629,1.0,1.0,0.0,0.999616001629,1.0,0.0,0.0,0.0,0.000383998370677,,,,,,0.592720970537,0.481878088962,-0.110842881575,-0.187006849909,-1.54273156016,0.3,0.75,0.8,0.65,0.95,1.0,0.005,0.005
C,C3_surface,paired,shared,2000,,0.0,,,,,10000,10000,0,0.592380789676,0.497554998645,-0.0948257910309,-0.0948257910309,0.0,0.0171361348888,0.000171361348888,-0.160076256592,-0.160075736222,-0.2166215091,-0.103870132461,-0.128916856055,-0.0611640758407,0.0,0.0,0.0,0.000383998370677,1.0,0.0,0.999616001629,1.0,0.0,0.0,0.0,0.000383998370677,0.9824,0.00131492357192,0.979631401265,0.984798117107,1.0,0.0,0.999616001629,1.0,0.0,0.0,0.0,0.000383998370677,,,,,,0.592720970537,0.497950819672,-0.0947701508651,-0.159889991372,-0.324694956588,0.3,0.75,0.8,0.675,0.95,0.7,0.005,0.005
C,C3_surface,paired,shared,2000,,0.0,,,,,10000,10000,0,0.59269597212,0.497888963086,-0.0948070090349,-0.0948070090349,0.0,0.0165399023634,0.000165399023634,-0.159955340415,-0.15995892244,-0.213991500591,-0.105529510196,-0.127201786336,-0.0623303968631,0.0,0.0,0.0,0.000383998370677,1.0,0.0,0.999616001629,1.0,0.0,0.0,0.0,0.000383998370677,0.9844,0.00123921910896,0.981778519158,0.986649463221,1.0,0.0,0.999616001629,1.0,0.0,0.0,0.0,0.000383998370677,,,,,,0.592720970537,0.498232466063,-0.0944885044739,-0.159414816028,-1.92567376723,0.3,0.75,0.8,0.675,0.95,0.725,0.005,0.005
C,C3_surface,paired,shared,2000,,0.0,,,,,10000,10000,0,0.592641576358,0.498109664748,-0.0945319116101,-0.0945319116101,0.0,0.0160292633521,0.000160292633521,-0.159513893593,-0.159509415777,-0.211694239461,-0.106725301024,-0.12628918959,-0.0631625311579,0.0,0.0,0.0,0.000383998370677,1.0,0.0,0.999616001629,1.0,0.0,0.0,0.0,0.000383998370677,0.9868,0.00114130451677,0.984368784942,0.988857354244,1.0,0.0,0.999616001629,1.0,0.0,0.0,0.0,0.000383998370677,,,,,,0.592720970537,0.498495623632,-0.0942253469049,-0.158970833813,-1.91253146484,0.3,0.75,0.8,0.675,0.95,0.75,0.005,0.005
C,C3_surface,paired,shared,2000,,0.0,,,,,10000,10000,0,0.592697297688,0.498736449341,-0.0939608483478,-0.0939608483478,0.0,0.0155330732807,0.000155330732807,-0.158534281553,-0.158530920782,-0.209200144277,-0.109291426819,-0.124943138681,-0.0641627877443,0.0,0.0,0.0,0.000383998370677,1.0,0.0,0.999616001629,1.0,0.0,0.0,0.0,0.000383998370677,0.9911,0.000939190608982,0.989061355696,0.992761481104,1.0,0.0,0.999616001629,1.0,0.0,0.0,0.0,0.000383998370677,,,,,,0.592720970537,0.498742055085,-0.0939789154525,-0.158555070807,0.116313780025,0.3,0.75,0.8,0.675,0.95,0.775,0.005,0.005
C,C3_surface,paired,shared,2000,,0.0,,,,,10000,10000,0,0.592874988066,0.499210774417,-0.093664213649,-0.093664213649,0.0,0.0149280481067,0.000149280481067,-0.157981178976,-0.157983074905,-0.206389189095,-0.110031068894,-0.123797255229,-0.0651490616586,0.0,0.0,0.0,0.000383998370677,1.0,0.0,0.999616001629,1.0,0.0,0.0,0.0,0.000383998370677,0.9926,0.000857043756176,0.990720771165,0.99410091364,1.0,0.0,0.999616001629,1.0,0.0,0.0,0.0,0.000383998370677,,,,,,0.592720970537,0.498973305955,-0.0937476645824,-0.158164919486,0.559021064685,0.3,0.75,0.8,0.675,0.95,0.8,0.005,0.005
C,C3_surface,paired,shared,2000,,0.0,,,,,10000,10000,0,0.592972467579,0.499175702979,-0.0937967646003,-0.0937967646003,0.0,0.0146191031617,0.000146191031617,-0.158184111258,-0.158180640297,-0.205701115968,-0.11136654733,-0.122823716736,-0.0653749990102,0.0,0.0,0.0,0.000383998370677,1.0,0.0,0.999616001629,1.0,0.0,0.0,0.0,0.000383998370677,0.9935,0.000803601269287,0.991724408238,0.99489658537,1.0,0.0,0.999616001629,1.0,0.0,0.0,0.0,0.000383998370677,,,,,,0.592720970537,0.499190737052,-0.0935302334855,-0.15779808398,-1.82317007984,0.3,0.75,0.8,0.675,0.95,0.825,0.005,0.005
C,C3_surface,paired,shared,2000,,0.0,,,,,10000,10000,0,0.592511079859,0.499398879182,-0.0931122006769,-0.0931122006769,0.0,0.0139911123225,0.000139911123225,-0.157155686556,-0.157148454843,-0.202962296536,-0.112552646743,-0.120892933157,-0.0658878801124,0.0,0.0,0.0,0.000383998370677,1.0,0.0,0.999616001629,1.0,0.0,0.0,0.0,0.000383998370677,0.9941,0.000765845284637,0.992397579312,0.995422953498,1.0,0.0,0.999616001629,1.0,0.0,0.0,0.0,0.000383998370677,,,,,,0.592720970537,0.499395551257,-0.09332541928,-0.157452534867,1.52395748233,0.3,0.75,0.8,0.675,0.95,0.85,0.005,0.005
C,C3_surface,paired,shared,2000,,0.0,,,,,10000,10000,0,0.592777281175,0.499594338451,-0.0931829427239,-0.0931829427239,0.0,0.0135006261044,0.000135006261044,-0.157197802015,-0.157197223448,-0.20117817796,-0.113593984127,-0.119645481248,-0.0671848057712,0.0,0.0,0.0,0.000383998370677,1.0,0.0,0.999616001629,1.0,0.0,0.0,0.0,0.000383998370677,0.9955,0.00066930934552,0.993984428906,0.996635028708,1.0,0.0,0.999616001629,1.0,0.0,0.0,0.0,0.000383998370677,,,,,,0.592720970537,0.499588815789,-0.0931321547478,-0.157126471607,-0.376189783823,0.3,0.75,0.8,0.675,0.95,0.875,0.005,0.005
C,C3_surface,paired,shared,2000,,0.0,,,,,10000,10000,0,0.592803791405,0.49989312005,-0.0929106713547,-0.0929106713547,0.0,0.013010796206,0.00013010796206,-0.156730757896,-0.156730899333,-0.199035848954,-0.115863596498,-0.118974157127,-0.0680076460895,0.0,0.0,0.0,0.000383998370677,1.0,0.0,0.999616001629,1.0,0.0,0.0,0.0,0.000383998370677,0.9971,0.000537735064879,0.995838225453,0.997980003366,1.0,0.0,0.999616001629,1.0,0.0,0.0,0.0,0.000383998370677,,,,,,0.592720970537,0.499771480804,-0.0929494897329,-0.156818291158,0.298355131726,0.3,0.75,0.8,0.675,0.95,0.9,0.005,0.005
C,C3_surface,paired,shared,2000,,0.0,,,,,10000,10000,0,0.59271366396,0.499927461804,-0.0927862021558,-0.0927862021558,0.0,0.0125692502286,0.000125692502286,-0.15653029488,-0.156544732807,-0.196934962004,-0.117522734433,-0.117656041983,-0.0685593138766,0.0,0.0,0.0,0.000383998370677,1.0,0.0,0.999616001629,1.0,0.0,0.0,0.0,0.000383998370677,0.9981,0.000435475602072,0.997034204983,0.99878325584,1.0,0.0,0.999616001629,1.0,0.0,0.0,0.0,0.000383998370677,,,,,,0.592720970537,0.499944395018,-0.0927765755195,-0.156526561622,-0.0765887871796,0.3,0.75,0.8,0.675,0.95,0.925,0.005,0.005
C,C3_surface,paired,shared,2000,,0.0,,,,,10000,10000,0,0.592630677932,0.499852282642,-0.0927783952904,-0.0927783952904,0.0,0.0121089146018,0.000121089146018,-0.156552288002,-0.156553480515,-0.195965417867,-0.11884057971,-0.116838487973,-0.0697278131436,0.0,0.0,0.0,0.000383998370677,1.0,0.0,0.999616001629,1.0,0.0,0.0,0.0,0.000383998370677,0.9985,0.00038700775186,0.99752641545,0.999090738174,1.0,0.0,0.999616001629,1.0,0.0,0.0,0.0,0.000383998370677,,,,,,0.592720970537,0.500108318891,-0.0926126516464,-0.15625,-1.36877374532,0.3,0.75,0.8,0.675,0.95,0.95,0.005,0.005
C,C3_surface,paired,shared,2000,,0.0,,,,,10000,10000,0,0.592568754756,0.499973621069,-0.0925951336873,-0.0925951336873,0.0,0.012385139997,0.00012385139997,-0.156234139803,-0.15626057389,-0.195982605415,-0.117809886847,-0.117372320243,-0.0689382282357,0.0,0.0,0.0,0.000383998370677,1.0,0.0,0.999616001629,1.0,0.0,0.0,0.0,0.000383998370677,0.9984,0.000399679871898,0.997402363084,0.99901486734,1.0,0.0,0.999616001629,1.0,0.0,0.0,0.0,0.000383998370677,,,,,,0.592720970537,0.500263935811,-0.0924570347265,-0.155987453325,-1.11503754394,0.3,0.75,0.8,0.675,0.95,0.975,0.005,0.005
C,C3_surface,paired,shared,2000,,0.0,,,,,10000,10000,0,0.5927159212,0.500326979694,-0.0923889415056,-0.0923889415056,0.0,0.0126111973006,0.000126111973006,-0.155824807315,-0.155873898779,-0.195762612676,-0.116920517771,-0.117533486004,-0.0681723147551,0.0,0.0,0.0,0.000383998370677,1.0,0.0,0.999616001629,1.0,0.0,0.0,0.0,0.000383998370677,0.9986,0.000373903730925,0.997651238854,0.999165837971,1.0,0.0,0.999616001629,1.0,0.0,0.0,0.0,0.000383998370677,,,,,,0.592720970537,0.500411861614,-0.0923091089228,-0.155737882598,-0.633029370397,0.3,0.75,0.8,0.675,0.95,1.0,0.005,0.005
C,C3_surface,paired,shared,2000,,0.0,,,,,10000,10000,0,0.592950975119,0.516261090359,-0.0766898847597,-0.0766898847597,0.0,0.0163796201445,0.000163796201445,-0.129350398299,-0.129335961956,-0.1842764932,-0.0767857846288,-0.109259825298,-0.0451502184535,0.0,0.0,0.0,0.000383998370677,0.9983,0.00041195994951,0.997279014585,0.998938292639,0.0,0.0,0.0,0.000383998370677,0.8588,0.00348227741572,0.851837002823,0.865487439946,1.0,0.0,0.999616001629,1.0,0.0,0.0,0.0,0.000383998370677,,,,,,0.592720970537,0.516393442623,-0.0763275279143,-0.128774805867,-2.21224205538,0.3,0.75,0.8,0.7,0.95,0.7,0.005,0.005
C,C3_surface,paired,shared,2000,,0.0,,,,,10000,10000,0,0.59273577551,0.516406131172,-0.0763296443373,-0.0763296443373,0.0,0.0159304323505,0.000159304323505,-0.128783581356,-0.128775160014,-0.181116705624,-0.0780797485219,-0.108084495623,-0.0460832264681,0.0,0.0,0.0,0.000383998370677,0.9988,0.000346202253026,0.997903527544,0.999313395681,0.0,0.0,0.0,0.000383998370677,0.8618,0.00345109779635,0.854896913899,0.86842522488,1.0,0.0,0.999616001629,1.0,0.0,0.0,0.0,0.000383998370677,,,,,,0.592720970537,0.516685520362,-0.0760354501753,-0.128282031436,-1.8467431112,0.3,0.75,0.8,0.7,0.95,0.725,0.005,0.005
C,C3_surface,paired,shared,2000,,0.0,,,,,10000,10000,0,0.592642418947,0.516817618332,-0.0758248006151,-0.0758248006151,0.0,0.0153869846811,0.000153869846811,-0.127947549019,-0.127943593288,-0.177917661915,-0.0779177662555,-0.106179651692,-0.0459961811998,0.0,0.0,0.0,0.000383998370677,0.9987,0.000360320690497,0.997776911898,0.999240088127,0.0,0.0,0.0,0.000383998370677,0.8635,0.00343318729463,0.856631337347,0.870089495837,1.0,0.0,0.999616001629,1.0,0.0,0.0,0.0,0.000383998370677,,,,,,0.592720970537,0.516958424508,-0.0757625460296,-0.127821605436,-0.404592496597,0.3,0.75,0.8,0.7,0.95,0.75,0.005,0.005
C,C3_surface,paired,shared,2000,,0.0,,,,,10000,10000,0,0.592956589955,0.517430806714,-0.0755257832412,-0.0755257832412,0.0,0.0145422277955,0.000145422277955,-0.127382918933,-0.127371521829,-0.175532490918,-0.0804990544151,-0.10407406732,-0.0473933079888,0.0,0.0,0.0,0.000383998370677,0.9995,0.000223550889061,0.998829974054,0.999786411574,0.0,0.0,0.0,0.000383998370677,0.868,0.00338490767969,0.861224160264,0.874493216935,1.0,0.0,0.999616001629,1.0,0.0,0.0,0.0,0.000383998370677,,,,,,0.592720970537,0.517213983051,-0.0755069874864,-0.1273904438,-0.129249486984,0.3,0.75,0.8,0.7,0.95,0.775,0.005,0.005
C,C3_surface,paired,shared,2000,,0.0,,,,,10000,10000,0,0.592510204968,0.517158144594,-0.0753520603739,-0.0753520603739,0.0,0.0140251456252,0.000140251456252,-0.127179428781,-0.127174282809,-0.173990224438,-0.0833715626613,-0.103929693209,-0.048924351743,0.0,0.0,0.0,0.000383998370677,0.9996,0.000199959995999,0.998971871665,0.999844437163,0.0,0.0,0.0,0.000383998370677,0.8774,0.00327977499228,0.870826438802,0.883683719228,1.0,0.0,0.999616001629,1.0,0.0,0.0,0.0,0.000383998370677,,,,,,0.592720970537,0.517453798768,-0.0752671717693,-0.126985842429,-0.605260058733,0.3,0.75,0.8,0.7,0.95,0.8,0.005,0.005
C,C3_surface,paired,shared,2000,,0.0,,,,,10000,10000,0,0.592762966937,0.517691410913,-0.0750715560244,-0.0750715560244,0.0,0.0135026913684,0.000135026913684,-0.126650560649,-0.126646838976,-0.170488483674,-0.0824823722764,-0.101474728821,-0.0486195837908,0.0,0.0,0.0,0.000383998370677,0.9999,9.9994999875e-05,0.999433731103,0.999982347326,0.0,0.0,0.0,0.000383998370677,0.8822,0.00322371152556,0.87573438594,0.888372085705,1.0,0.0,0.999616001629,1.0,0.0,0.0,0.0,0.000383998370677,,,,,,0.592720970537,0.517679282869,-0.0750416876687,-0.126605420424,-0.221202979794,0.3,0.75,0.8,0.7,0.95,0.825,0.005,0.005
C,C3_surface,paired,shared,2000,,0.0,,,,,10000,10000,0,0.592407190269,0.517762078681,-0.0746451115873,-0.0746451115873,0.0,0.0128518601956,0.000128518601956,-0.126010187454,-0.126003047926,-0.167759876534,-0.0843933008389,-0.1003616884,-0.0499628788178,0.0,0.0,0.0,0.000383998370677,1.0,0.0,0.999616001629,1.0,0.0,0.0,0.0,0.000383998370677,0.8911,0.00311513707564,0.884843587009,0.897056049465,1.0,0.0,0.999616001629,1.0,0.0,0.0,0.0,0.000383998370677,,,,,,0.592720970537,0.517891682785,-0.074829287752,-0.126247073196,1.43307009137,0.3,0.75,0.8,0.7,0.95,0.85,0.005,0.005
C,C3_surface,paired,shared,2000,,0.0,,,,,10000,10000,0,0.592680365092,0.518206920623,-0.0744734444691,-0.0744734444691,0.0,0.0124221045011,0.000124221045011,-0.125649718632,-0.125655325966,-0.165837885495,-0.085023451468,-0.0987710365348,-0.0502407687528,0.0,0.0,0.0,0.000383998370677,1.0,0.0,0.999616001629,1.0,0.0,0.0,0.0,0.000383998370677,0.894,0.00307837619533,0.887814459711,0.899882949573,1.0,0.0,0.999616001629,1.0,0.0,0.0,0.0,0.000383998370677,,,,,,0.592720970537,0.518092105263,-0.0746288652741,-0.125908933518,1.2511632391,0.3,0.75,0.8,0.7,0.95,0.875,0.005,0.005
C,C3_surface,paired,shared,2000,,0.0,,,,,10000,10000,0,0.59277323628,0.518427191051,-0.0743460452287,-0.0743460452287,0.0,0.011981468982,0.00011981468982,-0.125416288824,-0.125420718545,-0.164593339067,-0.0872126392027,-0.0981889651434,-0.0510589079552,0.0,0.0,0.0,0.000383998370677,1.0,0.0,0.999616001629,1.0,0.0,0.0,0.0,0.000383998370677,0.9007,0.0029906439106,0.894683683429,0.906408580277,1.0,0.0,0.999616001629,1.0,0.0,0.0,0.0,0.000383998370677,,,,,,0.592720970537,0.518281535649,-0.0744394348883,-0.125589338978,0.779450830876,0.3,0.75,0.8,0.7,0.95,0.9,0.005,0.005
C,C3_surface,paired,shared,2000,,0.0,,,,,10000,10000,0,0.592612638952,0.518499071461,-0.0741135674913,-0.0741135674913,0.0,0.0113889509979,0.000113889509979,-0.125076445157,-0.125062414501,-0.162766746562,-0.0886512159956,-0.096857250241,-0.0521116187675,0.0,0.0,0.0,0.000383998370677,0.9999,9.9994999875e-05,0.999433731103,0.999982347326,0.0,0.0,0.0,0.000383998370677,0.9095,0.00286896758434,0.903718560582,0.914966944753,1.0,0.0,0.999616001629,1.0,0.0,0.0,0.0,0.000383998370677,,,,,,0.592720970537,0.518460854093,-0.0742601164447,-0.125286804645,1.28676428136,0.3,0.75,0.8,0.7,0.95,0.925,0.005,0.005
C,C3_surface,paired,shared,2000,,0.0,,,,,10000,10000,0,0.592399171634,0.518315628515,-0.0740835431192,-0.0740835431192,0.0,0.010874825256,0.00010874825256,-0.125053699981,-0.125056797286,-0.16091954023,-0.0904109589041,-0.0957099940763,-0.0530155453588,0.0,0.0,0.0,0.000383998370677,1.0,0.0,0.999616001629,1.0,0.0,0.0,0.0,0.000383998370677,0.9187,0.00273295279871,0.913181346462,0.923897093303,1.0,0.0,0.999616001629,1.0,0.0,0.0,0.0,0.000383998370677,,,,,,0.592720970537,0.51863084922,-0.0740901213172,-0.125,0.0604901488026,0.3,0.75,0.8,0.7,0.95,0.95,0.005,0.005
C,C3_surface,paired,shared,2000,,0.0,,,,,10000,10000,0,0.592979347677,0.518899975809,-0.0740793718688,-0.0740793718688,0.0,0.0111829819856,0.000111829819856,-0.124903245098,-0.124927406256,-0.160593291677,-0.0896325558435,-0.0965759522219,-0.052685157127,0.0,0.0,0.0,0.000383998370677,1.0,0.0,0.999616001629,1.0,0.0,0.0,0.0,0.000383998370677,0.9176,0.00274973162327,0.912048916581,0.92283036798,1.0,0.0,0.999616001629,1.0,0.0,0.0,0.0,0.000383998370677,,,,,,0.592720970537,0.51879222973,-0.0739287408075,-0.124727729374,-1.34696685952,0.3,0.75,0.8,0.7,0.95,0.975,0.005,0.005
C,C3_surface,paired,shared,2000,,0.0,,,,,10000,10000,0,0.592939316855,0.518994175627,-0.0739451412274,-0.0739451412274,0.0,0.0115326333555,0.000115326333555,-0.124655145809,-0.124709458667,-0.161279515155,-0.0881770187889,-0.0967465943198,-0.0518182922196,0.0,0.0,0.0,0.000383998370677,0.9999,9.9994999875e-05,0.999433731103,0.999982347326,0.0,0.0,0.0,0.000383998370677,0.9099,0.00286324972715,0.90412960293,0.915355595205,1.0,0.0,0.999616001629,1.0,0.0,0.0,0.0,0.000383998370677,,,,,,0.592720970537,0.518945634267,-0.0737753362704,-0.124468915287,-1.47238667704,0.3,0.75,0.8,0.7,0.95,1.0,0.005,0.005
C,C3_surface,paired,shared,2000,,0.0,,,,,10000,10000,0,0.592662547173,0.534782661799,-0.0578798853736,-0.0578798853736,0.0,0.0153923396295,0.000153923396295,-0.0976665184253,-0.0976607778738,-0.149260114625,-0.0487362964403,-0.0885302446517,-0.0284223910647,0.0,0.0,0.0,0.000383998370677,0.97,0.00170587221092,0.966471846149,0.973167195383,0.0,0.0,0.0,0.000383998370677,0.4567,0.00498121581544,0.446955484039,0.46647777022,0.9998,0.000141407213395,0.999271004156,0.999945151073,0.0004,0.000199959995999,0.000155562836623,0.00102812833536,,,,,,0.592720970537,0.534836065574,-0.0578849049635,-0.0976596203624,0.0326109611466,0.3,0.75,0.8,0.725,0.95,0.7,0.005,0.005
C,C3_surface,paired,shared,2000,,0.0,,,,,10000,10000,0,0.592740717031,0.535091795456,-0.0576489215745,-0.0576489215745,0.0,0.0149829082365,0.000149829082365,-0.0972711292715,-0.0972582444871,-0.147230660126,-0.0490089968922,-0.0869306617244,-0.0288777421571,0.0,0.0,0.0,0.000383998370677,0.9727,0.00162956159749,0.969320060383,0.975716907557,0.0,0.0,0.0,0.000383998370677,0.4556,0.00498024738341,0.445857803433,0.465376295622,0.9999,9.9994999875e-05,0.999433731103,0.999982347326,0.0004,0.000199959995999,0.000155562836623,0.00102812833536,,,,,,0.592720970537,0.535138574661,-0.0575823958766,-0.0971492468445,-0.444010580454,0.3,0.75,0.8,0.725,0.95,0.725,0.005,0.005
C,C3_surface,paired,shared,2000,,0.0,,,,,10000,10000,0,0.592909278848,0.535572888908,-0.05733638994,-0.05733638994,0.0,0.0140683423022,0.000140683423022,-0.0967147820842,-0.0967034789056,-0.143841351029,-0.0511675434433,-0.0851889344198,-0.03018594799,0.0,0.0,0.0,0.000383998370677,0.979,0.00143384099537,0.976000313608,0.981631815953,0.0,0.0,0.0,0.000383998370677,0.4371,0.0049602781172,0.427404023814,0.446844283181,1.0,0.0,0.999616001629,1.0,0.0,0.0,0.0,0.000383998370677,,,,,,0.592720970537,0.535421225383,-0.0572997451543,-0.0966723770586,-0.260476926411,0.3,0.75,0.8,0.725,0.95,0.75,0.005,0.005
C,C3_surface,paired,shared,2000,,0.0,,,,,10000,10000,0,0.592869908751,0.535702114217,-0.0571677945334,-0.0571677945334,0.0,0.0136138123852,0.000136138123852,-0.0964208607629,-0.0964255289223,-0.14321147304,-0.052165832612,-0.084702704468,-0.0307703048067,0.0,0.0,0.0,0.000383998370677,0.9791,0.0014304960678,0.976106813339,0.981725239422,0.0,0.0,0.0,0.000383998370677,0.4303,0.00495118076826,0.420624455148,0.440029074225,1.0,0.0,0.999616001629,1.0,0.0,0.0,0.0,0.000383998370677,,,,,,0.592720970537,0.535685911017,-0.0570350595203,-0.096225816793,-0.975002514845,0.3,0.75,0.8,0.725,0.95,0.775,0.005,0.005
C,C3_surface,paired,shared,2000,,0.0,,,,,10000,10000,0,0.592537874167,0.535689584553,-0.0568482896144,-0.0568482896144,0.0,0.0130802176344,0.000130802176344,-0.0959333811674,-0.095940347601,-0.140099058799,-0.0537738957174,-0.0834422345351,-0.0316183381079,0.0,0.0,0.0,0.000383998370677,0.9834,0.00127767131924,0.980703794591,0.985724955784,0.0,0.0,0.0,0.000383998370677,0.42,0.0049355850717,0.410358959595,0.429702480144,1.0,0.0,0.999616001629,1.0,0.0,0.0,0.0,0.000383998370677,,,,,,0.592720970537,0.535934291581,-0.0567866789562,-0.0958067653734,-0.471021659725,0.3,0.75,0.8,0.725,0.95,0.8,0.005,0.005
C,C3_surface,paired,shared,2000,,0.0,,,,,10000,10000,0,0.592810867795,0.536208484293,-0.0566023835022,-0.0566023835022,0.0,0.0124788393355,0.000124788393355,-0.0954769994526,-0.0954813526154,-0.136663888751,-0.0552034918195,-0.0812084766488,-0.0324262587334,0.0,0.0,0.0,0.000383998370677,0.9871,0.00112843209809,0.984693796024,0.989132112764,0.0,0.0,0.0,0.000383998370677,0.4046,0.00490814465964,0.395018624084,0.414254642806,1.0,0.0,0.999616001629,1.0,0.0,0.0,0.0,0.000383998370677,,,,,,0.592720970537,0.536167828685,-0.056553141852,-0.0954127568673,-0.394601203613,0.3,0.75,0.8,0.725,0.95,0.825,0.005,0.005
C,C3_surface,paired,shared,2000,,0.0,,,,,10000,10000,0,0.59277060962,0.536501992,-0.0562686176195,-0.0562686176195,0.0,0.0117068342367,0.000117068342367,-0.0949042718208,-0.0949247764757,-0.133302498419,-0.057456534274,-0.0796887401787,-0.0337980335211,0.0,0.0,0.0,0.000383998370677,0.9924,0.000868460707229,0.990498622669,0.993923215736,0.0,0.0,0.0,0.000383998370677,0.395,0.00488850692952,0.385460777234,0.404619862423,1.0,0.0,0.999616001629,1.0,0.0,0.0,0.0,0.000383998370677,,,,,,0.592720970537,0.536387814313,-0.0563331562239,-0.095041611524,0.5512899825,0.3,0.75,0.8,0.725,0.95,0.85,0.005,0.005
C,C3_surface,paired,shared,2000,,0.0,,,,,10000,10000,0,0.592548661953,0.536553211291,-0.0559954506626,-0.0559954506626,0.0,0.0113956106004,0.000113956106004,-0.0944983149957,-0.0944993285075,-0.133015162602,-0.0585348727075,-0.0787834805002,-0.034516044915,0.0,0.0,0.0,0.000383998370677,0.9928,0.000845467917783,0.990943225064,0.994278306142,0.0,0.0,0.0,0.000383998370677,0.379,0.00485138124661,0.369539643545,0.38855328406,1.0,0.0,0.999616001629,1.0,0.0,0.0,0.0,0.000383998370677,,,,,,0.592720970537,0.536595394737,-0.0561255758004,-0.0946913954294,1.14188824442,0.3,0.75,0.8,0.725,0.95,0.875,0.005,0.005
C,C3_surface,paired,shared,2000,,0.0,,,,,10000,10000,0,0.592981497387,0.537053828653,-0.0559276687338,-0.0559276687338,0.0,0.0106605337133,0.000106605337133,-0.0943239967368,-0.0943160435532,-0.129958881753,-0.0602660305046,-0.0774971677178,-0.0354984282151,0.0,0.0,0.0,0.000383998370677,0.9962,0.00061526904684,0.994788823142,0.997230096875,0.0,0.0,0.0,0.000383998370677,0.3678,0.00482206553253,0.358401368221,0.377300160948,1.0,0.0,0.999616001629,1.0,0.0,0.0,0.0,0.000383998370677,,,,,,0.592720970537,0.536791590494,-0.0559293800437,-0.0943603867988,0.0160527596329,0.3,0.75,0.8,0.725,0.95,0.9,0.005,0.005
C,C3_surface,paired,shared,2000,,0.0,,,,,10000,10000,0,0.59268105322,0.537116482199,-0.055564571021,-0.055564571021,0.0,0.0101593110543,0.000101593110543,-0.0937374610378,-0.0937512186683,-0.127537106848,-0.0617093100589,-0.0761327667989,-0.0362936355366,0.0,0.0,0.0,0.000383998370677,0.9969,0.00055591276294,0.995603246944,0.997815135475,0.0,0.0,0.0,0.000383998370677,0.3461,0.00475725540622,0.336836651151,0.355481543547,1.0,0.0,0.999616001629,1.0,0.0,0.0,0.0,0.000383998370677,,,,,,0.592720970537,0.536977313167,-0.05574365737,-0.0940470476681,1.76278044874,0.3,0.75,0.8,0.725,0.95,0.925,0.005,0.005
C,C3_surface,paired,shared,2000,,0.0,,,,,10000,10000,0,0.592625753286,0.53715069708,-0.0554750562064,-0.0554750562064,0.0,0.00956673097176,9.56673097176e-05,-0.093611208569,-0.0936089191177,-0.125373134328,-0.0634005763689,-0.0749130338558,-0.0375670840787,0.0,0.0,0.0,0.000383998370677,0.9988,0.000346202253026,0.997903527544,0.999313395681,0.0,0.0,0.0,0.000383998370677,0.3349,0.00471955495783,0.325714799288,0.344211996974,1.0,0.0,0.999616001629,1.0,0.0,0.0,0.0,0.000383998370677,,,,,,0.592720970537,0.537153379549,-0.0555675909879,-0.09375,0.96725602191,0.3,0.75,0.8,0.725,0.95,0.95,0.005,0.005
C,C3_surface,paired,shared,2000,,0.0,,,,,10000,10000,0,0.592986200583,0.537634747043,-0.05535145354,-0.05535145354,0.0,0.0100217758193,0.000100217758193,-0.0933058932776,-0.0933435777858,-0.12675453542,-0.0622895155775,-0.0761157133953,-0.0364068936111,0.0,0.0,0.0,0.000383998370677,0.9972,0.000528408932551,0.995956157751,0.998061994269,0.0,0.0,0.0,0.000383998370677,0.3362,0.00472408255643,0.327005431477,0.345520366389,1.0,0.0,0.999616001629,1.0,0.0,0.0,0.0,0.000383998370677,,,,,,0.592720970537,0.537320523649,-0.0554004468886,-0.0934680054232,0.488868934164,0.3,0.75,0.8,0.725,0.95,0.975,0.005,0.005
C,C3_surface,paired,shared,2000,,0.0,,,,,10000,10000,0,0.592931740672,0.537655074764,-0.0552766659084,-0.0552766659084,0.0,0.0104689373656,0.000104689373656,-0.0931675371827,-0.093226019315,-0.127337927294,-0.0602892500439,-0.0764501117966,-0.0351906180207,0.0,0.0,0.0,0.000383998370677,0.9958,0.000646711682282,0.994328104184,0.996891123032,0.0,0.0,0.0,0.000383998370677,0.3406,0.00473911004304,0.331374306174,0.349948112506,1.0,0.0,0.999616001629,1.0,0.0,0.0,0.0,0.000383998370677,,,,,,0.592720970537,0.537479406919,-0.055241563618,-0.0931999479754,-0.33529945937,0.3,0.75,0.8,0.725,0.95,1.0,0.005,0.005
C,C3_surface,paired,shared,2000,,0.0,,,,,10000,10000,0,0.592662547173,0.553239901846,-0.0394226453271,-0.0394226453271,0.0,0.0143928782025,0.000143928782025,-0.0665242971285,-0.0665178616654,-0.114844987835,-0.0197041666181,-0.0680357077041,-0.0116021782177,0.0,0.0,0.0,0.000383998370677,0.7507,0.00432607801594,0.742125856019,0.759081607198,0.0,0.0,0.0,0.000383998370677,0.0854,0.00279476009704,0.0800803148001,0.0910380966489,0.9973,0.000518913287554,0.996074405846,0.998143669374,0.0077,0.000874111548946,0.00616574404327,0.0096123407525,,,,,,0.592720970537,0.553278688525,-0.0394422820127,-0.0665444348576,0.136433347665,0.3,0.75,0.8,0.75,0.95,0.7,0.005,0.005
C,C3_surface,paired,shared,2000,,0.0,,,,,10000,10000,0,0.592740717031,0.553511813173,-0.0392289038579,-0.0392289038579,0.0,0.0139341644574,0.000139341644574,-0.0661946944483,-0.06618223235,-0.11272156848,-0.0213481071096,-0.0663274635558,-0.0125397938537,0.0,0.0,0.0,0.000383998370677,0.7532,0.00431149347674,0.744653462864,0.761552080361,0.0,0.0,0.0,0.000383998370677,0.0749,0.00263229918512,0.0699024344934,0.0802240409213,0.9979,0.000457776146168,0.996791606127,0.998626008295,0.007,0.000833726573884,0.00554461930955,0.00883400308393,,,,,,0.592720970537,0.553591628959,-0.039129341578,-0.0660164622529,-0.714519196128,0.3,0.75,0.8,0.75,0.95,0.725,0.005,0.005
C,C3_surface,paired,shared,2000,,0.0,,,,,10000,10000,0,0.592942278311,0.554075569684,-0.0388667086263,-0.0388667086263,0.0,0.0130022544047,0.000130022544047,-0.0655593333614,-0.0655488907572,-0.109022687413,-0.0233444702213,-0.0645730906121,-0.0135923350922,0.0,0.0,0.0,0.000383998370677,0.7588,0.00427811360298,0.750316693683,0.767084548761,0.0,0.0,0.0,0.000383998370677,0.059,0.00235624701591,0.0545489663825,0.0637897201804,0.999,0.000316069612586,0.998160055613,0.999456714014,0.0039,0.000623280835579,0.00285436086877,0.00532664231461,,,,,,0.592720970537,0.553884026258,-0.0388369442791,-0.0655231486813,-0.228916819611,0.3,0.75,0.8,0.75,0.95,0.75,0.005,0.005
C,C3_surface,paired,shared,2000,,0.0,,,,,10000,10000,0,0.59269569055,0.554073275266,-0.0386224152832,-0.0386224152832,0.0,0.0124621993879,0.000124621993879,-0.0651635517152,-0.0651639887029,-0.108321923896,-0.0240802505825,-0.0640723683401,-0.0142378769522,0.0,0.0,0.0,0.000383998370677,0.7658,0.00423497768589,0.757398495683,0.773997370783,0.0,0.0,0.0,0.000383998370677,0.0527,0.00223433905216,0.0484900114917,0.0572535134507,0.9994,0.00024487547856,0.998691475904,0.999724986524,0.0038,0.00061526904684,0.00276990312478,0.00521117685828,,,,,,0.592720970537,0.554157838983,-0.0385631315542,-0.0650611897859,-0.475708397646,0.3,0.75,0.8,0.75,0.95,0.775,0.005,0.005
C,C3_surface,paired,shared,2000,,0.0,,,,,10000,10000,0,0.592326449508,0.553918323706,-0.0384081258019,-0.0384081258019,0.0,0.0118038649976,0.000118038649976,-0.0648406855162,-0.0648428342745,-0.104964425087,-0.0264813624529,-0.0622348473232,-0.0157398686285,0.0,0.0,0.0,0.000383998370677,0.7717,0.00419736953341,0.763369892516,0.779821442769,0.0,0.0,0.0,0.000383998370677,0.0393,0.00194307771332,0.0356651694983,0.0432886466005,0.9997,0.000173179098046,0.999118264228,0.999897967801,0.002,0.000446766158074,0.00129511171254,0.00308735066465,,,,,,0.592720970537,0.554414784394,-0.038306186143,-0.0646276883173,-0.863612544658,0.3,0.75,0.8,0.75,0.95,0.8,0.005,0.005
C,C3_surface,paired,shared,2000,,0.0,,,,,10000,10000,0,0.593057371435,0.555022316242,-0.0380350551935,-0.0380350551935,0.0,0.0112443696074,0.000112443696074,-0.0641257260005,-0.0641338545399,-0.101701324446,-0.0273175611985,-0.0604352970036,-0.0161135451571,0.0,0.0,0.0,0.000383998370677,0.7752,0.00417450547969,0.766913331765,0.783275315532,0.0,0.0,0.0,0.000383998370677,0.0311,0.00173587989216,0.0278736859331,0.0346864277389,0.9996,0.000199959995999,0.998971871665,0.999844437163,0.0011,0.000331480014481,0.00061435065423,0.00196880292003,,,,,,0.592720970537,0.554656374502,-0.0380645960353,-0.064220093311,0.262716744749,0.3,0.75,0.8,0.75,0.95,0.825,0.005,0.005
C,C3_surface,paired,shared,2000,,0.0,,,,,10000,10000,0,0.592621693645,0.554837211004,-0.0377844826413,-0.0377844826413,0.0,0.0105623697612,0.000105623697612,-0.0637590676379,-0.0637581834186,-0.0985334068245,-0.0292435755335,-0.0585328833786,-0.0172268481951,0.0,0.0,0.0,0.000383998370677,0.78,0.00414246303544,0.771774249069,0.788010711844,0.0,0.0,0.0,0.000383998370677,0.0205,0.00141703034548,0.0179012340989,0.0234670203385,0.9998,0.000141407213395,0.999271004156,0.999945151073,0.0006,0.00024487547856,0.000275013476331,0.0013085240963,,,,,,0.592720970537,0.554883945841,-0.0378370246959,-0.0638361498524,0.497445703954,0.3,0.75,0.8,0.75,0.95,0.85,0.005,0.005
C,C3_surface,paired,shared,2000,,0.0,,,,,10000,10000,0,0.592437070477,0.555031515388,-0.0374055550891,-0.0374055550891,0.0,0.0098164320362,9.8164320362e-05,-0.0631419405302,-0.0631384444917,-0.0962069891662,-0.0315204398951,-0.0569753181384,-0.018570016704,0.0,0.0,0.0,0.000383998370677,0.7846,0.00411099549988,0.776434116853,0.792547311274,0.0,0.0,0.0,0.000383998370677,0.0147,0.00120349117155,0.0125206566672,0.0172520521514,1.0,0.0,0.999616001629,1.0,0.0005,0.000223550889061,0.000213588426164,0.00117002594614,,,,,,0.592720970537,0.555098684211,-0.0376222863267,-0.0634738573407,2.20784126895,0.3,0.75,0.8,0.75,0.95,0.875,0.005,0.005
C,C3_surface,paired,shared,2000,,0.0,,,,,10000,10000,0,0.592576619935,0.555243678068,-0.0373329418674,-0.0373329418674,0.0,0.00920229264594,9.20229264594e-05,-0.0630013948176,-0.0630010375223,-0.094123766718,-0.0337315849834,-0.0556237688138,-0.0196885348762,0.0,0.0,0.0,0.000383998370677,0.8008,0.0039939874812,0.792857072506,0.808511914074,0.0,0.0,0.0,0.000383998370677,0.01,0.000994987437107,0.00822933614815,0.0121469822551,1.0,0.0,0.999616001629,1.0,0.0002,0.000141407213395,5.48489273209e-05,0.000728995844007,,,,,,0.592720970537,0.555301645338,-0.0374193251991,-0.0631314346195,0.93871532906,0.3,0.75,0.8,0.75,0.95,0.9,0.005,0.005
C,C3_surface,paired,shared,2000,,0.0,,,,,10000,10000,0,0.592587411889,0.555399976184,-0.0371874357052,-0.0371874357052,0.0,0.0084476330892,8.4476330892e-05,-0.062756461277,-0.0627543463785,-0.0912739492203,-0.0360021469728,-0.0543269207077,-0.0212133650763,0.0,0.0,0.0,0.000383998370677,0.8186,0.00385349244193,0.810925410973,0.826029905265,0.0,0.0,0.0,0.000383998370677,0.0067,0.000815788575551,0.00527963331754,0.00849921947497,1.0,0.0,0.999616001629,1.0,0.0001,9.9994999875e-05,1.76526736011e-05,0.000566268897401,,,,,,0.592720970537,0.555493772242,-0.0372271982953,-0.0628072906911,0.470695041167,0.3,0.75,0.8,0.75,0.95,0.925,0.005,0.005
C,C3_surface,paired,shared,2000,,0.0,,,,,10000,10000,0,0.592696533332,0.555619994263,-0.0370765390695,-0.0370765390695,0.0,0.00786525708568,7.86525708568e-05,-0.0625582276416,-0.0625556874123,-0.0890207715134,-0.037853284792,-0.0532859680284,-0.0222602739726,0.0,0.0,0.0,0.000383998370677,0.8311,0.00374663569086,0.82362989636,0.838315819919,0.0,0.0,0.0,0.000383998370677,0.0036,0.000598919026246,0.00260160363878,0.00497962994363,1.0,0.0,0.999616001629,1.0,0.0,0.0,0.0,0.000383998370677,,,,,,0.592720970537,0.555675909879,-0.0370450606586,-0.0625,-0.400221004041,0.3,0.75,0.8,0.75,0.95,0.95,0.005,0.005
C,C3_surface,paired,shared,2000,,0.0,,,,,10000,10000,0,0.592654310278,0.555977392234,-0.0366769180441,-0.0366769180441,0.0,0.00837374510833,8.37374510833e-05,-0.0618547145338,-0.0618858538748,-0.090019642226,-0.0355243290891,-0.0541318657081,-0.0208714901577,0.0,0.0,0.0,0.000383998370677,0.8,0.004,0.792045603449,0.807723997529,0.0,0.0,0.0,0.000383998370677,0.0045,0.00066930934552,0.00336497129159,0.00601557109375,1.0,0.0,0.999616001629,1.0,0.0,0.0,0.0,0.000383998370677,,,,,,0.592720970537,0.555848817568,-0.0368721529697,-0.0622082814723,2.3315126389,0.3,0.75,0.8,0.75,0.95,0.975,0.005,0.005
C,C3_surface,paired,shared,2000,,0.0,,,,,10000,10000,0,0.59293903985,0.556256033719,-0.0366830061309,-0.0366830061309,0.0,0.00892553098338,8.92553098338e-05,-0.0618000343085,-0.0618664039059,-0.0915092435707,-0.0339958730024,-0.0550300181426,-0.0198863979461,0.0,0.0,0.0,0.000383998370677,0.7896,0.00407592737914,0.781500883041,0.797476705103,0.0,0.0,0.0,0.000383998370677,0.0062,0.000784956049725,0.00483978481188,0.007939451979,1.0,0.0,0.999616001629,1.0,0.0001,9.9994999875e-05,1.76526736011e-05,0.000566268897401,,,,,,0.592720970537,0.556013179572,-0.0367077909656,-0.0619309806642,0.277684708194,0.3,0.75,0.8,0.75,0.95,1.0,0.005,0.005
C,C3_surface,paired,shared,2000,,0.0,,,,,10000,10000,0,0.592662547173,0.571704983882,-0.0209575632911,-0.0209575632911,0.0,0.0132774839721,0.000132774839721,-0.0353665917978,-0.0353617136616,-0.0799145394015,0.00831549826616,-0.0471483698308,0.00485841966778,0.0001,9.9994999875e-05,1.76526736011e-05,0.000566268897401,0.2517,0.00433989757944,0.243290402682,0.260300290909,0.0,0.0,0.0,0.000383998370677,0.0023,0.000479031314217,0.00153315449588,0.00344907748229,0.9448,0.0022837022573,0.940150824477,0.949107570572,0.1013,0.00301725554105,0.0955385416406,0.10736765866,,,,,,0.592720970537,0.571721311475,-0.0209996590619,-0.0354292493529,0.317046293313,0.3,0.75,0.8,0.775,0.95,0.7,0.005,0.005
C,C3_surface,paired,shared,2000,,0.0,,,,,10000,10000,0,0.592740717031,0.571946523975,-0.0207941930557,-0.0207941930557,0.0,0.0127447350554,0.000127447350554,-0.0350946112779,-0.0350814318271,-0.0773362328557,0.00630073469165,-0.0455775191598,0.00369967157989,0.0,0.0,0.0,0.000383998370677,0.2416,0.00428053080821,0.233310563065,0.250087887293,0.0,0.0,0.0,0.000383998370677,0.0022,0.000468525346166,0.00145334957779,0.00332895920005,0.9494,0.00219179469841,0.944928951924,0.95352591034,0.105,0.00306553421119,0.0991425817943,0.111160776919,,,,,,0.592720970537,0.572044683258,-0.0206762872793,-0.0348836776613,-0.925133208517,0.3,0.75,0.8,0.775,0.95,0.725,0.005,0.005
C,C3_surface,paired,shared,2000,,0.0,,,,,10000,10000,0,0.592942278311,0.572536290859,-0.0204059874515,-0.0204059874515,0.0,0.0117877444599,0.000117877444599,-0.0344242258896,-0.0344147958376,-0.0737113096907,0.00415861335822,-0.0438525792483,0.00248662189777,0.0,0.0,0.0,0.000383998370677,0.2154,0.00411099549988,0.207452688726,0.223565883147,0.0,0.0,0.0,0.000383998370677,0.0005,0.000223550889061,0.000213588426164,0.00117002594614,0.9591,0.00198058551949,0.955038573596,0.9628088391,0.0935,0.00291131842985,0.0879489766551,0.0993632140202,,,,,,0.592720970537,0.572346827133,-0.0203741434038,-0.034373920304,-0.270145385682,0.3,0.75,0.8,0.775,0.95,0.75,0.005,0.005
C,C3_surface,paired,shared,2000,,0.0,,,,,10000,10000,0,0.59269569055,0.57252670555,-0.020168985,-0.020168985,0.0,0.011182635321,0.00011182635321,-0.0340302866233,-0.0340292418547,-0.0721231041652,0.00266693518046,-0.0428800256334,0.00155923734914,0.0,0.0,0.0,0.000383998370677,0.1941,0.0039550624521,0.186466283505,0.201968646698,0.0,0.0,0.0,0.000383998370677,0.0003,0.000173179098046,0.000102032199418,0.000881735772236,0.9645,0.00185039860571,0.96069123015,0.967952035363,0.0897,0.00285751482936,0.0842557876826,0.0954593213804,,,,,,0.592720970537,0.572629766949,-0.0200912035881,-0.0338965627788,-0.695555292862,0.3,0.75,0.8,0.775,0.95,0.775,0.005,0.005
C,C3_surface,paired,shared,2000,,0.0,,,,,10000,10000,0,0.592326449508,0.572393481769,-0.0199329677393,-0.0199329677393,0.0,0.0104265916598,0.000104265916598,-0.0336510344732,-0.0336519967255,-0.0692069488218,0.000532628062261,-0.0409453804519,0.000327354805407,0.0,0.0,0.0,0.000383998370677,0.1745,0.0037953886494,0.167186544578,0.182063438362,0.0,0.0,0.0,0.000383998370677,0.0002,0.000141407213395,5.48489273209e-05,0.000728995844007,0.9729,0.00162374844111,0.969531352173,0.975905462168,0.0802,0.00271602577307,0.0750364712834,0.0856859337486,,,,,,0.592720970537,0.572895277207,-0.0198256933299,-0.0334486112612,-1.02885403871,0.3,0.75,0.8,0.775,0.95,0.8,0.005,0.005
C,C3_surface,paired,shared,2000,,0.0,,,,,10000,10000,0,0.593057371435,0.573474130171,-0.0195832412645,-0.0195832412645,0.0,0.00975129865912,9.75129865912e-05,-0.0330138276798,-0.0330208209319,-0.0653596221506,-0.000587870253647,-0.0388353246711,-0.000349136874593,0.0,0.0,0.0,0.000383998370677,0.1514,0.00358438335003,0.144508673079,0.158559050585,0.0,0.0,0.0,0.000383998370677,0.0,0.0,0.0,0.000383998370677,0.9779,0.0014700880926,0.974829881507,0.98060309285,0.0717,0.00257990523082,0.0668062416135,0.0769226913908,,,,,,0.592720970537,0.573144920319,-0.0195760502185,-0.0330274297547,-0.0737444953143,0.3,0.75,0.8,0.775,0.95,0.825,0.005,0.005
C,C3_surface,paired,shared,2000,,0.0,,,,,10000,10000,0,0.592621693645,0.573283470578,-0.0193382230674,-0.0193382230674,0.0,0.0090122914449,9.0122914449e-05,-0.032632416772,-0.0326316489504,-0.0625856675804,-0.00284288552019,-0.0369171757178,-0.00167711199939,0.0,0.0,0.0,0.000383998370677,0.1267,0.00332636603518,0.120323464829,0.133363228355,0.0,0.0,0.0,0.000383998370677,0.0,0.0,0.0,0.000383998370677,0.9843,0.00124312147435,0.98167093572,0.986557123459,0.0662,0.00248631373724,0.0614915820098,0.0712415749766,,,,,,0.592720970537,0.573380077369,-0.0193408931678,-0.0326306881808,0.0296273194712,0.3,0.75,0.8,0.775,0.95,0.85,0.005,0.005
C,C3_surface,paired,shared,2000,,0.0,,,,,10000,10000,0,0.592437070477,0.573521986454,-0.0189150840228,-0.0189150840228,0.0,0.00816835913623,8.16835913623e-05,-0.0319303138804,-0.0319275834774,-0.0594350521163,-0.00556298124137,-0.0350929652122,-0.00322624359613,0.0,0.0,0.0,0.000383998370677,0.0961,0.00294728332537,0.0904775548269,0.102032639057,0.0,0.0,0.0,0.000383998370677,0.0,0.0,0.0,0.000383998370677,0.9914,0.000923365583071,0.989392074806,0.993030531595,0.0513,0.00220608952674,0.0471458420422,0.0557987580957,,,,,,0.592720970537,0.573601973684,-0.0191189968531,-0.0322563192521,2.49637444768,0.3,0.75,0.8,0.775,0.95,0.875,0.005,0.005
C,C3_surface,paired,shared,2000,,0.0,,,,,10000,10000,0,0.592576619935,0.573726008013,-0.0188506119226,-0.0188506119226,0.0,0.00738764746975,7.38764746975e-05,-0.0318112234041,-0.0318112650557,-0.0566775050871,-0.00773756492741,-0.0336938000168,-0.004584936244,0.0,0.0,0.0,0.000383998370677,0.0747,0.00262906656439,0.0697088402905,0.0800177887236,0.0,0.0,0.0,0.000383998370677,0.0,0.0,0.0,0.000383998370677,0.9952,0.000691155554127,0.993642180248,0.996377507766,0.0369,0.00188516285769,0.0333794100858,0.0407762492051,,,,,,0.592720970537,0.573811700183,-0.0189092703544,-0.0319024824401,0.794006916229,0.3,0.75,0.8,0.775,0.95,0.9,0.005,0.005
C,C3_surface,paired,shared,2000,,0.0,,,,,10000,10000,0,0.592587411889,0.573915892638,-0.0186715192514,-0.0186715192514,0.0,0.00647494753446,6.47494753446e-05,-0.031510516748,-0.0315084641975,-0.0536985638203,-0.0109717025262,-0.0318868516876,-0.006458763912,0.0,0.0,0.0,0.000383998370677,0.0464,0.00210349803898,0.0424485143794,0.0506998489425,0.0,0.0,0.0,0.000383998370677,0.0,0.0,0.0,0.000383998370677,0.9987,0.000360320690497,0.997776911898,0.999240088127,0.0196,0.00138621210498,0.0170618120835,0.0225071335511,,,,,,0.592720970537,0.574010231317,-0.0187107392205,-0.0315675337142,0.605718716628,0.3,0.75,0.8,0.775,0.95,0.925,0.005,0.005
C,C3_surface,paired,shared,2000,,0.0,,,,,10000,10000,0,0.592696533332,0.574151199631,-0.0185453337012,-0.0185453337012,0.0,0.00561845017832,5.61845017832e-05,-0.0312917918524,-0.0312897623966,-0.050748798381,-0.0142857142857,-0.030303030303,-0.00850340136054,0.0,0.0,0.0,0.000383998370677,0.0291,0.0016808685255,0.0259820558887,0.0325795937769,0.0,0.0,0.0,0.000383998370677,0.0,0.0,0.0,0.000383998370677,1.0,0.0,0.999616001629,1.0,0.0061,0.000778639197575,0.00475210315987,0.00782721043068,,,,,,0.592720970537,0.574198440208,-0.0185225303293,-0.03125,-0.405865874243,0.3,0.75,0.8,0.775,0.95,0.95,0.005,0.005
C,C3_surface,paired,shared,2000,,0.0,,,,,10000,10000,0,0.592765242389,0.574582846783,-0.0181823956063,-0.0181823956063,0.0,0.00644628838217,6.44628838217e-05,-0.0306399999932,-0.0306738558641,-0.0526849619352,-0.010474410269,-0.0317074726321,-0.00615473470096,0.0,0.0,0.0,0.000383998370677,0.039,0.0019359493795,0.0353792328169,0.0429748136809,0.0,0.0,0.0,0.000383998370677,0.0,0.0,0.0,0.000383998370677,0.9991,0.000299864969611,0.998290269887,0.999526422939,0.0222,0.00147333499246,0.0194905214431,0.0252764273999,,,,,,0.592720970537,0.574377111486,-0.0183438590508,-0.0309485575213,2.5047505624,0.3,0.75,0.8,0.775,0.95,0.975,0.005,0.005
C,C3_surface,paired,shared,2000,,0.0,,,,,10000,10000,0,0.592700454197,0.574587088602,-0.0181133655941,-0.0181133655941,0.0,0.00707441616742,7.07441616742e-05,-0.0304961146592,-0.0305607418821,-0.0538336877505,-0.00786344111401,-0.0325005754035,-0.00457040299832,0.0,0.0,0.0,0.000383998370677,0.0504,0.00218768919182,0.0462822019716,0.0548630893633,0.0,0.0,0.0,0.000383998370677,0.0,0.0,0.0,0.000383998370677,0.9968,0.000564779603031,0.995486173073,0.997732286146,0.0385,0.00192399974012,0.0349028065619,0.0424516239342,,,,,,0.592720970537,0.574546952224,-0.0181740183132,-0.030662013353,0.857352997954,0.3,0.75,0.8,0.775,0.95,1.0,0.005,0.005
C,C3_surface,paired,shared,2000,,0.0,,,,,10000,10000,0,0.592673205177,0.590094615418,-0.00257858975895,-0.00257858975895,0.0,0.0122436686288,0.000122436686288,-0.00436272127977,-0.00435077836559,-0.044873986933,0.0363215156754,-0.0266641738846,0.0215232390717,0.0046,0.000676671264352,0.0034506598702,0.00612980571547,0.0142,0.00118314665194,0.0120605741398,0.0167125186772,0.0,0.0,0.0,0.000383998370677,0.0,0.0,0.0,0.000383998370677,0.5858,0.00492583353353,0.576114394217,0.595419711662,0.3601,0.00480029155365,0.350746975989,0.369560466755,,,,,,0.592720970537,0.590163934426,-0.00255703611103,-0.00431406384815,-0.176039131504,0.3,0.75,0.8,0.8,0.95,0.7,0.005,0.005
C,C3_surface,paired,shared,2000,,0.0,,,,,10000,10000,0,0.592643099236,0.590385773417,-0.00225732581942,-0.00225732581942,0.0,0.0113152096486,0.000113152096486,-0.00382226279627,-0.00380891268678,-0.0413112572816,0.0338249590419,-0.0243987461878,0.0201175698379,0.0027,0.000518913287554,0.00185633062578,0.0039255941537,0.008,0.000890842298053,0.0064330500512,0.00994480434555,0.0,0.0,0.0,0.000383998370677,0.0,0.0,0.0,0.000383998370677,0.5823,0.00493180200332,0.572604047028,0.59193274684,0.3941,0.00488656515356,0.384564926418,0.403716404437,,,,,,0.592720970537,0.590497737557,-0.0022232329807,-0.00375089306978,-0.301300990205,0.3,0.75,0.8,0.8,0.95,0.725,0.005,0.005
C,C3_surface,paired,shared,2000,,0.0,,,,,10000,10000,0,0.592569613331,0.590749185564,-0.00182042776764,-0.00182042776764,0.0,0.0104909680046,0.000104909680046,-0.00309015490088,-0.00307209098591,-0.0378771141075,0.0322228734392,-0.0225401411137,0.0190392707387,0.002,0.000446766158074,0.00129511171254,0.00308735066465,0.0038,0.00061526904684,0.00276990312478,0.00521117685828,0.0,0.0,0.0,0.000383998370677,0.0,0.0,0.0,0.000383998370677,0.5737,0.00494538481819,0.563980743047,0.583362655593,0.4253,0.00494388420172,0.415640667853,0.435016701504,,,,,,0.592720970537,0.590809628009,-0.00191134252851,-0.00322469192675,0.866600306345,0.3,0.75,0.8,0.8,0.95,0.75,0.005,0.005
C,C3_surface,paired,shared,2000,,0.0,,,,,10000,10000,0,0.592751259023,0.591134812414,-0.00161644660988,-0.00161644660988,0.0,0.00968411728085,9.68411728085e-05,-0.00273661871599,-0.00272702349472,-0.035162666729,0.0294507648644,-0.0207595527256,0.0174365112094,0.0007,0.0002644825136,0.000339126331688,0.00144433444127,0.0024,0.000489309717868,0.0016133788094,0.0035687763691,0.0,0.0,0.0,0.000383998370677,0.0,0.0,0.0,0.000383998370677,0.5689,0.00495230037457,0.559169039858,0.578578045166,0.4623,0.00498576684172,0.45254441895,0.472084534528,,,,,,0.592720970537,0.591101694915,-0.00161927562201,-0.00273193577163,0.0292129065198,0.3,0.75,0.8,0.8,0.95,0.775,0.005,0.005
C,C3_surface,paired,shared,2000,,0.0,,,,,10000,10000,0,0.592635783606,0.59119362597,-0.00144215763575,-0.00144215763575,0.0,0.00879983962828,8.79983962828e-05,-0.00244150513466,-0.00243346364773,-0.0318735146796,0.0270593537709,-0.0188525353399,0.0159358972333,0.0003,0.000173179098046,0.000102032199418,0.000881735772236,0.0005,0.000223550889061,0.000213588426164,0.00117002594614,0.0,0.0,0.0,0.000383998370677,0.0,0.0,0.0,0.000383998370677,0.5701,0.00495061602227,0.560371878416,0.579774285012,0.5017,0.00499997109992,0.491901465629,0.511497228777,,,,,,0.592720970537,0.591375770021,-0.00134520051673,-0.00226953420512,-1.10180552277,0.3,0.75,0.8,0.8,0.95,0.8,0.005,0.005
C,C3_surface,paired,shared,2000,,0.0,,,,,10000,10000,0,0.59263717286,0.591555462289,-0.00108171057075,-0.00108171057075,0.0,0.00791619156009,7.91619156009e-05,-0.00183213241777,-0.0018252492761,-0.0276044031767,0.0251103941443,-0.0165545639462,0.0149466261829,0.0002,0.000141407213395,5.48489273209e-05,0.000728995844007,0.0001,9.9994999875e-05,1.76526736011e-05,0.000566268897401,0.0,0.0,0.0,0.000383998370677,0.0,0.0,0.0,0.000383998370677,0.5551,0.00496954716247,0.545340555524,0.564817127856,0.544,0.00498060237321,0.534223162612,0.553743045531,,,,,,0.592720970537,0.591633466135,-0.0010875044018,-0.00183476619836,0.0731896266741,0.3,0.75,0.8,0.8,0.95,0.825,0.005,0.005
C,C3_surface,paired,shared,2000,,0.0,,,,,10000,10000,0,0.592923719615,0.591995820044,-0.000927899570895,-0.000927899570895,0.0,0.00705627228841,7.05627228841e-05,-0.00156571725242,-0.00156495606467,-0.0248460578562,0.0223908153732,-0.0147130800238,0.0132729001779,0.0,0.0,0.0,0.000383998370677,0.0,0.0,0.0,0.000383998370677,0.0,0.0,0.0,0.000383998370677,0.0,0.0,0.0,0.000383998370677,0.5574,0.0049669431243,0.547644773197,0.567111143791,0.596,0.00490697462802,0.586347418678,0.605578853635,,,,,,0.592720970537,0.591876208897,-0.000844761639776,-0.00142522650921,-1.17821319417,0.3,0.75,0.8,0.8,0.95,0.85,0.005,0.005
C,C3_surface,paired,shared,2000,,0.0,,,,,10000,10000,0,0.592711984525,0.592023999507,-0.000687985018202,-0.000687985018202,0.0,0.00592968696852,5.92968696852e-05,-0.00116314838694,-0.00116074085924,-0.0204856819478,0.0185980858936,-0.0121264755566,0.0110316964526,0.0,0.0,0.0,0.000383998370677,0.0,0.0,0.0,0.000383998370677,0.0,0.0,0.0,0.000383998370677,0.0,0.0,0.0,0.000383998370677,0.5521,0.00497278181705,0.542335371378,0.561824615992,0.6786,0.00467013961247,0.669379613069,0.687683222713,,,,,,0.592720970537,0.592105263158,-0.000615707379367,-0.00103878116344,-1.21891154151,0.3,0.75,0.8,0.8,0.95,0.875,0.005,0.005
C,C3_surface,paired,shared,2000,,0.0,,,,,10000,10000,0,0.592987156153,0.592619076721,-0.000368079432225,-0.000368079432225,0.0,0.00479599443522,4.79599443522e-05,-0.000621103520851,-0.000620720749861,-0.0161637452244,0.015790290755,-0.00957463401221,0.00921886490828,0.0,0.0,0.0,0.000383998370677,0.0,0.0,0.0,0.000383998370677,0.0,0.0,0.0,0.000383998370677,0.0,0.0,0.0,0.000383998370677,0.5389,0.00498484493239,0.529116810541,0.548653314386,0.7825,0.00412545452041,0.774306602989,0.790476437931,,,,,,0.592720970537,0.592321755027,-0.000399215509839,-0.000673530260753,0.649210044643,0.3,0.75,0.8,0.8,0.95,0.9,0.005,0.005
C,C3_surface,paired,shared,2000,,0.0,,,,,10000,10000,0,0.593092863606,0.592916145791,-0.000176717815653,-0.000176717815653,0.0,0.00335281295376,3.35281295376e-05,-0.000297169899639,-0.000297959774088,-0.0110163693019,0.0111396620391,-0.00650860848376,0.00662570481194,0.0,0.0,0.0,0.000383998370677,0.0,0.0,0.0,0.000383998370677,0.0,0.0,0.0,0.000383998370677,0.0,0.0,0.0,0.000383998370677,0.5327,0.00498929564167,0.522910473133,0.542464413373,0.922,0.00268171586862,0.916580397537,0.927095507838,,,,,,0.592720970537,0.592526690391,-0.000194280145803,-0.000327776737217,0.52380882536,0.3,0.75,0.8,0.8,0.95,0.925,0.005,0.005
C,C3_surface,paired,shared,2000,,0.0,,,,,10000,10000,0,0.592720962073,0.592720962073,0.0,0.0,0.0,0.0,0.0,0.0,0.0,0.0,0.0,0.0,0.0,0.0,0.0,0.0,0.000383998370677,0.0,0.0,0.0,0.000383998370677,0.0,0.0,0.0,0.000383998370677,0.0,0.0,0.0,0.000383998370677,0.0,0.0,0.0,0.000383998370677,1.0,0.0,0.999616001629,1.0,,,,,,0.592720970537,0.592720970537,0.0,0.0,0.0,0.3,0.75,0.8,0.8,0.95,0.95,0.005,0.005
C,C3_surface,paired,shared,2000,,0.0,,,,,10000,10000,0,0.592301807341,0.592465125327,0.000163317986195,0.000163317986195,0.0,0.00327364849788,3.27364849788e-05,0.000306454741802,0.000275734404608,-0.0108765792088,0.0109306510584,-0.00646291278703,0.0063884746781,0.0,0.0,0.0,0.000383998370677,0.0,0.0,0.0,0.000383998370677,0.0,0.0,0.0,0.000383998370677,0.0,0.0,0.0,0.000383998370677,0.4691,0.00499044276593,0.459332648404,0.478891082695,0.9291,0.00256657729282,0.923903094742,0.933967357856,,,,,,0.592720970537,0.592905405405,0.000184434868144,0.000311166429587,-0.645056485505,0.3,0.75,0.8,0.8,0.95,0.975,0.005,0.005
C,C3_surface,paired,shared,2000,,0.0,,,,,10000,10000,0,0.592480611523,0.592786927373,0.000306315850316,0.000306315850316,0.0,0.00456957758503,4.56957758503e-05,0.000574734754508,0.000517005694969,-0.0148961618773,0.0154072007723,-0.0089039471223,0.00900824861086,0.0,0.0,0.0,0.000383998370677,0.0,0.0,0.0,0.000383998370677,0.0,0.0,0.0,0.000383998370677,0.0,0.0,0.0,0.000383998370677,0.4694,0.00499062761584,0.459632171115,0.479191329586,0.802,0.00398492158016,0.794074368368,0.809693696616,,,,,,0.592720970537,0.593080724876,0.00035975433918,0.000606953958207,-1.16944045416,0.3,0.75,0.8,0.8,0.95,1.0,0.005,0.005
C,C3_surface,paired,shared,2000,,0.0,,,,,10000,10000,0,0.592603591762,0.608446273071,0.0158426813094,0.0158426813094,0.0,0.0131898586351,0.000131898586351,0.0268110679355,0.0267340284968,-0.0172071988117,0.0706188799924,-0.0102458965564,0.0417125591194,0.1498,0.00356875272329,0.142939899689,0.15692905277,0.0003,0.000173179098046,0.000102032199418,0.000881735772236,0.0006,0.00024487547856,0.000275013476331,0.0013085240963,0.0,0.0,0.0,0.000383998370677,0.1152,0.00319263151648,0.109089776608,0.121605748538,0.1777,0.00382260003139,0.17033202057,0.185315504779,,,,,,0.592720970537,0.608606557377,0.0158855868398,0.0268011216566,-0.325291813406,0.3,0.75,0.8,0.825,0.95,0.7,0.005,0.005
C,C3_surface,paired,shared,2000,,0.0,,,,,10000,10000,0,0.592325168819,0.608767299315,0.0164421304956,0.0164421304956,0.0,0.0124702467328,0.000124702467328,0.027836988488,0.0277586220562,-0.0134671428571,0.0693255465022,-0.00797970112603,0.0406548997199,0.1491,0.00356187015485,0.142253647803,0.156215842254,0.0,0.0,0.0,0.000383998370677,0.0004,0.000199959995999,0.000155562836623,0.00102812833536,0.0,0.0,0.0,0.000383998370677,0.0939,0.00291689543865,0.08833790269,0.0997739807867,0.1653,0.00371451086955,0.158148480085,0.172708568425,,,,,,0.592720970537,0.608950791855,0.0162298213179,0.0273818915218,1.70252587793,0.3,0.75,0.8,0.825,0.95,0.725,0.005,0.005
C,C3_surface,paired,shared,2000,,0.0,,,,,10000,10000,0,0.592591624026,0.609272706467,0.016681082441,0.016681082441,0.0,0.0117708782306,0.000117708782306,0.0282416747352,0.0281493726282,-0.0102312169207,0.0685193361747,-0.00614535303592,0.0399327252633,0.1417,0.00348742182708,0.135002293048,0.148672880184,0.0001,9.9994999875e-05,1.76526736011e-05,0.000566268897401,0.0003,0.000173179098046,0.000102032199418,0.000881735772236,0.0,0.0,0.0,0.000383998370677,0.0754,0.00264035679407,0.0703864668307,0.0807396245857,0.1537,0.00360660934951,0.146764260618,0.160901696654,,,,,,0.592720970537,0.609272428884,0.0165514583468,0.0279245364505,1.101227043,0.3,0.75,0.8,0.825,0.95,0.75,0.005,0.005
C,C3_surface,paired,shared,2000,,0.0,,,,,10000,10000,0,0.592582344133,0.609493421169,0.0169110770354,0.0169110770354,0.0,0.011091140028,0.00011091140028,0.028628266028,0.0285379360402,-0.00747284851428,0.0664897775989,-0.00439128217172,0.0391769690078,0.1322,0.00338708074896,0.125702450546,0.138980018656,0.0,0.0,0.0,0.000383998370677,0.0002,0.000141407213395,5.48489273209e-05,0.000728995844007,0.0,0.0,0.0,0.000383998370677,0.0635,0.00243860103338,0.0588860241318,0.0684492064458,0.1442,0.00351292413809,0.137451388207,0.151221865033,,,,,,0.592720970537,0.609573622881,0.0168526523441,0.0284326912355,0.526769035216,0.3,0.75,0.8,0.825,0.95,0.775,0.005,0.005
C,C3_surface,paired,shared,2000,,0.0,,,,,10000,10000,0,0.592756498543,0.609806750372,0.017050251829,0.017050251829,0.0,0.0103549309032,0.000103549309032,0.0288614231864,0.0287643439944,-0.00433539695536,0.06397658801,-0.00256552183419,0.0376851511331,0.1171,0.00321539406605,0.110944471211,0.123549594741,0.0,0.0,0.0,0.000383998370677,0.0001,9.9994999875e-05,1.76526736011e-05,0.000566268897401,0.0,0.0,0.0,0.000383998370677,0.0459,0.00209268225013,0.0419698737174,0.0501788736029,0.1346,0.00341295824762,0.128050850507,0.141429775503,,,,,,0.592720970537,0.609856262834,0.0171352922964,0.028909542851,-0.821255768749,0.3,0.75,0.8,0.825,0.95,0.8,0.005,0.005
C,C3_surface,paired,shared,2000,,0.0,,,,,10000,10000,0,0.592554090061,0.609797690355,0.0172436002942,0.0172436002942,0.0,0.00966095388629,9.66095388629e-05,0.0291888062919,0.0291004662416,-0.00214943814341,0.0625430743091,-0.00130765534564,0.0363812299272,0.1044,0.00305778743539,0.0985579819955,0.110545837515,0.0,0.0,0.0,0.000383998370677,0.0,0.0,0.0,0.000383998370677,0.0,0.0,0.0,0.000383998370677,0.0341,0.00181486060071,0.0307180293535,0.0378397803283,0.1116,0.00314873688961,0.105577116804,0.11792117313,,,,,,0.592720970537,0.610122011952,0.0174010414149,0.0293578973579,-1.62966434394,0.3,0.75,0.8,0.825,0.95,0.825,0.005,0.005
C,C3_surface,paired,shared,2000,,0.0,,,,,10000,10000,0,0.592814610528,0.610498227593,0.0176836170649,0.0176836170649,0.0,0.00896154118742,8.96154118742e-05,0.0299262159488,0.0298299278574,0.000291981037039,0.0612502985392,0.000174639158967,0.0357151188294,0.0976,0.00296773044598,0.0919369405727,0.103572101316,0.0,0.0,0.0,0.000383998370677,0.0,0.0,0.0,0.000383998370677,0.0,0.0,0.0,0.000383998370677,0.0233,0.00150854598869,0.0205212618206,0.026444842226,0.0854,0.00279476009704,0.0800803148001,0.0910380966489,,,,,,0.592720970537,0.610372340426,0.0176513698883,0.0297802351624,0.359839629695,0.3,0.75,0.8,0.825,0.95,0.85,0.005,0.005
C,C3_surface,paired,shared,2000,,0.0,,,,,10000,10000,0,0.592734621515,0.610607849107,0.0178732275923,0.0178732275923,0.0,0.00808920353036,8.08920353036e-05,0.0302413008228,0.0301538444753,0.00415942370028,0.058174793956,0.00245716605254,0.0338507313948,0.0827,0.00275428230216,0.0774606067265,0.0882598783137,0.0,0.0,0.0,0.000383998370677,0.0,0.0,0.0,0.000383998370677,0.0,0.0,0.0,0.000383998370677,0.011,0.00104302444842,0.00913526995319,0.0132402804533,0.0685,0.00252601959612,0.0637129660526,0.0736184245413,,,,,,0.592720970537,0.610608552632,0.0178875820943,0.0301787569252,-0.177452600878,0.3,0.75,0.8,0.825,0.95,0.875,0.005,0.005
C,C3_surface,paired,shared,2000,,0.0,,,,,10000,10000,0,0.592526350064,0.610577087331,0.0180507372668,0.0180507372668,0.0,0.00731260454716,7.31260454716e-05,0.0305536833306,0.0304640245363,0.00705864980969,0.0564555938061,0.00422801953649,0.0329685930323,0.068,0.00251745903641,0.0632299173474,0.0731018572449,0.0,0.0,0.0,0.000383998370677,0.0,0.0,0.0,0.000383998370677,0.0,0.0,0.0,0.000383998370677,0.0045,0.00066930934552,0.00336497129159,0.00601557109375,0.0435,0.0020397977841,0.039674290803,0.0476762997094,,,,,,0.592720970537,0.610831809872,0.0181108393348,0.0305554219186,-0.821896871741,0.3,0.75,0.8,0.825,0.95,0.9,0.005,0.005
C,C3_surface,paired,shared,2000,,0.0,,,,,10000,10000,0,0.592793570629,0.611157614621,0.0183640439919,0.0183640439919,0.0,0.00645029354333,6.45029354333e-05,0.0310675085621,0.0309788177567,0.0103157733201,0.0541388492026,0.00623001831913,0.0314522210834,0.0514,0.00220812227922,0.0472418249706,0.0559026983676,0.0,0.0,0.0,0.000383998370677,0.0,0.0,0.0,0.000383998370677,0.0,0.0,0.0,0.000383998370677,0.0009,0.000299864969611,0.000473577060585,0.00170973011302,0.0233,0.00150854598869,0.0205212618206,0.026444842226,,,,,,0.592720970537,0.611043149466,0.0183221789289,0.0309119802397,0.649041205022,0.3,0.75,0.8,0.825,0.95,0.925,0.005,0.005
C,C3_surface,paired,shared,2000,,0.0,,,,,10000,10000,0,0.592615259562,0.611062194471,0.0184469349092,0.0184469349092,0.0,0.00559185133,5.59185133e-05,0.0312265014352,0.031128011997,0.0139664804469,0.0517255328646,0.00847457627119,0.0301418439716,0.0338,0.00180714028232,0.0304332481914,0.0375247918894,0.0,0.0,0.0,0.000383998370677,0.0,0.0,0.0,0.000383998370677,0.0,0.0,0.0,0.000383998370677,0.0,0.0,0.0,0.000383998370677,0.0066,0.000809718469593,0.00519147881793,0.00838745077425,,,,,,0.592720970537,0.611243500867,0.0185225303293,0.03125,-1.3518853703,0.3,0.75,0.8,0.825,0.95,0.95,0.005,0.005
C,C3_surface,paired,shared,2000,,0.0,,,,,10000,10000,0,0.592822446554,0.611438042306,0.018615595751,0.018615595751,0.0,0.00636700501402,6.36700501402e-05,0.0315176388616,0.0314016378078,0.0107952991252,0.0541734308319,0.00649731738982,0.0315829484794,0.0521,0.00222228688517,0.0479138318312,0.0566301539093,0.0,0.0,0.0,0.000383998370677,0.0,0.0,0.0,0.000383998370677,0.0,0.0,0.0,0.000383998370677,0.0007,0.0002644825136,0.000339126331688,0.00144433444127,0.0208,0.00142714259974,0.0181813537314,0.023786670307,,,,,,0.592720970537,0.611433699324,0.0187127287871,0.0315708903805,-1.52556870616,0.3,0.75,0.8,0.825,0.95,0.975,0.005,0.005
C,C3_surface,paired,shared,2000,,0.0,,,,,10000,10000,0,0.592634752855,0.611471589503,0.0188368366477,0.0188368366477,0.0,0.00710625749755,7.10625749755e-05,0.0319275735358,0.0317849004922,0.00819800889248,0.0570801213776,0.00495002109772,0.0331497714165,0.0741,0.00261933560278,0.0691281224201,0.0793989673921,0.0,0.0,0.0,0.000383998370677,0.0,0.0,0.0,0.000383998370677,0.0,0.0,0.0,0.000383998370677,0.0032,0.000564779603031,0.00226771385379,0.00451382692731,0.0352,0.00184284996676,0.0317628484334,0.038994116452,,,,,,0.592720970537,0.611614497529,0.0188935269916,0.0318759212694,-0.797752457757,0.3,0.75,0.8,0.825,0.95,1.0,0.005,0.005
C,C3_surface,paired,shared,2000,,0.0,,,,,10000,10000,0,0.592890106303,0.627105890614,0.0342157843108,0.0342157843108,0.0,0.0142591993101,0.000142591993101,0.0578836670818,0.0577101623843,0.0110162145028,0.107274044609,0.00651245587921,0.0626115377308,0.6272,0.00483549542446,0.617675452464,0.63662685835,0.0,0.0,0.0,0.000383998370677,0.0446,0.00206423932721,0.0407260367722,0.0488237089438,0.0,0.0,0.0,0.000383998370677,0.0061,0.000778639197575,0.00475210315987,0.00782721043068,0.0202,0.00140683900998,0.0176212683574,0.0231472164791,,,,,,0.592720970537,0.627049180328,0.0343282097906,0.0579163071613,-0.788441744617,0.3,0.75,0.8,0.85,0.95,0.7,0.005,0.005
C,C3_surface,paired,shared,2000,,0.0,,,,,10000,10000,0,0.592159510347,0.627095476479,0.0349359661317,0.0349359661317,0.0,0.0134433419195,0.000134433419195,0.0591809736395,0.058997559815,0.0149358391046,0.104823836154,0.00892755402219,0.0612138158299,0.6502,0.00476906657534,0.640796741566,0.659487905323,0.0,0.0,0.0,0.000383998370677,0.0404,0.00196895505281,0.0367141114358,0.0444388598666,0.0,0.0,0.0,0.000383998370677,0.0039,0.000623280835579,0.00285436086877,0.00532664231461,0.0142,0.00118314665194,0.0120605741398,0.0167125186772,,,,,,0.592720970537,0.627403846154,0.0346828756166,0.0585146761134,1.88264582297,0.3,0.75,0.8,0.85,0.95,0.725,0.005,0.005
C,C3_surface,paired,shared,2000,,0.0,,,,,10000,10000,0,0.592800321784,0.627863244129,0.0350629223457,0.0350629223457,0.0,0.0129921129169,0.000129921129169,0.0593282266329,0.0591479475588,0.0172559047583,0.104167892839,0.0103881270641,0.0605387373414,0.6555,0.00475204955782,0.646128039247,0.66475253726,0.0,0.0,0.0,0.000383998370677,0.0382,0.00191678793819,0.0346170328443,0.0421376280508,0.0,0.0,0.0,0.000383998370677,0.003,0.000546900356555,0.00210228769405,0.0042794066864,0.0096,0.000975081535052,0.00786829801467,0.0117083275873,,,,,,0.592720970537,0.627735229759,0.035014259222,0.0590737648278,0.37455896481,0.3,0.75,0.8,0.85,0.95,0.75,0.005,0.005
C,C3_surface,paired,shared,2000,,0.0,,,,,10000,10000,0,0.592841708104,0.628316330317,0.0354746222129,0.0354746222129,0.0,0.0123331211103,0.000123331211103,0.0600269357607,0.0598382700271,0.0190682583636,0.103100261323,0.0114672707375,0.0600977030371,0.6824,0.00465542951832,0.673206967695,0.691452949699,0.0,0.0,0.0,0.000383998370677,0.0334,0.00179678713263,0.0300536558691,0.0371046914104,0.0,0.0,0.0,0.000383998370677,0.0021,0.000457776146168,0.00137399170498,0.00320839387254,0.0067,0.000815788575551,0.00527963331754,0.00849921947497,,,,,,0.592720970537,0.628045550847,0.0353245803102,0.0595973182426,1.21657690189,0.3,0.75,0.8,0.85,0.95,0.775,0.005,0.005
C,C3_surface,paired,shared,2000,,0.0,,,,,10000,10000,0,0.592914382138,0.628462758274,0.0355483761362,0.0355483761362,0.0,0.011675310808,0.00011675310808,0.0601380860526,0.0599553277963,0.0220203329308,0.100800293147,0.0131615134722,0.0588239380173,0.6848,0.00464595479961,0.675624604956,0.693833469246,0.0,0.0,0.0,0.000383998370677,0.028,0.00164972725018,0.0249433852489,0.031419109213,0.0,0.0,0.0,0.000383998370677,0.0014,0.000373903730925,0.000834162028875,0.00234876114636,0.0039,0.000623280835579,0.00285436086877,0.00532664231461,,,,,,0.592720970537,0.628336755647,0.0356157851096,0.0600886199071,-0.577363416295,0.3,0.75,0.8,0.85,0.95,0.8,0.005,0.005
C,C3_surface,paired,shared,2000,,0.0,,,,,10000,10000,0,0.592611204182,0.628377555605,0.0357663514228,0.0357663514228,0.0,0.0111104516364,0.000111104516364,0.0605314634821,0.06035382249,0.0240320989116,0.100262518426,0.0144783230144,0.0580689973392,0.7024,0.00457202624664,0.693362655514,0.711281901946,0.0,0.0,0.0,0.000383998370677,0.0259,0.00158836991913,0.0229641839419,0.0291999233132,0.0,0.0,0.0,0.000383998370677,0.0003,0.000173179098046,0.000102032199418,0.000881735772236,0.0028,0.000528408932551,0.00193800573069,0.00404384224912,,,,,,0.592720970537,0.628610557769,0.0358895872317,0.0605505609142,-1.10918811336,0.3,0.75,0.8,0.85,0.95,0.825,0.005,0.005
C,C3_surface,paired,shared,2000,,0.0,,,,,10000,10000,0,0.592840192612,0.629018858953,0.0361786663417,0.0361786663417,0.0,0.0105102834607,0.000105102834607,0.0612094916523,0.0610260012606,0.0269151161319,0.0982662520486,0.0161544332193,0.0571429555132,0.7222,0.00447914232862,0.713336988918,0.730892362206,0.0,0.0,0.0,0.000383998370677,0.019,0.00136524723036,0.016503013281,0.0218663931516,0.0,0.0,0.0,0.000383998370677,0.0001,9.9994999875e-05,1.76526736011e-05,0.000566268897401,0.0019,0.000435475602072,0.00121674415963,0.00296579501724,,,,,,0.592720970537,0.628868471954,0.0361475014163,0.060985696834,0.296518409517,0.3,0.75,0.8,0.85,0.95,0.85,0.005,0.005
C,C3_surface,paired,shared,2000,,0.0,,,,,10000,10000,0,0.59268274126,0.629077723263,0.0363949820029,0.0363949820029,0.0,0.00969809936491,9.69809936491e-05,0.0615813809571,0.0614071905073,0.0292914452901,0.096673370164,0.0176924916792,0.0558854399475,0.7492,0.00433473597812,0.74060947358,0.757599141632,0.0,0.0,0.0,0.000383998370677,0.0158,0.00124701082594,0.0135352415745,0.0184366224477,0.0,0.0,0.0,0.000383998370677,0.0,0.0,0.0,0.000383998370677,0.0005,0.000223550889061,0.000213588426164,0.00117002594614,,,,,,0.592720970537,0.629111842105,0.036390871568,0.0613962950139,0.0423839222567,0.3,0.75,0.8,0.85,0.95,0.875,0.005,0.005
C,C3_surface,paired,shared,2000,,0.0,,,,,10000,10000,0,0.592705917887,0.629312670244,0.0366067523575,0.0366067523575,0.0,0.00916916762083,9.16916762083e-05,0.0619385653972,0.0617620834427,0.0322368716573,0.0951633080758,0.0193910741945,0.0551155780483,0.7683,0.00421918368882,0.759928471153,0.776465475321,0.0,0.0,0.0,0.000383998370677,0.0131,0.00113703078234,0.011051026493,0.0155229111204,0.0,0.0,0.0,0.000383998370677,0.0,0.0,0.0,0.000383998370677,0.0002,0.000141407213395,5.48489273209e-05,0.000728995844007,,,,,,0.592720970537,0.629341864717,0.0366208941794,0.061784374098,-0.154232341193,0.3,0.75,0.8,0.85,0.95,0.9,0.005,0.005
C,C3_surface,paired,shared,2000,,0.0,,,,,10000,10000,0,0.592654285304,0.629419636521,0.0367653512169,0.0367653512169,0.0,0.00843682350408,8.43682350408e-05,0.0622075730687,0.0620350719274,0.034501702142,0.0933917548752,0.0207647312189,0.0540812417513,0.7924,0.00405588757241,0.784339058663,0.80023637909,0.0,0.0,0.0,0.000383998370677,0.008,0.000890842298053,0.0064330500512,0.00994480434555,0.0,0.0,0.0,0.000383998370677,0.0,0.0,0.0,0.000383998370677,0.0,0.0,0.0,0.000383998370677,,,,,,0.592720970537,0.629559608541,0.0368386380037,0.0621517372167,-0.868653785876,0.3,0.75,0.8,0.85,0.95,0.925,0.005,0.005
C,C3_surface,paired,shared,2000,,0.0,,,,,10000,10000,0,0.592569769593,0.629594553566,0.0370247839731,0.0370247839731,0.0,0.00782868857115,7.82868857115e-05,0.0626679286771,0.0624817293642,0.0372492836676,0.0912052117264,0.0223752151463,0.0530973451327,0.8167,0.00386912276879,0.808995527314,0.824161248118,0.0,0.0,0.0,0.000383998370677,0.0066,0.000809718469593,0.00519147881793,0.00838745077425,0.0,0.0,0.0,0.000383998370677,0.0,0.0,0.0,0.000383998370677,0.0,0.0,0.0,0.000383998370677,,,,,,0.592720970537,0.629766031196,0.0370450606586,0.0625,-0.259004880258,0.3,0.75,0.8,0.85,0.95,0.95,0.005,0.005
C,C3_surface,paired,shared,2000,,0.0,,,,,10000,10000,0,0.59292134589,0.629891547677,0.0369702017865,0.0369702017865,0.0,0.00840809795453,8.40809795453e-05,0.0625607302887,0.0623526240753,0.0349205512092,0.0933611561603,0.021012115207,0.0539571515518,0.7967,0.0040245386071,0.788698808659,0.804473326707,0.0,0.0,0.0,0.000383998370677,0.0086,0.000923365583071,0.00696946840511,0.0106079251936,0.0,0.0,0.0,0.000383998370677,0.0,0.0,0.0,0.000383998370677,0.0,0.0,0.0,0.000383998370677,,,,,,0.592720970537,0.629961993243,0.037241022706,0.0628306143314,-3.22095343,0.3,0.75,0.8,0.85,0.95,0.975,0.005,0.005
C,C3_surface,paired,shared,2000,,0.0,,,,,10000,10000,0,0.592990491426,0.630180779267,0.0371902878405,0.0371902878405,0.0,0.00888922806889,8.88922806889e-05,0.0629472404048,0.0627164994687,0.0330111588725,0.0951793631081,0.0199909426402,0.0548465298693,0.7908,0.00406737458319,0.782717174127,0.798659492421,0.0,0.0,0.0,0.000383998370677,0.0143,0.00118724513054,0.0121525332635,0.0168204827538,0.0,0.0,0.0,0.000383998370677,0.0,0.0,0.0,0.000383998370677,0.0001,9.9994999875e-05,1.76526736011e-05,0.000566268897401,,,,,,0.592720970537,0.630148270181,0.037427299644,0.0631448885806,-2.66628104965,0.3,0.75,0.8,0.85,0.95,1.0,0.005,0.005
C,C3_surface,paired,shared,2000,,0.0,,,,,10000,10000,0,0.592458558937,0.645093388773,0.0526348298367,0.0526348298367,0.0,0.0149964179602,0.000149964179602,0.0891052325804,0.0888413696499,0.038532249766,0.142127876772,0.0231759855984,0.0823162146339,0.9346,0.00247230337944,0.929585545659,0.939280682957,0.0,0.0,0.0,0.000383998370677,0.3328,0.00471215619436,0.323630098297,0.342098310758,0.0,0.0,0.0,0.000383998370677,0.0001,9.9994999875e-05,1.76526736011e-05,0.000566268897401,0.0011,0.000331480014481,0.00061435065423,0.00196880292003,,,,,,0.592720970537,0.645491803279,0.0527708327414,0.0890314926661,-0.906902602233,0.3,0.75,0.8,0.875,0.95,0.7,0.005,0.005
C,C3_surface,paired,shared,2000,,0.0,,,,,10000,10000,0,0.592574621554,0.645815135889,0.0532405143349,0.0532405143349,0.0,0.0143722066966,0.000143722066966,0.0901068291785,0.0898460926242,0.0430432595222,0.140742833501,0.0257041710516,0.081871799177,0.9501,0.00217738352157,0.945656889301,0.954197435366,0.0,0.0,0.0,0.000383998370677,0.3401,0.00473742535561,0.330877798127,0.349445004552,0.0,0.0,0.0,0.000383998370677,0.0,0.0,0.0,0.000383998370677,0.0003,0.000173179098046,0.000102032199418,0.000881735772236,,,,,,0.592720970537,0.645856900452,0.0531359299152,0.0896474607049,0.727685190547,0.3,0.75,0.8,0.875,0.95,0.725,0.005,0.005
C,C3_surface,paired,shared,2000,,0.0,,,,,10000,10000,0,0.592726027453,0.646145659367,0.0534196319137,0.0534196319137,0.0,0.0137187142761,0.000137187142761,0.0904008412629,0.090125335213,0.0450089109094,0.139175487217,0.0270735488073,0.08073010907,0.957,0.00202857092555,0.952845478599,0.96080354689,0.0,0.0,0.0,0.000383998370677,0.3367,0.00472581326334,0.327501849386,0.346023564482,0.0,0.0,0.0,0.000383998370677,0.0,0.0,0.0,0.000383998370677,0.0001,9.9994999875e-05,1.76526736011e-05,0.000566268897401,,,,,,0.592720970537,0.646198030635,0.0534770600973,0.0902229932051,-0.418611995826,0.3,0.75,0.8,0.875,0.95,0.75,0.005,0.005
C,C3_surface,paired,shared,2000,,0.0,,,,,10000,10000,0,0.592692761692,0.64649989707,0.0538071353782,0.0538071353782,0.0,0.0133917450385,0.000133917450385,0.091060122974,0.0907841952121,0.0462996484096,0.138266315294,0.0279524812397,0.080433267865,0.9623,0.00190469708878,0.958385837385,0.965859117722,0.0,0.0,0.0,0.000383998370677,0.3477,0.00476240181001,0.338425955997,0.357091009906,0.0,0.0,0.0,0.000383998370677,0.0,0.0,0.0,0.000383998370677,0.0,0.0,0.0,0.000383998370677,,,,,,0.592720970537,0.646517478814,0.0537965082763,0.0907619452498,0.0793556171671,0.3,0.75,0.8,0.875,0.95,0.775,0.005,0.005
C,C3_surface,paired,shared,2000,,0.0,,,,,10000,10000,0,0.592703218456,0.646933745937,0.0542305274811,0.0542305274811,0.0,0.0127950871953,0.000127950871953,0.0917584845951,0.0914969343719,0.0493816522624,0.137360570204,0.0295217424664,0.0801128438366,0.9729,0.00162374844111,0.969531352173,0.975905462168,0.0,0.0,0.0,0.000383998370677,0.3487,0.00476558821133,0.339419330486,0.358096867421,0.0,0.0,0.0,0.000383998370677,0.0,0.0,0.0,0.000383998370677,0.0,0.0,0.0,0.000383998370677,,,,,,0.592720970537,0.64681724846,0.0540962779227,0.0912676969631,1.04922738188,0.3,0.75,0.8,0.875,0.95,0.8,0.005,0.005
C,C3_surface,paired,shared,2000,,0.0,,,,,10000,10000,0,0.592637429061,0.646953494131,0.0543160650701,0.0543160650701,0.0,0.0123081827039,0.000123081827039,0.0919301009336,0.0916514253178,0.0505333093036,0.136454001581,0.0306293581354,0.0788051433813,0.9767,0.00150854598869,0.973555157774,0.979478738179,0.0,0.0,0.0,0.000383998370677,0.3462,0.00475757879598,0.336935979297,0.355582138602,0.0,0.0,0.0,0.000383998370677,0.0,0.0,0.0,0.000383998370677,0.0,0.0,0.0,0.000383998370677,,,,,,0.592720970537,0.647099103586,0.0543781330484,0.0917432244705,-0.504282230778,0.3,0.75,0.8,0.875,0.95,0.825,0.005,0.005
C,C3_surface,paired,shared,2000,,0.0,,,,,10000,10000,0,0.59246553022,0.647139611492,0.0546740812725,0.0546740812725,0.0,0.0116852017123,0.000116852017123,0.0925535346579,0.0922822991106,0.0540231317696,0.134323153106,0.03245995721,0.077701568468,0.9849,0.00121950768755,0.982316823873,0.987110774507,0.0,0.0,0.0,0.000383998370677,0.3501,0.00477001037735,0.34081013076,0.359504991952,0.0,0.0,0.0,0.000383998370677,0.0,0.0,0.0,0.000383998370677,0.0,0.0,0.0,0.000383998370677,,,,,,0.592720970537,0.647364603482,0.0546436329444,0.0921911585055,0.260571694451,0.3,0.75,0.8,0.875,0.95,0.85,0.005,0.005
C,C3_surface,paired,shared,2000,,0.0,,,,,10000,10000,0,0.592378620353,0.647337714079,0.0549590937264,0.0549590937264,0.0,0.0111086800274,0.000111086800274,0.0930641244537,0.0927769704005,0.0557838662407,0.134146356141,0.0339597717488,0.0772636354674,0.9898,0.0010047865445,0.987633987574,0.991589847622,0.0,0.0,0.0,0.000383998370677,0.3489,0.00476622271825,0.339618010816,0.358298033492,0.0,0.0,0.0,0.000383998370677,0.0,0.0,0.0,0.000383998370677,0.0,0.0,0.0,0.000383998370677,,,,,,0.592720970537,0.647615131579,0.0548941610417,0.0926138331025,0.584522054207,0.3,0.75,0.8,0.875,0.95,0.875,0.005,0.005
C,C3_surface,paired,shared,2000,,0.0,,,,,10000,10000,0,0.592390935083,0.64749968383,0.0551087487464,0.0551087487464,0.0,0.0106947816475,0.000106947816475,0.0933072961178,0.0930276705512,0.0577904555225,0.133644708231,0.0350678144196,0.0767684657264,0.9924,0.000868460707229,0.990498622669,0.993923215736,0.0,0.0,0.0,0.000383998370677,0.3514,0.00477407624573,0.342101667345,0.36081245697,0.0,0.0,0.0,0.000383998370677,0.0,0.0,0.0,0.000383998370677,0.0,0.0,0.0,0.000383998370677,,,,,,0.592720970537,0.647851919561,0.055130949024,0.0930133262773,-0.207580465712,0.3,0.75,0.8,0.875,0.95,0.9,0.005,0.005
C,C3_surface,paired,shared,2000,,0.0,,,,,10000,10000,0,0.59291353643,0.648350207758,0.0554366713287,0.0554366713287,0.0,0.010079848754,0.00010079848754,0.0937816364223,0.0934987446272,0.0601653384708,0.131490066547,0.0363474772991,0.0758081432117,0.9947,0.000726079196782,0.9930745949,0.995945477112,0.0,0.0,0.0,0.000383998370677,0.3578,0.00479352855421,0.348461106566,0.36724810257,0.0,0.0,0.0,0.000383998370677,0.0,0.0,0.0,0.000383998370677,0.0,0.0,0.0,0.000383998370677,,,,,,0.592720970537,0.648076067616,0.0553550970784,0.0933914941937,0.809280498608,0.3,0.75,0.8,0.875,0.95,0.925,0.005,0.005
C,C3_surface,paired,shared,2000,,0.0,,,,,10000,10000,0,0.592682300419,0.648097752056,0.0554154516372,0.0554154516372,0.0,0.00952855926262,9.52855926262e-05,0.0937795798321,0.0934994205124,0.0616246498599,0.129337539432,0.0375664735296,0.0746280771467,0.9977,0.000479031314217,0.996550922518,0.998466845504,0.0,0.0,0.0,0.000383998370677,0.3509,0.00477251705078,0.341604913493,0.360309594821,0.0,0.0,0.0,0.000383998370677,0.0,0.0,0.0,0.000383998370677,0.0,0.0,0.0,0.000383998370677,,,,,,0.592720970537,0.648288561525,0.0555675909879,0.09375,-1.5966668887,0.3,0.75,0.8,0.875,0.95,0.95,0.005,0.005
C,C3_surface,paired,shared,2000,,0.0,,,,,10000,10000,0,0.59272969126,0.64837348095,0.0556437896893,0.0556437896893,0.0,0.00998745359248,9.98745359248e-05,0.0941684611238,0.0938771762403,0.0604709750659,0.131572609702,0.0367214688904,0.0757123401632,0.9963,0.000607149899119,0.994904491255,0.997314351962,0.0,0.0,0.0,0.000383998370677,0.3594,0.0047982459295,0.350051251763,0.368856728579,0.0,0.0,0.0,0.000383998370677,0.0,0.0,0.0,0.000383998370677,0.0,0.0,0.0,0.000383998370677,,,,,,0.592720970537,0.648490287162,0.0557693166249,0.0940903382824,-1.2568462464,0.3,0.75,0.8,0.875,0.95,0.975,0.005,0.005
C,C3_surface,paired,shared,2000,,0.0,,,,,10000,10000,0,0.592915937174,0.648798433387,0.0558824962131,0.0558824962131,0.0,0.0103721932342,0.000103721932342,0.0945710576465,0.0942502852588,0.0589896502589,0.132905070273,0.0359764383071,0.0764037978906,0.9947,0.000726079196782,0.9930745949,0.995945477112,0.0,0.0,0.0,0.000383998370677,0.3753,0.0048420027881,0.365859434967,0.384836334227,0.0,0.0,0.0,0.000383998370677,0.0,0.0,0.0,0.000383998370677,0.0,0.0,0.0,0.000383998370677,,,,,,0.592720970537,0.648682042834,0.0559610722963,0.0944138558918,-0.757564783695,0.3,0.75,0.8,0.875,0.95,1.0,0.005,0.005
C,C3_surface,paired,shared,2000,,0.0,,,,,10000,10000,0,0.592453970136,0.663775377947,0.0713214078111,0.0713214078111,0.0,0.0159207588358,0.000159207588358,0.120730054267,0.120383036331,0.0679566118957,0.177204958243,0.0406899319682,0.102971739395,0.9959,0.000638998435053,0.994443005072,0.996976145344,0.0,0.0,0.0,0.000383998370677,0.7633,0.00425056596232,0.754868923094,0.771528863364,0.0,0.0,0.0,0.000383998370677,0.0,0.0,0.0,0.000383998370677,0.0,0.0,0.0,0.000383998370677,,,,,,0.592720970537,0.66393442623,0.0712134556922,0.120146678171,0.678058879003,0.3,0.75,0.8,0.9,0.95,0.7,0.005,0.005
C,C3_surface,paired,shared,2000,,0.0,,,,,10000,10000,0,0.592602939927,0.664180133567,0.0715771936397,0.0715771936397,0.0,0.0153876811846,0.000153876811846,0.121147022586,0.120784405235,0.0694174498552,0.177727503461,0.0420635921291,0.102417659789,0.9969,0.00055591276294,0.995603246944,0.997815135475,0.0,0.0,0.0,0.000383998370677,0.7763,0.00416723301484,0.768027153731,0.784360648769,0.0,0.0,0.0,0.000383998370677,0.0,0.0,0.0,0.000383998370677,0.0,0.0,0.0,0.000383998370677,,,,,,0.592720970537,0.664309954751,0.0715889842139,0.120780245296,-0.0766234625694,0.3,0.75,0.8,0.9,0.95,0.725,0.005,0.005
C,C3_surface,paired,shared,2000,,0.0,,,,,10000,10000,0,0.592302149767,0.66429456916,0.0719924193922,0.0719924193922,0.0,0.014627214201,0.00014627214201,0.121899864033,0.121546780508,0.072129465206,0.174224182169,0.0435292293628,0.101350998698,0.9978,0.000468525346166,0.9966710408,0.998546650422,0.0,0.0,0.0,0.000383998370677,0.7985,0.0040112061777,0.790524230743,0.80624652223,0.0,0.0,0.0,0.000383998370677,0.0,0.0,0.0,0.000383998370677,0.0,0.0,0.0,0.000383998370677,,,,,,0.592720970537,0.66466083151,0.0719398609726,0.121372221582,0.359319408897,0.3,0.75,0.8,0.9,0.95,0.75,0.005,0.005
C,C3_surface,paired,shared,2000,,0.0,,,,,10000,10000,0,0.592438072033,0.664765672319,0.0723276002854,0.0723276002854,0.0,0.0143259122198,0.000143259122198,0.12245675262,0.122084659477,0.0740376685656,0.173481758952,0.0446984122876,0.100384449142,0.9986,0.000373903730925,0.997651238854,0.999165837971,0.0,0.0,0.0,0.000383998370677,0.8057,0.00395660852246,0.797828401952,0.813336821444,0.0,0.0,0.0,0.000383998370677,0.0,0.0,0.0,0.000383998370677,0.0001,9.9994999875e-05,1.76526736011e-05,0.000566268897401,,,,,,0.592720970537,0.66498940678,0.0722684362424,0.121926572257,0.412986217618,0.3,0.75,0.8,0.9,0.95,0.775,0.005,0.005
C,C3_surface,paired,shared,2000,,0.0,,,,,10000,10000,0,0.592870235689,0.665369564207,0.0724993285175,0.0724993285175,0.0,0.0136716361508,0.000136716361508,0.122652696583,0.12228532342,0.0769185649842,0.171604939867,0.0464031842155,0.0996837119317,0.9989,0.000331480014481,0.99803119708,0.999385649346,0.0,0.0,0.0,0.000383998370677,0.8209,0.00383436031171,0.813261999488,0.828291550357,0.0,0.0,0.0,0.000383998370677,0.0,0.0,0.0,0.000383998370677,0.0,0.0,0.0,0.000383998370677,,,,,,0.592720970537,0.665297741273,0.0725767707358,0.122446774019,-0.566444406802,0.3,0.75,0.8,0.9,0.95,0.8,0.005,0.005
C,C3_surface,paired,shared,2000,,0.0,,,,,10000,10000,0,0.592594310329,0.665143487023,0.0725491766938,0.0725491766938,0.0,0.0132278326832,0.000132278326832,0.122795532729,0.122426380796,0.0782371955638,0.171090931488,0.0474379893444,0.098724635599,0.9996,0.000199959995999,0.998971871665,0.999844437163,0.0,0.0,0.0,0.000383998370677,0.831,0.0037475191794,0.82352820441,0.838217588668,0.0,0.0,0.0,0.000383998370677,0.0,0.0,0.0,0.000383998370677,0.0,0.0,0.0,0.000383998370677,,,,,,0.592720970537,0.665587649402,0.0728666788651,0.122935888027,-2.40025844723,0.3,0.75,0.8,0.9,0.95,0.825,0.005,0.005
C,C3_surface,paired,shared,2000,,0.0,,,,,10000,10000,0,0.592825746511,0.665789457678,0.0729637111663,0.0729637111663,0.0,0.0129339410503,0.000129339410503,0.123439774253,0.123077837958,0.0794790156789,0.17117756863,0.048149010236,0.0985235840458,0.9998,0.000141407213395,0.999271004156,0.999945151073,0.0,0.0,0.0,0.000383998370677,0.844,0.00362855343078,0.836756209215,0.850979599906,0.0,0.0,0.0,0.000383998370677,0.0,0.0,0.0,0.000383998370677,0.0,0.0,0.0,0.000383998370677,,,,,,0.592720970537,0.66586073501,0.0731397644724,0.123396620177,-1.36117294343,0.3,0.75,0.8,0.9,0.95,0.85,0.005,0.005
C,C3_surface,paired,shared,2000,,0.0,,,,,10000,10000,0,0.592512948335,0.665774407422,0.0732614590865,0.0732614590865,0.0,0.0122376811415,0.000122376811415,0.123998205601,0.123645330102,0.0820211085765,0.1696968711,0.0498760181499,0.097881363367,0.9999,9.9994999875e-05,0.999433731103,0.999982347326,0.0,0.0,0.0,0.000383998370677,0.8629,0.00343952889216,0.856019148266,0.869502145717,0.0,0.0,0.0,0.000383998370677,0.0,0.0,0.0,0.000383998370677,0.0,0.0,0.0,0.000383998370677,,,,,,0.592720970537,0.666118421053,0.0733974505154,0.123831371191,-1.11125161125,0.3,0.75,0.8,0.9,0.95,0.875,0.005,0.005
C,C3_surface,paired,shared,2000,,0.0,,,,,10000,10000,0,0.592644155891,0.666343385906,0.0736992300156,0.0736992300156,0.0,0.0119155315566,0.000119155315566,0.124717603097,0.12435663,0.0840684908622,0.170471635723,0.0509411485119,0.0981646094801,1.0,0.0,0.999616001629,1.0,0.0,0.0,0.0,0.000383998370677,0.8786,0.00326591549186,0.87205311953,0.884856116904,0.0,0.0,0.0,0.000383998370677,0.0,0.0,0.0,0.000383998370677,0.0,0.0,0.0,0.000383998370677,,,,,,0.592720970537,0.666361974406,0.0736410038686,0.124242278457,0.488657570663,0.3,0.75,0.8,0.9,0.95,0.9,0.005,0.005
C,C3_surface,paired,shared,2000,,0.0,,,,,10000,10000,0,0.592964182385,0.666738178968,0.0737739965838,0.0737739965838,0.0,0.0113656662333,0.000113656662333,0.124773919867,0.124415603464,0.0861814599729,0.169122203868,0.0523019529047,0.0970909338897,0.9999,9.9994999875e-05,0.999433731103,0.999982347326,0.0,0.0,0.0,0.000383998370677,0.887,0.00316592798402,0.880645699692,0.893057085569,0.0,0.0,0.0,0.000383998370677,0.0,0.0,0.0,0.000383998370677,0.0,0.0,0.0,0.000383998370677,,,,,,0.592720970537,0.66659252669,0.0738715561531,0.124631251171,-0.858370880757,0.3,0.75,0.8,0.9,0.95,0.925,0.005,0.005
C,C3_surface,paired,shared,2000,,0.0,,,,,10000,10000,0,0.59232735524,0.666377673076,0.0740503178353,0.0740503178353,0.0,0.0109364703906,0.000109364703906,0.125380428171,0.125015866953,0.0873487612422,0.166678470255,0.0530164533821,0.0961214165261,1.0,0.0,0.999616001629,1.0,0.0,0.0,0.0,0.000383998370677,0.8965,0.00304610817273,0.890376687243,0.902318802049,0.0,0.0,0.0,0.000383998370677,0.0,0.0,0.0,0.000383998370677,0.0,0.0,0.0,0.000383998370677,,,,,,0.592720970537,0.666811091854,0.0740901213172,0.125,-0.363951809415,0.3,0.75,0.8,0.9,0.95,0.95,0.005,0.005
C,C3_surface,paired,shared,2000,,0.0,,,,,10000,10000,0,0.59281301386,0.6672718936,0.0744588797394,0.0744588797394,0.0,0.0113603529488,0.000113603529488,0.126004248341,0.12560264029,0.0865715391565,0.16958560846,0.0528424198127,0.097449885896,1.0,0.0,0.999616001629,1.0,0.0,0.0,0.0,0.000383998370677,0.8943,0.00307453264741,0.888121871017,0.900175307868,0.0,0.0,0.0,0.000383998370677,0.0,0.0,0.0,0.000383998370677,0.0,0.0,0.0,0.000383998370677,,,,,,0.592720970537,0.667018581081,0.0742976105438,0.125350062233,1.41957909527,0.3,0.75,0.8,0.9,0.95,0.975,0.005,0.005
C,C3_surface,paired,shared,2000,,0.0,,,,,10000,10000,0,0.592634398521,0.66721154975,0.0745771512281,0.0745771512281,0.0,0.0116816457688,0.000116816457688,0.126262867917,0.125840064995,0.0856527421556,0.17100849325,0.0523247815819,0.0980032666055,0.9999,9.9994999875e-05,0.999433731103,0.999982347326,0.0,0.0,0.0,0.000383998370677,0.888,0.00315366453511,0.881669330836,0.894032686429,0.0,0.0,0.0,0.000383998370677,0.0,0.0,0.0,0.000383998370677,0.0,0.0,0.0,0.000383998370677,,,,,,0.592720970537,0.667215815486,0.0744948449487,0.125682823203,0.704577771138,0.3,0.75,0.8,0.9,0.95,1.0,0.005,0.005
C,C3_surface,paired,shared,2000,,0.0,,,,,10000,10000,0,0.592541087981,0.68215153876,0.0896104507787,0.0896104507787,0.0,0.0166994210682,0.000166994210682,0.151684112204,0.151230779766,0.0944687354189,0.212121212121,0.0572847455782,0.122540264735,0.9999,9.9994999875e-05,0.999433731103,0.999982347326,0.0,0.0,0.0,0.000383998370677,0.9606,0.00194544699234,0.956606755766,0.964239504935,0.0,0.0,0.0,0.000383998370677,0.0,0.0,0.0,0.000383998370677,0.0,0.0,0.0,0.000383998370677,,,,,,0.592720970537,0.68237704918,0.0896560786431,0.151261863676,-0.273230216864,0.3,0.75,0.8,0.925,0.95,0.7,0.005,0.005
C,C3_surface,paired,shared,2000,,0.0,,,,,10000,10000,0,0.592445894211,0.682410026713,0.0899641325022,0.0899641325022,0.0,0.0162149736693,0.000162149736693,0.152307239656,0.151852065111,0.0965791944158,0.210777357438,0.0584507841816,0.121744310556,1.0,0.0,0.999616001629,1.0,0.0,0.0,0.0,0.000383998370677,0.9671,0.00178374858094,0.963420623682,0.97042064504,0.0,0.0,0.0,0.000383998370677,0.0,0.0,0.0,0.000383998370677,0.0,0.0,0.0,0.000383998370677,,,,,,0.592720970537,0.68276300905,0.0900420385125,0.151913029888,-0.480457211195,0.3,0.75,0.8,0.925,0.95,0.725,0.005,0.005
C,C3_surface,paired,shared,2000,,0.0,,,,,10000,10000,0,0.592641768244,0.682949630928,0.0903078626836,0.0903078626836,0.0,0.0156064827604,0.000156064827604,0.152845188214,0.152381873035,0.0986760346772,0.210430392779,0.0600148720387,0.121069692081,1.0,0.0,0.999616001629,1.0,0.0,0.0,0.0,0.000383998370677,0.9724,0.00163823807794,0.969003207017,0.975433991322,0.0,0.0,0.0,0.000383998370677,0.0,0.0,0.0,0.000383998370677,0.0,0.0,0.0,0.000383998370677,,,,,,0.592720970537,0.683123632385,0.0904026618479,0.15252144996,-0.607434523622,0.3,0.75,0.8,0.925,0.95,0.75,0.005,0.005
C,C3_surface,paired,shared,2000,,0.0,,,,,10000,10000,0,0.592711204961,0.68314118136,0.0904299763984,0.0904299763984,0.0,0.0152283464533,0.000152283464533,0.153019254833,0.152570047,0.100762587074,0.207876657007,0.0611252683416,0.119792098702,0.9999,9.9994999875e-05,0.999433731103,0.999982347326,0.0,0.0,0.0,0.000383998370677,0.9767,0.00150854598869,0.973555157774,0.979478738179,0.0,0.0,0.0,0.000383998370677,0.0,0.0,0.0,0.000383998370677,0.0,0.0,0.0,0.000383998370677,,,,,,0.592720970537,0.683461334746,0.0907403642085,0.153091199264,-2.03822398618,0.3,0.75,0.8,0.925,0.95,0.775,0.005,0.005
C,C3_surface,paired,shared,2000,,0.0,,,,,10000,10000,0,0.592710847822,0.683851937743,0.0911410899212,0.0911410899212,0.0,0.0146128762346,0.000146128762346,0.154213861431,0.153769903581,0.103499489404,0.207346302095,0.0629884282721,0.119956745971,0.9999,9.9994999875e-05,0.999433731103,0.999982347326,0.0,0.0,0.0,0.000383998370677,0.9829,0.00129644089723,0.980167319161,0.985261815212,0.0,0.0,0.0,0.000383998370677,0.0,0.0,0.0,0.000383998370677,0.0,0.0,0.0,0.000383998370677,,,,,,0.592720970537,0.683778234086,0.091057263549,0.153625851075,0.573647315105,0.3,0.75,0.8,0.925,0.95,0.8,0.005,0.005
C,C3_surface,paired,shared,2000,,0.0,,,,,10000,10000,0,0.592740789482,0.683893219815,0.0911524303329,0.0911524303329,0.0,0.0142098030514,0.000142098030514,0.154245763149,0.153781268221,0.104504128135,0.206943811125,0.0634084524615,0.119104049368,1.0,0.0,0.999616001629,1.0,0.0,0.0,0.0,0.000383998370677,0.9836,0.00127008031242,0.980918546364,0.985910050412,0.0,0.0,0.0,0.000383998370677,0.0,0.0,0.0,0.000383998370677,0.0,0.0,0.0,0.000383998370677,,,,,,0.592720970537,0.684076195219,0.0913552246819,0.154128551583,-1.42714398107,0.3,0.75,0.8,0.925,0.95,0.825,0.005,0.005
C,C3_surface,paired,shared,2000,,0.0,,,,,10000,10000,0,0.592590873105,0.684263110538,0.0916722374326,0.0916722374326,0.0,0.0137336544507,0.000137336544507,0.155159818255,0.154697349543,0.107802232047,0.207732776258,0.0651388448527,0.11926221866,1.0,0.0,0.999616001629,1.0,0.0,0.0,0.0,0.000383998370677,0.9871,0.00112843209809,0.984693796024,0.989132112764,0.0,0.0,0.0,0.000383998370677,0.0,0.0,0.0,0.000383998370677,0.0,0.0,0.0,0.000383998370677,,,,,,0.592720970537,0.684356866538,0.0916358960005,0.154602081849,0.264615891192,0.3,0.75,0.8,0.925,0.95,0.85,0.005,0.005
C,C3_surface,paired,shared,2000,,0.0,,,,,10000,10000,0,0.592494330014,0.684381508096,0.0918871780821,0.0918871780821,0.0,0.0132880192897,0.000132880192897,0.155546480167,0.155085328968,0.109323318216,0.206680093793,0.0665618505957,0.118472147359,1.0,0.0,0.999616001629,1.0,0.0,0.0,0.0,0.000383998370677,0.9911,0.000939190608982,0.989061355696,0.992761481104,0.0,0.0,0.0,0.000383998370677,0.0,0.0,0.0,0.000383998370677,0.0,0.0,0.0,0.000383998370677,,,,,,0.592720970537,0.684621710526,0.0919007399891,0.15504890928,-0.102061162547,0.3,0.75,0.8,0.925,0.95,0.875,0.005,0.005
C,C3_surface,paired,shared,2000,,0.0,,,,,10000,10000,0,0.592653847504,0.684901633149,0.0922477856452,0.0922477856452,0.0,0.0129182475713,0.000129182475713,0.156123632082,0.155652048888,0.110194601878,0.206946500891,0.0675288519153,0.118397000584,1.0,0.0,0.999616001629,1.0,0.0,0.0,0.0,0.000383998370677,0.9945,0.000739577582137,0.992848458868,0.995771766744,0.0,0.0,0.0,0.000383998370677,0.0,0.0,0.0,0.000383998370677,0.0,0.0,0.0,0.000383998370677,,,,,,0.592720970537,0.68487202925,0.0921510587132,0.155471230636,0.748762024254,0.3,0.75,0.8,0.925,0.95,0.9,0.005,0.005
C,C3_surface,paired,shared,2000,,0.0,,,,,10000,10000,0,0.592834881749,0.685283149794,0.0924482680449,0.0924482680449,0.0,0.012518764927,0.00012518764927,0.156413257333,0.155942693136,0.112239762464,0.205772920904,0.0685212634721,0.11782053441,1.0,0.0,0.999616001629,1.0,0.0,0.0,0.0,0.000383998370677,0.9956,0.000661864034376,0.994098821854,0.996720558961,0.0,0.0,0.0,0.000383998370677,0.0,0.0,0.0,0.000383998370677,0.0,0.0,0.0,0.000383998370677,,,,,,0.592720970537,0.685108985765,0.0923880152279,0.155871008148,0.481300011298,0.3,0.75,0.8,0.925,0.95,0.925,0.005,0.005
C,C3_surface,paired,shared,2000,,0.0,,,,,10000,10000,0,0.592250542096,0.684992049381,0.0927415072849,0.0927415072849,0.0,0.0121153687385,0.000121153687385,0.157060932035,0.15659167986,0.113636363636,0.204404273916,0.0694444444444,0.116838487973,1.0,0.0,0.999616001629,1.0,0.0,0.0,0.0,0.000383998370677,0.9958,0.000646711682282,0.994328104184,0.996891123032,0.0,0.0,0.0,0.000383998370677,0.0,0.0,0.0,0.000383998370677,0.0,0.0,0.0,0.000383998370677,,,,,,0.592720970537,0.685333622184,0.0926126516464,0.15625,1.06357174295,0.3,0.75,0.8,0.925,0.95,0.95,0.005,0.005
C,C3_surface,paired,shared,2000,,0.0,,,,,10000,10000,0,0.592797601415,0.685535824553,0.0927382231379,0.0927382231379,0.0,0.0124153303078,0.000124153303078,0.156931405162,0.15644163019,0.112576150198,0.20513328356,0.0689072848264,0.117718449561,1.0,0.0,0.999616001629,1.0,0.0,0.0,0.0,0.000383998370677,0.995,0.000705336798983,0.993414742684,0.996205098929,0.0,0.0,0.0,0.000383998370677,0.0,0.0,0.0,0.000383998370677,0.0,0.0,0.0,0.000383998370677,,,,,,0.592720970537,0.685546875,0.0928259044627,0.156609786184,-0.706234329782,0.3,0.75,0.8,0.925,0.95,0.975,0.005,0.005
C,C3_surface,paired,shared,2000,,0.0,,,,,10000,10000,0,0.592661234565,0.685591636038,0.0929304014729,0.0929304014729,0.0,0.0126425895873,0.000126425895873,0.157307189312,0.156801889601,0.112202434675,0.206671825311,0.0688091841933,0.118264467622,1.0,0.0,0.999616001629,1.0,0.0,0.0,0.0,0.000383998370677,0.9939,0.000778639197575,0.992172789569,0.99524789684,0.0,0.0,0.0,0.000383998370677,0.0,0.0,0.0,0.000383998370677,0.0,0.0,0.0,0.000383998370677,,,,,,0.592720970537,0.685749588138,0.0930286176011,0.156951790514,-0.776867171964,0.3,0.75,0.8,0.925,0.95,1.0,0.005,0.005
C,C3_surface,paired,shared,2000,,0.0,,,,,10000,10000,0,0.592603246254,0.700615830784,0.10801258453,0.10801258453,0.0,0.0172153814565,0.000172153814565,0.182813013122,0.182267959571,0.122788420913,0.24629538383,0.0746538265792,0.141848590923,1.0,0.0,0.999616001629,1.0,0.0,0.0,0.0,0.000383998370677,0.9972,0.000528408932551,0.995956157751,0.998061994269,0.0,0.0,0.0,0.000383998370677,0.0,0.0,0.0,0.000383998370677,0.0,0.0,0.0,0.000383998370677,,,,,,0.592720970537,0.700819672131,0.108098701594,0.18237704918,-0.500233261686,0.3,0.75,0.8,0.95,0.95,0.7,0.005,0.005
C,C3_surface,paired,shared,2000,,0.0,,,,,10000,10000,0,0.592528019752,0.701039989261,0.108511969509,0.108511969509,0.0,0.0167122558244,0.000167122558244,0.183673040088,0.183133904038,0.125249983341,0.245773793251,0.0761085270559,0.141012804796,1.0,0.0,0.999616001629,1.0,0.0,0.0,0.0,0.000383998370677,0.9974,0.000509238647394,0.996192986791,0.99822501163,0.0,0.0,0.0,0.000383998370677,0.0,0.0,0.0,0.000383998370677,0.0,0.0,0.0,0.000383998370677,,,,,,0.592720970537,0.701216063348,0.108495092811,0.18304581448,0.100983960707,0.3,0.75,0.8,0.95,0.95,0.725,0.005,0.005
C,C3_surface,paired,shared,2000,,0.0,,,,,10000,10000,0,0.592410918337,0.701286668029,0.108875749692,0.108875749692,0.0,0.0162623851384,0.000162623851384,0.184323318101,0.183784171294,0.127421240007,0.24518171109,0.077803324644,0.141198159063,1.0,0.0,0.999616001629,1.0,0.0,0.0,0.0,0.000383998370677,0.9988,0.000346202253026,0.997903527544,0.999313395681,0.0,0.0,0.0,0.000383998370677,0.0,0.0,0.0,0.000383998370677,0.0,0.0,0.0,0.000383998370677,,,,,,0.592720970537,0.70158643326,0.108865462723,0.183670678337,0.0632562140857,0.3,0.75,0.8,0.95,0.95,0.75,0.005,0.005
C,C3_surface,paired,shared,2000,,0.0,,,,,10000,10000,0,0.592617476241,0.701555892619,0.108938416378,0.108938416378,0.0,0.0158788156342,0.000158788156342,0.184379471707,0.183825858578,0.128759500784,0.243819375927,0.0784718443913,0.140120038748,1.0,0.0,0.999616001629,1.0,0.0,0.0,0.0,0.000383998370677,0.9982,0.000423882059068,0.997156312015,0.998861072008,0.0,0.0,0.0,0.000383998370677,0.0,0.0,0.0,0.000383998370677,0.0,0.0,0.0,0.000383998370677,,,,,,0.592720970537,0.701933262712,0.109212292175,0.184255826271,-1.72478730739,0.3,0.75,0.8,0.95,0.95,0.775,0.005,0.005
C,C3_surface,paired,shared,2000,,0.0,,,,,10000,10000,0,0.592721256627,0.702201258445,0.109480001818,0.109480001818,0.0,0.0153855922226,0.000153855922226,0.185268809279,0.184707399294,0.130275671998,0.243278284802,0.0796370536753,0.139703249114,1.0,0.0,0.999616001629,1.0,0.0,0.0,0.0,0.000383998370677,0.9991,0.000299864969611,0.998290269887,0.999526422939,0.0,0.0,0.0,0.000383998370677,0.0,0.0,0.0,0.000383998370677,0.0,0.0,0.0,0.000383998370677,,,,,,0.592720970537,0.702258726899,0.109537756362,0.184804928131,-0.375380701978,0.3,0.75,0.8,0.95,0.95,0.8,0.005,0.005
C,C3_surface,paired,shared,2000,,0.0,,,,,10000,10000,0,0.592866467182,0.702627281854,0.109760814673,0.109760814673,0.0,0.0147433691917,0.000147433691917,0.185679339917,0.18513581177,0.133184994751,0.242249209693,0.0810908532883,0.138915912351,1.0,0.0,0.999616001629,1.0,0.0,0.0,0.0,0.000383998370677,0.9997,0.000173179098046,0.999118264228,0.999897967801,0.0,0.0,0.0,0.000383998370677,0.0,0.0,0.0,0.000383998370677,0.0,0.0,0.0,0.000383998370677,,,,,,0.592720970537,0.702564741036,0.109843770499,0.185321215139,-0.562665321982,0.3,0.75,0.8,0.95,0.95,0.825,0.005,0.005
C,C3_surface,paired,shared,2000,,0.0,,,,,10000,10000,0,0.592672037191,0.702960262292,0.110288225101,0.110288225101,0.0,0.0145968957421,0.000145968957421,0.186631468679,0.186086432598,0.135257694123,0.244503648233,0.0824363097759,0.139701049646,1.0,0.0,0.999616001629,1.0,0.0,0.0,0.0,0.000383998370677,0.9998,0.000141407213395,0.999271004156,0.999945151073,0.0,0.0,0.0,0.000383998370677,0.0,0.0,0.0,0.000383998370677,0.0,0.0,0.0,0.000383998370677,,,,,,0.592720970537,0.702852998066,0.110132027529,0.18580754352,1.07007390919,0.3,0.75,0.8,0.95,0.95,0.85,0.005,0.005
C,C3_surface,paired,shared,2000,,0.0,,,,,10000,10000,0,0.592775919119,0.703166437915,0.110390518795,0.110390518795,0.0,0.014209896104,0.00014209896104,0.186773489447,0.186226388817,0.135897915518,0.242987913559,0.0828033961927,0.138810207159,1.0,0.0,0.999616001629,1.0,0.0,0.0,0.0,0.000383998370677,0.9999,9.9994999875e-05,0.999433731103,0.999982347326,0.0,0.0,0.0,0.000383998370677,0.0,0.0,0.0,0.000383998370677,0.0,0.0,0.0,0.000383998370677,,,,,,0.592720970537,0.703125,0.110404029463,0.186266447368,-0.0950792837027,0.3,0.75,0.8,0.95,0.95,0.875,0.005,0.005
C,C3_surface,paired,shared,2000,,0.0,,,,,10000,10000,0,0.592850100713,0.703482347131,0.110632246418,0.110632246418,0.0,0.0137312188622,0.000137312188622,0.18716515361,0.186610825038,0.137066442196,0.242423577521,0.0840278327342,0.138228810126,1.0,0.0,0.999616001629,1.0,0.0,0.0,0.0,0.000383998370677,0.9998,0.000141407213395,0.999271004156,0.999945151073,0.0,0.0,0.0,0.000383998370677,0.0,0.0,0.0,0.000383998370677,0.0,0.0,0.0,0.000383998370677,,,,,,0.592720970537,0.703382084095,0.110661113558,0.186700182815,-0.210229988893,0.3,0.75,0.8,0.95,0.95,0.9,0.005,0.005
C,C3_surface,paired,shared,2000,,0.0,,,,,10000,10000,0,0.593031666419,0.703974383931,0.110942717513,0.110942717513,0.0,0.0134855079712,0.000134855079712,0.187628991801,0.18707722335,0.138406346383,0.241904691662,0.0849978920425,0.138197771074,1.0,0.0,0.999616001629,1.0,0.0,0.0,0.0,0.000383998370677,1.0,0.0,0.999616001629,1.0,0.0,0.0,0.0,0.000383998370677,0.0,0.0,0.0,0.000383998370677,0.0,0.0,0.0,0.000383998370677,,,,,,0.592720970537,0.70362544484,0.110904474303,0.187110765125,0.283587463093,0.3,0.75,0.8,0.95,0.95,0.925,0.005,0.005
C,C3_surface,paired,shared,2000,,0.0,,,,,10000,10000,0,0.592212254267,0.703233605033,0.111021350766,0.111021350766,0.0,0.0131201031572,0.000131201031572,0.188028168874,0.187468850849,0.139783473266,0.24096654475,0.0855362916428,0.137521222411,1.0,0.0,0.999616001629,1.0,0.0,0.0,0.0,0.000383998370677,1.0,0.0,0.999616001629,1.0,0.0,0.0,0.0,0.000383998370677,0.0,0.0,0.0,0.000383998370677,0.0,0.0,0.0,0.000383998370677,,,,,,0.592720970537,0.703856152513,0.111135181976,0.1875,-0.867609104942,0.3,0.75,0.8,0.95,0.95,0.95,0.005,0.005
C,C3_surface,paired,shared,2000,,0.0,,,,,10000,10000,0,0.592682351696,0.704042561246,0.111360209549,0.111360209549,0.0,0.0133574857393,0.000133574857393,0.188476642534,0.187891893913,0.13957774127,0.242205151517,0.085481810918,0.138242037947,1.0,0.0,0.999616001629,1.0,0.0,0.0,0.0,0.000383998370677,1.0,0.0,0.999616001629,1.0,0.0,0.0,0.0,0.000383998370677,0.0,0.0,0.0,0.000383998370677,0.0,0.0,0.0,0.000383998370677,,,,,,0.592720970537,0.704075168919,0.111354198382,0.187869510135,0.0450022383522,0.3,0.75,0.8,0.95,0.95,0.975,0.005,0.005
C,C3_surface,paired,shared,2000,,0.0,,,,,10000,10000,0,0.592481080527,0.704106737494,0.111625656967,0.111625656967,0.0,0.0135088374266,0.000135088374266,0.189002542545,0.188403749311,0.139610404744,0.243854694365,0.0858380408273,0.138106223641,1.0,0.0,0.999616001629,1.0,0.0,0.0,0.0,0.000383998370677,1.0,0.0,0.999616001629,1.0,0.0,0.0,0.0,0.000383998370677,0.0,0.0,0.0,0.000383998370677,0.0,0.0,0.0,0.000383998370677,,,,,,0.592720970537,0.704283360791,0.111562390254,0.188220757825,0.468335740727,0.3,0.75,0.8,0.95,0.95,1.0,0.005,0.005
C,C3_surface,paired,shared,2000,,0.0,,,,,10000,10000,0,0.592290152448,0.718958474114,0.126668321665,0.126668321665,0.0,0.0175805023349,0.000175805023349,0.21447686716,0.213861941047,0.15184265702,0.281982038915,0.0926621597025,0.161178275877,1.0,0.0,0.999616001629,1.0,0.0,0.0,0.0,0.000383998370677,0.9999,9.9994999875e-05,0.999433731103,0.999982347326,0.0,0.0,0.0,0.000383998370677,0.0,0.0,0.0,0.000383998370677,0.0,0.0,0.0,0.000383998370677,,,,,,0.592720970537,0.719262295082,0.126541324545,0.213492234685,0.722374811733,0.3,0.75,0.8,0.975,0.95,0.7,0.005,0.005
C,C3_surface,paired,shared,2000,,0.0,,,,,10000,10000,0,0.592394739984,0.719420231286,0.127025491302,0.127025491302,0.0,0.0170857207674,0.000170857207674,0.215051631599,0.214427108697,0.153336796204,0.280694162417,0.0936709287279,0.160609374737,1.0,0.0,0.999616001629,1.0,0.0,0.0,0.0,0.000383998370677,0.9998,0.000141407213395,0.999271004156,0.999945151073,0.0,0.0,0.0,0.000383998370677,0.0,0.0,0.0,0.000383998370677,0.0,0.0,0.0,0.000383998370677,,,,,,0.592720970537,0.719669117647,0.12694814711,0.214178599071,0.452683227842,0.3,0.75,0.8,0.975,0.95,0.725,0.005,0.005
C,C3_surface,paired,shared,2000,,0.0,,,,,10000,10000,0,0.592449351752,0.720026348199,0.127576996447,0.127576996447,0.0,0.0168051279051,0.000168051279051,0.21597198633,0.215338232829,0.156050182169,0.280932105802,0.0950915532034,0.160932167668,1.0,0.0,0.999616001629,1.0,0.0,0.0,0.0,0.000383998370677,1.0,0.0,0.999616001629,1.0,0.0,0.0,0.0,0.000383998370677,0.0,0.0,0.0,0.000383998370677,0.0,0.0,0.0,0.000383998370677,,,,,,0.592720970537,0.720049234136,0.127328263598,0.214819906714,1.48010089652,0.3,0.75,0.8,0.975,0.95,0.75,0.005,0.005
C,C3_surface,paired,shared,2000,,0.0,,,,,10000,10000,0,0.592569612888,0.720156821074,0.127587208186,0.127587208186,0.0,0.0163790261745,0.000163790261745,0.215939159298,0.215311763228,0.156937698111,0.27977111173,0.0958323042075,0.160347831213,1.0,0.0,0.999616001629,1.0,0.0,0.0,0.0,0.000383998370677,1.0,0.0,0.999616001629,1.0,0.0,0.0,0.0,0.000383998370677,0.0,0.0,0.0,0.000383998370677,0.0,0.0,0.0,0.000383998370677,,,,,,0.592720970537,0.720405190678,0.127684220141,0.215420453278,-0.592293787177,0.3,0.75,0.8,0.975,0.95,0.775,0.005,0.005
C,C3_surface,paired,shared,2000,,0.0,,,,,10000,10000,0,0.592638079318,0.720856867794,0.128218788476,0.128218788476,0.0,0.0159867476283,0.000159867476283,0.216991431064,0.216352598576,0.158902638568,0.28006147664,0.0973127540225,0.159649755481,1.0,0.0,0.999616001629,1.0,0.0,0.0,0.0,0.000383998370677,1.0,0.0,0.999616001629,1.0,0.0,0.0,0.0,0.000383998370677,0.0,0.0,0.0,0.000383998370677,0.0,0.0,0.0,0.000383998370677,,,,,,0.592720970537,0.720739219713,0.128018249175,0.215984005188,1.25440962068,0.3,0.75,0.8,0.975,0.95,0.8,0.005,0.005
C,C3_surface,paired,shared,2000,,0.0,,,,,10000,10000,0,0.592461461185,0.72066214165,0.128200680465,0.128200680465,0.0,0.0153887966971,0.000153887966971,0.217016674145,0.216386531215,0.161315617089,0.277902085799,0.0983730958377,0.158706839399,1.0,0.0,0.999616001629,1.0,0.0,0.0,0.0,0.000383998370677,1.0,0.0,0.999616001629,1.0,0.0,0.0,0.0,0.000383998370677,0.0,0.0,0.0,0.000383998370677,0.0,0.0,0.0,0.000383998370677,,,,,,0.592720970537,0.721053286853,0.128332316315,0.216513878696,-0.85540054496,0.3,0.75,0.8,0.975,0.95,0.825,0.005,0.005
C,C3_surface,paired,shared,2000,,0.0,,,,,10000,10000,0,0.592614258474,0.721374244281,0.128759985807,0.128759985807,0.0,0.0153680488086,0.000153680488086,0.21792203855,0.217274532238,0.16205504746,0.281008575086,0.0993627072619,0.159874258084,1.0,0.0,0.999616001629,1.0,0.0,0.0,0.0,0.000383998370677,1.0,0.0,0.999616001629,1.0,0.0,0.0,0.0,0.000383998370677,0.0,0.0,0.0,0.000383998370677,0.0,0.0,0.0,0.000383998370677,,,,,,0.592720970537,0.721349129594,0.128628159057,0.217013005192,0.857797580488,0.3,0.75,0.8,0.975,0.95,0.85,0.005,0.005
C,C3_surface,paired,shared,2000,,0.0,,,,,10000,10000,0,0.592866183671,0.721791472876,0.128925289206,0.128925289206,0.0,0.0150407228359,0.000150407228359,0.218112091387,0.217461027052,0.163460899542,0.278925997757,0.100388195143,0.158651198647,1.0,0.0,0.999616001629,1.0,0.0,0.0,0.0,0.000383998370677,1.0,0.0,0.999616001629,1.0,0.0,0.0,0.0,0.000383998370677,0.0,0.0,0.0,0.000383998370677,0.0,0.0,0.0,0.000383998370677,,,,,,0.592720970537,0.721628289474,0.128907318936,0.217483985457,0.119477430265,0.3,0.75,0.8,0.975,0.95,0.875,0.005,0.005
C,C3_surface,paired,shared,2000,,0.0,,,,,10000,10000,0,0.592698754242,0.721990054174,0.129291299932,0.129291299932,0.0,0.0146469362598,0.000146469362598,0.21879795089,0.218139989341,0.16430453311,0.278624438014,0.101225010248,0.158490962143,1.0,0.0,0.999616001629,1.0,0.0,0.0,0.0,0.000383998370677,1.0,0.0,0.999616001629,1.0,0.0,0.0,0.0,0.000383998370677,0.0,0.0,0.0,0.000383998370677,0.0,0.0,0.0,0.000383998370677,,,,,,0.592720970537,0.72189213894,0.129171168402,0.217929134995,0.820181967633,0.3,0.75,0.8,0.975,0.95,0.9,0.005,0.005
C,C3_surface,paired,shared,2000,,0.0,,,,,10000,10000,0,0.592600817646,0.721990444794,0.129389627148,0.129389627148,0.0,0.0143804932317,0.000143804932317,0.218992316069,0.218341965274,0.166097133425,0.278833922658,0.101771791615,0.158459416311,1.0,0.0,0.999616001629,1.0,0.0,0.0,0.0,0.000383998370677,1.0,0.0,0.999616001629,1.0,0.0,0.0,0.0,0.000383998370677,0.0,0.0,0.0,0.000383998370677,0.0,0.0,0.0,0.000383998370677,,,,,,0.592720970537,0.722141903915,0.129420933377,0.218350522102,-0.217699275746,0.3,0.75,0.8,0.975,0.95,0.925,0.005,0.005
C,C3_surface,paired,shared,2000,,0.0,,,,,10000,10000,0,0.592228348529,0.721921319292,0.129692970763,0.129692970763,0.0,0.014068563302,0.00014068563302,0.219653392825,0.218991493881,0.167138612924,0.278846153846,0.102738800444,0.158261182358,1.0,0.0,0.999616001629,1.0,0.0,0.0,0.0,0.000383998370677,1.0,0.0,0.999616001629,1.0,0.0,0.0,0.0,0.000383998370677,0.0,0.0,0.0,0.000383998370677,0.0,0.0,0.0,0.000383998370677,,,,,,0.592720970537,0.722378682842,0.129657712305,0.21875,0.25061875366,0.3,0.75,0.8,0.975,0.95,0.95,0.005,0.005
C,C3_surface,paired,shared,2000,,0.0,,,,,10000,10000,0,0.592560486902,0.722787182898,0.130226695996,0.130226695996,0.0,0.0140785474635,0.000140785474635,0.220442906843,0.219769456241,0.16698346073,0.279273263566,0.10289039253,0.158513765317,1.0,0.0,0.999616001629,1.0,0.0,0.0,0.0,0.000383998370677,1.0,0.0,0.999616001629,1.0,0.0,0.0,0.0,0.000383998370677,0.0,0.0,0.0,0.000383998370677,0.0,0.0,0.0,0.000383998370677,,,,,,0.592720970537,0.722603462838,0.129882492301,0.219129234086,2.44488074229,0.3,0.75,0.8,0.975,0.95,0.975,0.005,0.005
C,C3_surface,paired,shared,2000,,0.0,,,,,10000,10000,0,0.592434864052,0.722769257342,0.13033439329,0.13033439329,0.0,0.0143562682257,0.000143562682257,0.220675337487,0.219997844824,0.167204222897,0.280254278102,0.102772023537,0.159003760257,1.0,0.0,0.999616001629,1.0,0.0,0.0,0.0,0.000383998370677,1.0,0.0,0.999616001629,1.0,0.0,0.0,0.0,0.000383998370677,0.0,0.0,0.0,0.000383998370677,0.0,0.0,0.0,0.000383998370677,,,,,,0.592720970537,0.722817133443,0.130096162906,0.219489725137,1.65941719805,0.3,0.75,0.8,0.975,0.95,1.0,0.005,0.005
C,C3_surface,paired,shared,2000,,0.0,,,,,10000,10000,0,0.592329579953,0.73737816832,0.145048588366,0.145048588366,0.0,0.0181561277129,0.000181561277129,0.245600610696,0.244878178088,0.179404713838,0.316630858209,0.109689016654,0.180910613229,1.0,0.0,0.999616001629,1.0,0.0,0.0,0.0,0.000383998370677,1.0,0.0,0.999616001629,1.0,0.0,0.0,0.0,0.000383998370677,0.0,0.0,0.0,0.000383998370677,0.0,0.0,0.0,0.000383998370677,,,,,,0.592720970537,0.737704918033,0.144983947496,0.24460742019,0.356027848833,0.3,0.75,0.8,1.0,0.95,0.7,0.005,0.005
C,C3_surface,paired,shared,2000,,0.0,,,,,10000,10000,0,0.592461434477,0.737950005828,0.145488571351,0.145488571351,0.0,0.0177945132757,0.000177945132757,0.246311089384,0.24556631518,0.180911336301,0.316948331894,0.111204231673,0.180573027632,1.0,0.0,0.999616001629,1.0,0.0,0.0,0.0,0.000383998370677,1.0,0.0,0.999616001629,1.0,0.0,0.0,0.0,0.000383998370677,0.0,0.0,0.0,0.000383998370677,0.0,0.0,0.0,0.000383998370677,,,,,,0.592720970537,0.738122171946,0.145401201408,0.245311383663,0.490993718769,0.3,0.75,0.8,1.0,0.95,0.725,0.005,0.005
C,C3_surface,paired,shared,2000,,0.0,,,,,10000,10000,0,0.59256738337,0.738202061675,0.145634678305,0.145634678305,0.0,0.0173992987817,0.000173992987817,0.246495207332,0.24576897479,0.182770911481,0.315145011694,0.111963700509,0.17961622489,1.0,0.0,0.999616001629,1.0,0.0,0.0,0.0,0.000383998370677,1.0,0.0,0.999616001629,1.0,0.0,0.0,0.0,0.000383998370677,0.0,0.0,0.0,0.000383998370677,0.0,0.0,0.0,0.000383998370677,,,,,,0.592720970537,0.738512035011,0.145791064474,0.245969135092,-0.898807306064,0.3,0.75,0.8,1.0,0.95,0.75,0.005,0.005
C,C3_surface,paired,shared,2000,,0.0,,,,,10000,10000,0,0.592446527094,0.738331280606,0.145884753513,0.145884753513,0.0,0.017069164867,0.00017069164867,0.24695913972,0.24624121645,0.184303308138,0.314742438706,0.112983450543,0.179323522331,1.0,0.0,0.999616001629,1.0,0.0,0.0,0.0,0.000383998370677,1.0,0.0,0.999616001629,1.0,0.0,0.0,0.0,0.000383998370677,0.0,0.0,0.0,0.000383998370677,0.0,0.0,0.0,0.000383998370677,,,,,,0.592720970537,0.738877118644,0.146156148107,0.246585080285,-1.58996996095,0.3,0.75,0.8,1.0,0.95,0.775,0.005,0.005
C,C3_surface,paired,shared,2000,,0.0,,,,,10000,10000,0,0.592388126039,0.739107131238,0.146719005199,0.146719005199,0.0,0.0166437947547,0.000166437947547,0.24838765077,0.247673777967,0.186723270809,0.315557035436,0.11436698733,0.179781135697,1.0,0.0,0.999616001629,1.0,0.0,0.0,0.0,0.000383998370677,1.0,0.0,0.999616001629,1.0,0.0,0.0,0.0,0.000383998370677,0.0,0.0,0.0,0.000383998370677,0.0,0.0,0.0,0.000383998370677,,,,,,0.592720970537,0.739219712526,0.146498741988,0.247163082244,1.3233953773,0.3,0.75,0.8,1.0,0.95,0.8,0.005,0.005
C,C3_surface,paired,shared,2000,,0.0,,,,,10000,10000,0,0.592633901869,0.739401433978,0.146767532109,0.146767532109,0.0,0.0161103438615,0.000161103438615,0.248370788069,0.247652946694,0.187923710281,0.314030856068,0.115276281762,0.178386636221,1.0,0.0,0.999616001629,1.0,0.0,0.0,0.0,0.000383998370677,1.0,0.0,0.999616001629,1.0,0.0,0.0,0.0,0.000383998370677,0.0,0.0,0.0,0.000383998370677,0.0,0.0,0.0,0.000383998370677,,,,,,0.592720970537,0.739541832669,0.146820862132,0.247706542252,-0.331029703277,0.3,0.75,0.8,1.0,0.95,0.825,0.005,0.005
C,C3_surface,paired,shared,2000,,0.0,,,,,10000,10000,0,0.592431540331,0.739844666291,0.14741312596,0.14741312596,0.0,0.016053081958,0.00016053081958,0.249533859004,0.248827275263,0.190321622926,0.31393887353,0.116725051532,0.178881952053,1.0,0.0,0.999616001629,1.0,0.0,0.0,0.0,0.000383998370677,1.0,0.0,0.999616001629,1.0,0.0,0.0,0.0,0.000383998370677,0.0,0.0,0.0,0.000383998370677,0.0,0.0,0.0,0.000383998370677,,,,,,0.592720970537,0.739845261122,0.147124290585,0.248218466863,1.79925185983,0.3,0.75,0.8,1.0,0.95,0.85,0.005,0.005
C,C3_surface,paired,shared,2000,,0.0,,,,,10000,10000,0,0.592709378128,0.740079390791,0.147370012663,0.147370012663,0.0,0.0156134064571,0.000156134064571,0.249392799094,0.248637895908,0.19027168085,0.314148097965,0.117391398959,0.178710863041,1.0,0.0,0.999616001629,1.0,0.0,0.0,0.0,0.000383998370677,1.0,0.0,0.999616001629,1.0,0.0,0.0,0.0,0.000383998370677,0.0,0.0,0.0,0.000383998370677,0.0,0.0,0.0,0.000383998370677,,,,,,0.592720970537,0.740131578947,0.14741060841,0.248701523546,-0.26000570375,0.3,0.75,0.8,1.0,0.95,0.875,0.005,0.005
C,C3_surface,paired,shared,2000,,0.0,,,,,10000,10000,0,0.592617254905,0.740498568649,0.147881313744,0.147881313744,0.0,0.0152761037957,0.000152761037957,0.250286515873,0.249539331703,0.193180722514,0.314286077898,0.119133611423,0.178729614651,1.0,0.0,0.999616001629,1.0,0.0,0.0,0.0,0.000383998370677,1.0,0.0,0.999616001629,1.0,0.0,0.0,0.0,0.000383998370677,0.0,0.0,0.0,0.000383998370677,0.0,0.0,0.0,0.000383998370677,,,,,,0.592720970537,0.740402193784,0.147681223247,0.249158087174,1.30982677273,0.3,0.75,0.8,1.0,0.95,0.9,0.005,0.005
C,C3_surface,paired,shared,2000,,0.0,,,,,10000,10000,0,0.592755703908,0.740720001278,0.14796429737,0.14796429737,0.0,0.014927277317,0.00014927277317,0.250379391073,0.249621043534,0.193720249062,0.313855091656,0.11971813137,0.177964101745,1.0,0.0,0.999616001629,1.0,0.0,0.0,0.0,0.000383998370677,1.0,0.0,0.999616001629,1.0,0.0,0.0,0.0,0.000383998370677,0.0,0.0,0.0,0.000383998370677,0.0,0.0,0.0,0.000383998370677,,,,,,0.592720970537,0.740658362989,0.147937392452,0.249590279078,0.180239957592,0.3,0.75,0.8,1.0,0.95,0.925,0.005,0.005
C,C3_surface,paired,shared,2000,,0.0,,,,,10000,10000,0,0.592239407472,0.740564925571,0.148325518099,0.148325518099,0.0,0.0149191733479,0.000149191733479,0.251195528246,0.250448579117,0.19336974846,0.315069594327,0.119133574007,0.178283292815,1.0,0.0,0.999616001629,1.0,0.0,0.0,0.0,0.000383998370677,1.0,0.0,0.999616001629,1.0,0.0,0.0,0.0,0.000383998370677,0.0,0.0,0.0,0.000383998370677,0.0,0.0,0.0,0.000383998370677,,,,,,0.592720970537,0.740901213172,0.148180242634,0.25,0.973750092808,0.3,0.75,0.8,1.0,0.95,0.95,0.005,0.005
C,C3_surface,paired,shared,2000,,0.0,,,,,10000,10000,0,0.592410479186,0.741000693391,0.148590214205,0.148590214205,0.0,0.0149178294834,0.000149178294834,0.251587403939,0.250823068507,0.193365676531,0.315024554081,0.11960446654,0.178483669299,1.0,0.0,0.999616001629,1.0,0.0,0.0,0.0,0.000383998370677,1.0,0.0,0.999616001629,1.0,0.0,0.0,0.0,0.000383998370677,0.0,0.0,0.0,0.000383998370677,0.0,0.0,0.0,0.000383998370677,,,,,,0.592720970537,0.741131756757,0.148410786219,0.250388958037,1.20277541624,0.3,0.75,0.8,1.0,0.95,0.975,0.005,0.005
C,C3_surface,paired,shared,2000,,0.0,,,,,10000,10000,0,0.592389321681,0.741355958157,0.148966636477,0.148966636477,0.0,0.0151672623121,0.000151672623121,0.25226315451,0.251467457337,0.193637281134,0.317221824848,0.119622772607,0.179833123078,1.0,0.0,0.999616001629,1.0,0.0,0.0,0.0,0.000383998370677,1.0,0.0,0.999616001629,1.0,0.0,0.0,0.0,0.000383998370677,0.0,0.0,0.0,0.000383998370677,0.0,0.0,0.0,0.000383998370677,,,,,,0.592720970537,0.741350906096,0.148629935558,0.250758692448,2.21991887241,0.3,0.75,0.8,1.0,0.95,1.0,0.005,0.005
